article_id,item_id_int
622295001,1344.0
685343001,1974.0
562245034,26.0
507987001,3752.0
607609001,8936.0
652730003,706.0
436083001,4331.0
542982010,2262.0
607834001,1080.0
468480025,3722.0
637194001,3515.0
589556007,12540.0
579751002,3884.0
506903004,11047.0
680220001,224.0
652009003,14649.0
664939001,5990.0
457292020,5130.0
654772003,319.0
631536004,1486.0
664340001,15015.0
446224013,1545.0
523490002,2523.0
581105002,8670.0
588335001,12503.0
597572003,5513.0
592975021,2987.0
692066001,1403.0
620006008,13432.0
701419001,4250.0
651793005,2715.0
675501001,7621.0
584483003,1155.0
633135006,13973.0
646608002,14439.0
630326003,7125.0
616225015,5606.0
659567001,9928.0
593968003,8798.0
662369014,14969.0
642296002,2692.0
508184022,1432.0
675359003,1393.0
622981001,5659.0
454544001,5129.0
501396001,10985.0
671057002,378.0
591334019,91.0
619561010,4697.0
453239044,3716.0
578311001,5436.0
552617006,8319.0
617728002,4688.0
616086002,1235.0
628499001,13805.0
370868012,5098.0
679494001,4214.0
613463003,1471.0
662948003,575.0
559634008,2918.0
687535001,156.0
653633001,4897.0
637739002,4817.0
633130020,972.0
592975003,3913.0
640677003,1495.0
520508001,720.0
570003026,3353.0
636238001,741.0
118458039,4265.0
515136001,11137.0
451720010,10722.0
501616001,2012.0
589764001,12545.0
570431003,12047.0
561817001,2560.0
705032002,1983.0
634248003,7186.0
581153001,8674.0
556015005,11626.0
628979006,9352.0
497513001,1842.0
579395001,12271.0
549391002,11491.0
664836004,10019.0
635677001,2129.0
317812001,2814.0
658514003,9906.0
639545002,5813.0
555318001,11616.0
545396031,5255.0
578876005,4548.0
283236026,10444.0
684105001,1649.0
688873002,149.0
484398077,1548.0
524529004,8174.0
445865001,1133.0
670233009,6034.0
451243012,6273.0
430694018,3707.0
519718007,11186.0
592174001,563.0
600229015,5525.0
301227017,4288.0
632451001,4040.0
635561004,4805.0
668273001,4177.0
545439001,5256.0
305931001,1418.0
662084001,1376.0
572852001,8576.0
686265002,988.0
634704001,9470.0
581831001,4555.0
608210001,4635.0
511783009,6380.0
605777008,3938.0
661806002,3585.0
631590005,1087.0
660369005,454.0
685383001,6113.0
643305002,5845.0
494030013,6340.0
623284002,13579.0
588148002,12494.0
608645003,8945.0
640176002,4085.0
228257003,1414.0
677121004,7631.0
561548034,4482.0
390512018,7850.0
564314022,11824.0
512230004,11108.0
550888001,11516.0
553881021,2905.0
612122001,13134.0
294008005,7787.0
630319001,4767.0
611469001,13109.0
568683001,11977.0
591784001,3388.0
552856002,11552.0
566432001,6597.0
653747001,4130.0
547349005,5261.0
156224002,4271.0
567475001,3347.0
633109002,863.0
456163026,676.0
634037002,7181.0
612075002,655.0
662868003,20.0
538142006,463.0
624121005,2112.0
555351005,8339.0
576714003,12189.0
651336004,2710.0
660308003,1373.0
696826001,10322.0
660994002,3584.0
693466001,7706.0
605290001,12881.0
635844002,4057.0
577513002,3878.0
456245002,7929.0
602293001,5527.0
641891001,1616.0
498735003,8048.0
256151014,1417.0
611351001,5576.0
436570008,1670.0
416175023,7883.0
685278004,3648.0
673275001,3154.0
626263004,2362.0
552866001,6506.0
551336008,5277.0
578487002,1323.0
472064004,5139.0
667316001,4973.0
564793001,5357.0
642882004,14344.0
110065011,2470.0
586896005,5471.0
671186003,7588.0
630915002,9389.0
617280001,3026.0
661313001,9960.0
612055001,13132.0
618389001,3443.0
502186011,157.0
656719003,573.0
639525001,4075.0
618840001,3977.0
672598001,604.0
649328001,9740.0
545258008,1567.0
574874003,3361.0
673638002,96.0
501616088,6357.0
626463002,4020.0
662935002,287.0
631837003,133.0
669034002,814.0
649492005,3091.0
598755011,3395.0
681196001,6095.0
627197003,1171.0
683662008,199.0
664190001,4952.0
664647006,5988.0
607310005,964.0
596517003,8833.0
655691001,375.0
576775006,1013.0
636935009,3514.0
552018007,3310.0
528568002,6430.0
664776003,4164.0
591334020,219.0
626406003,5710.0
615508002,4670.0
624632007,3040.0
612481002,2330.0
626816002,3476.0
559715009,5332.0
569996006,3858.0
634153001,3505.0
320880001,10497.0
508638022,4387.0
637820002,5799.0
618841002,6946.0
612882002,13158.0
220365001,10406.0
539290003,8235.0
595071002,1882.0
639528002,9561.0
677546001,5001.0
542443004,4429.0
644700002,14394.0
614666001,4660.0
675281001,387.0
554450004,330.0
562255001,728.0
653428002,4127.0
637141005,3073.0
297078002,3217.0
615934008,5604.0
700833004,2465.0
564449001,8446.0
578797001,12255.0
500435003,5177.0
626588005,4745.0
711871001,7730.0
457292019,10758.0
640396003,14272.0
587782001,4575.0
604590001,6837.0
386681016,6238.0
628499008,13807.0
693480001,15481.0
455828001,6283.0
578696001,12252.0
644944002,9673.0
651424001,3559.0
677077001,3619.0
620861002,3453.0
653321002,9819.0
556625001,2914.0
647954004,4864.0
630823003,13883.0
567893001,6618.0
580482008,2073.0
678983004,197.0
599729001,3926.0
655710007,1178.0
418545001,7888.0
579541001,83.0
532954003,836.0
613497008,967.0
176754001,7748.0
542730007,1002.0
510465002,8117.0
664746001,5989.0
633136005,739.0
657415002,193.0
665873002,4168.0
621746001,4711.0
379780024,3694.0
657285002,1942.0
615941001,9047.0
676364002,4999.0
660519001,756.0
551379001,6501.0
638777001,1760.0
616849003,5610.0
669105001,7569.0
655259002,452.0
500780011,8060.0
612420006,4653.0
599016001,8863.0
624633003,3041.0
552471033,3313.0
586664005,12465.0
678656002,10207.0
623282005,13577.0
573410004,5414.0
573013002,12105.0
633133008,13971.0
405887028,6253.0
586518006,8729.0
555102001,1005.0
673275003,6056.0
625321003,315.0
633152003,7160.0
189616006,71.0
179123001,226.0
589222001,31.0
604015001,12853.0
497640008,6348.0
560030016,3825.0
587204002,8737.0
640129003,2685.0
634761003,9472.0
413029008,2828.0
562245046,558.0
158340001,885.0
650799002,4114.0
667173002,4972.0
562775001,3835.0
659562001,574.0
697506001,7715.0
631492007,3494.0
417427035,7887.0
635276002,7204.0
564934013,8455.0
570896001,1869.0
572400013,2059.0
586244001,12453.0
622743002,3998.0
640788002,9604.0
696435002,7713.0
560030013,11714.0
635283001,4054.0
677304003,10188.0
485673009,7988.0
633347002,7164.0
300024006,2477.0
651863006,14635.0
678073001,538.0
649323001,4872.0
589924009,167.0
538699001,293.0
573085027,217.0
552346012,1218.0
667491002,52.0
638897001,14207.0
463601008,7941.0
675515001,2184.0
643833002,7310.0
636586002,14119.0
620238001,9135.0
568597008,1010.0
572480003,5407.0
669809001,6030.0
675699001,1395.0
393447009,10592.0
624445002,2649.0
570243001,6653.0
464454011,2499.0
656037001,14780.0
664405002,1109.0
610841005,13078.0
571177005,5400.0
306307005,7793.0
664696003,10016.0
617279005,6932.0
607427006,8934.0
607541003,8935.0
660087001,14906.0
593434003,8791.0
584449001,3372.0
580859001,12308.0
685687001,1.0
701398001,10334.0
567608004,8480.0
637549002,800.0
671491001,143.0
633135005,1752.0
658030006,755.0
666354002,6008.0
691839001,391.0
650974003,336.0
669814003,4182.0
639598004,4076.0
624486001,499.0
579504001,12279.0
570004010,2948.0
662728004,256.0
657476005,806.0
632982013,1352.0
611148004,8990.0
651273003,7373.0
306847009,10474.0
626615004,5722.0
561570001,953.0
671668005,7590.0
537346020,1215.0
672590002,4987.0
625618001,9282.0
615566001,2336.0
708021002,4254.0
646903001,14466.0
572254001,12081.0
564048026,8436.0
569355003,12006.0
648738021,2704.0
615959002,4672.0
688795001,7687.0
465051005,10778.0
637561002,9526.0
663007004,3588.0
632494001,5762.0
552473009,4448.0
594147002,12630.0
606712004,12924.0
500780006,551.0
581162001,1075.0
633130002,154.0
637255001,266.0
555102005,3810.0
571052008,8560.0
644967001,9674.0
663945002,7516.0
678280002,5004.0
568137002,469.0
610729002,6885.0
611364001,791.0
576773008,4541.0
682739001,5018.0
569562005,846.0
679525001,3631.0
655580001,7434.0
662857002,422.0
637223004,1755.0
485689011,7994.0
308158014,4290.0
656763001,4138.0
637549013,1031.0
357751001,2485.0
621381008,658.0
607645003,12962.0
590083004,12556.0
665969001,6002.0
572399006,6660.0
679805001,10217.0
610070001,13046.0
633781013,7171.0
653702001,14714.0
498740017,10960.0
584925004,5456.0
653621001,2156.0
674336012,7613.0
512251004,588.0
626410001,1912.0
606983001,1723.0
554772031,1307.0
516000070,3760.0
656763005,9868.0
639738002,4079.0
632803004,9417.0
648173001,9713.0
624257001,1603.0
626813005,3051.0
611151001,4645.0
624251001,5683.0
669014003,7566.0
651348002,3558.0
567535006,3844.0
485673023,5152.0
570002008,2576.0
573856023,2062.0
182909001,1286.0
660599002,117.0
701981001,15534.0
678065001,4208.0
579365004,6698.0
642189001,9628.0
643344002,9657.0
667127001,2750.0
632813005,9419.0
617788006,6941.0
582165002,4556.0
673707002,4990.0
610185002,1163.0
625075003,4011.0
629396001,13832.0
647585002,5871.0
672957001,1797.0
611945001,13128.0
561067001,4481.0
181448022,2804.0
635238002,7201.0
558986004,4466.0
556255001,1700.0
630416001,5748.0
543054006,6468.0
617289002,6935.0
558514003,11681.0
655347007,1370.0
537688014,1852.0
619081001,1732.0
537346013,591.0
583558001,596.0
659983002,14899.0
577986001,8632.0
617169003,13301.0
610730027,1335.0
512251003,251.0
495573004,1295.0
657135001,3575.0
620908004,9157.0
619236001,4696.0
620951002,860.0
672947004,4196.0
622162001,3032.0
327310014,6218.0
694986001,937.0
606322009,6854.0
398829008,10608.0
529841004,11287.0
499807002,8055.0
639573002,2385.0
603583003,8898.0
599742004,8871.0
370868013,10552.0
481529007,4360.0
534357013,6441.0
558474001,11678.0
546896001,8274.0
633230001,9431.0
514182003,2249.0
417951001,3705.0
692679001,7703.0
188183001,1660.0
564312001,11817.0
620448001,13457.0
564310005,5350.0
635644002,4806.0
561210001,11738.0
685683001,41.0
549607002,1068.0
555364003,616.0
664074001,280.0
568601006,46.0
658502001,5958.0
490793027,6332.0
554704006,413.0
626443002,7071.0
555326010,2268.0
673638003,269.0
519929006,2867.0
542402001,641.0
494030020,2850.0
560268001,785.0
670655001,340.0
579541031,1014.0
681667002,15357.0
698272001,3194.0
646585001,14438.0
685399001,2450.0
619884014,6964.0
520175004,8156.0
367376002,7832.0
671143001,6041.0
615217003,3963.0
649369002,9741.0
495680002,10938.0
609277001,13020.0
293433002,1202.0
682285001,10235.0
591667001,8779.0
547429001,6486.0
654414002,4131.0
625483001,13680.0
523936004,8169.0
606696001,1079.0
684325001,5024.0
659204002,9917.0
640424001,14273.0
681358001,2779.0
662253002,923.0
568601020,955.0
667378002,603.0
611415003,3421.0
605092009,1333.0
602409009,12837.0
637820001,1033.0
606712001,6856.0
567479001,2284.0
446224002,214.0
399061012,3702.0
599580004,3397.0
111586001,130.0
674002001,2435.0
677304002,7633.0
673806003,6060.0
687524003,3183.0
559129008,2041.0
560209004,8403.0
567993019,8502.0
516000002,1684.0
646225001,14430.0
619353006,13398.0
650511003,4113.0
629426001,5738.0
619258002,9105.0
689980002,2792.0
566549010,3841.0
468977003,6296.0
610776020,2095.0
651490002,9779.0
634013011,5774.0
673285001,10145.0
633377001,2668.0
460363016,10768.0
629365001,3057.0
549263006,2538.0
658472001,7464.0
583215001,12366.0
634744001,7192.0
323274002,3222.0
507431029,11052.0
573410001,8584.0
644522001,2695.0
616708004,4677.0
714417001,1408.0
573085020,16.0
487932024,10892.0
673771002,7607.0
665095002,302.0
399136004,59.0
516000044,1213.0
671695001,6046.0
637661003,503.0
680810001,170.0
657203001,870.0
610730021,2094.0
670286001,4185.0
565481002,6594.0
625432001,5701.0
633870001,4047.0
635673001,2128.0
624688001,5690.0
651893003,5910.0
630037008,13855.0
714379001,1535.0
519789001,2021.0
565202014,11861.0
594987002,1717.0
413911001,10651.0
676512002,15274.0
609469001,13025.0
594541007,4596.0
532851001,8202.0
653590001,3106.0
681815003,3175.0
661794001,455.0
602722001,8895.0
471074002,6300.0
632523002,797.0
636323005,1612.0
573420001,8585.0
325087044,1542.0
649059002,2146.0
396135048,7860.0
619502001,1341.0
488012029,8011.0
449897018,10707.0
690783004,15448.0
610822019,8982.0
615092001,2334.0
430596001,7892.0
637149005,14154.0
640154003,2686.0
551045036,5276.0
639667005,14243.0
607670001,12966.0
519749036,8152.0
610671003,3417.0
630141002,3060.0
626702008,2660.0
622046005,13532.0
567725002,11935.0
631653001,4038.0
606409001,12907.0
501619006,5180.0
643282001,9656.0
623632002,1739.0
667411003,6015.0
635346001,5788.0
530176001,3775.0
626410004,4739.0
505507012,5186.0
554757003,1441.0
552370001,6503.0
658295002,4142.0
685631001,4225.0
648630002,3549.0
627563007,1746.0
493438021,5164.0
417951005,585.0
688508001,6123.0
589222003,105.0
661806001,1782.0
564787001,68.0
638039001,866.0
670390001,15146.0
612075007,2328.0
583060001,734.0
586011008,5463.0
559139004,6543.0
591100001,3910.0
493995001,3272.0
578487012,2069.0
618682007,5626.0
652708002,2717.0
579541009,3883.0
552471004,2033.0
662369005,7495.0
678260005,427.0
564343001,11829.0
623997001,5676.0
609837004,8961.0
598691001,8853.0
640149001,14257.0
615367010,1165.0
638224001,14192.0
663331002,14992.0
653275012,7405.0
715244001,10369.0
622284003,3995.0
632290003,7148.0
669713007,4978.0
651285001,4879.0
645486001,3537.0
617534004,3973.0
682550006,5017.0
608261001,3410.0
664776007,10018.0
654620001,5934.0
630037009,13856.0
679128002,15324.0
649662002,5893.0
671037001,1522.0
608028001,12980.0
662917002,14982.0
578630009,6694.0
556552001,8356.0
648627003,9723.0
672498003,2763.0
164912035,10384.0
628816006,9348.0
397068015,547.0
677341001,3620.0
212629040,1200.0
662857001,404.0
409730006,10641.0
639908001,4832.0
554772015,1442.0
622958003,692.0
688910001,543.0
643657001,2693.0
563027002,6564.0
433444001,3248.0
644362001,4849.0
633153004,1753.0
599580012,4610.0
554477005,1139.0
651253001,7372.0
639685003,569.0
565338002,3345.0
666578008,7551.0
555276003,11612.0
579751009,12281.0
549251004,4436.0
659325002,9922.0
554479001,3314.0
622295005,691.0
611144021,6892.0
687169002,1975.0
552473029,1302.0
575957001,8607.0
493103018,3742.0
509091022,5191.0
639190002,14217.0
638248002,7238.0
716419001,10371.0
583800016,12377.0
411758014,2827.0
562498004,5344.0
670752002,4983.0
668213001,10071.0
546773001,11448.0
665212003,2747.0
471641003,7954.0
628621001,9341.0
486639004,7999.0
633767001,14015.0
547429003,11455.0
616711005,2339.0
640168001,9582.0
583976001,1590.0
656686002,3573.0
622956005,9195.0
671022001,195.0
456163018,2232.0
607732001,12971.0
623277004,9208.0
640020003,4082.0
495393002,10935.0
561797001,2046.0
594167001,12631.0
416511016,3244.0
594834001,2988.0
541519001,272.0
312543001,491.0
625819001,908.0
666448005,1183.0
617919021,2101.0
651082010,804.0
651256001,14609.0
652000009,9793.0
597524003,6803.0
501616007,945.0
643975003,1934.0
642979001,14350.0
507706003,3279.0
712838008,6159.0
570033002,5396.0
639888002,7260.0
604640001,6838.0
514482002,2518.0
636892002,2134.0
632665001,2124.0
639835002,3523.0
588956001,12522.0
576859004,4543.0
694645001,6141.0
494428012,8029.0
678407001,7638.0
700840002,10332.0
505221004,2014.0
664421002,10012.0
567594001,237.0
214844001,1661.0
728162002,884.0
653567001,1500.0
650279001,1100.0
498061007,10955.0
552473021,412.0
562252031,842.0
652924005,4895.0
609650002,3947.0
680499002,3633.0
664133003,1953.0
662160001,14964.0
638532001,1759.0
477163010,7961.0
670316001,6036.0
560213002,3331.0
616808001,3435.0
534357015,3778.0
148033001,991.0
611150001,6894.0
649495001,7361.0
630696001,4769.0
644828002,5860.0
347975001,6226.0
711582001,7729.0
496111019,5170.0
510126010,1681.0
624645005,4727.0
456163028,135.0
674543001,6066.0
618899002,6948.0
624443008,13633.0
689390003,3656.0
508570004,11061.0
611144020,6891.0
697486001,3192.0
627302004,5725.0
685548002,2451.0
620094001,9129.0
481696001,6317.0
581086004,1015.0
684588007,1275.0
573284061,3864.0
399201005,10.0
616030001,3023.0
584631020,6729.0
651756002,9783.0
624120004,3465.0
651558010,3098.0
618398011,3444.0
657759002,1039.0
585413001,4564.0
636455009,106.0
579302001,313.0
657063001,2723.0
695707001,6144.0
569978002,8539.0
562252004,2049.0
580000002,1875.0
539291001,3784.0
595115001,12662.0
607347007,6861.0
521978001,3288.0
562245023,3336.0
659306002,9919.0
607367011,3005.0
593829003,2600.0
622961002,13571.0
570900001,3356.0
492899005,10921.0
581127006,12311.0
237347004,546.0
692992002,1531.0
551877001,11530.0
552471029,2034.0
486765004,8000.0
598795014,2320.0
657195001,666.0
600229001,3400.0
654436002,7419.0
623474001,9217.0
657476002,321.0
664942001,7528.0
617645010,5618.0
494030019,10929.0
641741002,2690.0
565379004,1449.0
633136003,568.0
604655006,3001.0
499368006,6352.0
608776002,654.0
560221011,2557.0
560221025,6548.0
673677004,1114.0
666651012,4969.0
619280009,9108.0
609301001,4636.0
587278001,6753.0
728146001,7738.0
438702001,3250.0
547937008,11466.0
560216002,11722.0
666328001,4967.0
654257001,3107.0
672096001,15183.0
519847011,5209.0
266875006,2809.0
576859003,3875.0
648624002,9722.0
562192001,6558.0
649242001,7356.0
640244003,112.0
650578001,868.0
522398023,2022.0
615491005,13215.0
633148004,1489.0
400246011,718.0
610744009,1336.0
599716001,962.0
554141004,1699.0
664338002,2744.0
515991007,2521.0
633136006,1610.0
504152001,833.0
647982002,2699.0
593829031,4595.0
341452001,768.0
633136009,1174.0
676754001,10183.0
589541001,8754.0
463970023,2497.0
663282001,9986.0
637266003,3074.0
672890003,186.0
688873018,824.0
640124001,1097.0
644783002,2696.0
549265001,3794.0
628426003,7097.0
684210002,1650.0
671186001,2755.0
664337001,15013.0
571598015,12067.0
673643002,1964.0
615018001,3960.0
662075001,2172.0
598517002,2991.0
656749007,7447.0
608483001,2616.0
528272001,8193.0
680336002,10221.0
601595001,1886.0
626650003,7082.0
379780038,3695.0
665620001,7540.0
571198001,6654.0
597045001,8839.0
395575001,1829.0
651911002,7386.0
610776024,738.0
601102001,364.0
372576011,6233.0
631744003,1173.0
580041001,4551.0
685284003,408.0
624066001,9233.0
640020001,3524.0
399256023,1060.0
620182001,3449.0
655710006,919.0
539286001,3303.0
642739002,1253.0
651276001,1364.0
594264003,652.0
661095001,757.0
624661001,7038.0
399136033,996.0
667395002,10059.0
672054004,1642.0
685347003,2196.0
560208006,8402.0
645626001,4853.0
694672001,10310.0
590083014,12557.0
624123003,5680.0
619502002,5632.0
700862001,1817.0
617426002,4683.0
561797004,11761.0
678224001,15303.0
561813004,5340.0
700822003,3666.0
508184016,2246.0
562252032,1862.0
636359001,14108.0
541519026,2882.0
643999001,14373.0
531310002,2256.0
445419009,3251.0
663003005,405.0
567475004,2567.0
522398050,1214.0
495949002,5168.0
570004045,12033.0
573695001,4536.0
552346014,1698.0
617280003,6934.0
605571010,8918.0
662696003,4155.0
634332005,501.0
691208001,936.0
564418002,1863.0
676756001,15280.0
647416005,4105.0
541706002,11387.0
624634001,2115.0
548613032,6492.0
539723003,152.0
666327008,10045.0
659460001,2416.0
714416001,3201.0
628920004,4026.0
626406002,9303.0
567760004,11938.0
636586001,9507.0
603584011,2090.0
567411012,8475.0
441386008,5122.0
672287004,15185.0
365102032,5096.0
569997016,8545.0
618180001,3442.0
211143022,1287.0
660519003,1041.0
519773002,3766.0
640807003,802.0
610776017,2621.0
639104001,4822.0
603145001,1330.0
616708003,2338.0
513257013,5197.0
399223025,770.0
534181005,590.0
453358001,675.0
589599021,5483.0
570002028,8549.0
696545005,2797.0
539296001,4424.0
615970003,3432.0
487275017,10889.0
544116002,515.0
509210005,6376.0
683718003,6105.0
471077001,1064.0
555550003,6522.0
663355003,1510.0
614854001,1898.0
666223002,3140.0
588232001,6756.0
417427026,7886.0
662866001,3126.0
655843002,7437.0
624486010,1909.0
640244002,662.0
626813009,4746.0
485552001,10864.0
569516006,8528.0
559601002,2277.0
649746001,14570.0
294008002,1540.0
663368001,2423.0
665477002,100.0
568597009,80.0
640252004,1494.0
640727001,1360.0
619138001,13378.0
647804001,212.0
671505004,33.0
627108001,4749.0
653291002,3103.0
565259003,5361.0
640674001,14284.0
652671004,2151.0
656059004,4913.0
537612026,1138.0
316553025,6215.0
682204001,6099.0
662344003,1377.0
665303001,1043.0
591334001,2308.0
597471007,6802.0
633808001,4046.0
575495003,1585.0
581154001,12314.0
582210001,12345.0
466595003,5137.0
625818003,13711.0
635467003,14082.0
676512001,7627.0
621340001,13484.0
642502001,9636.0
658909002,3116.0
565017006,11853.0
559129003,3822.0
411413001,2826.0
556528010,5311.0
622981004,5660.0
617735004,13326.0
620434003,6975.0
503569001,8074.0
568594004,11971.0
556528008,5310.0
680604003,1807.0
696446002,10321.0
675827001,818.0
681815001,540.0
679655001,381.0
705115001,15550.0
588126001,4577.0
636455008,1357.0
703843001,2466.0
590951010,6771.0
240561001,887.0
626813010,696.0
443696001,7902.0
714411001,1283.0
636482001,14115.0
688341001,3654.0
522918006,3290.0
644803001,7321.0
656401001,4914.0
508929001,11066.0
678974002,7641.0
628458001,13804.0
623842001,5671.0
564314019,5353.0
581228002,3890.0
639672003,9566.0
598811003,8860.0
715240001,1284.0
485537021,2845.0
626380002,2654.0
684851003,1526.0
664190003,7519.0
430694019,10677.0
669915001,15130.0
578599008,12248.0
473034010,7955.0
594978005,12660.0
576656004,5428.0
549253002,8288.0
618116002,9085.0
507909008,1554.0
576661008,8612.0
701496001,10335.0
650714001,3555.0
594978001,8810.0
584449005,3373.0
548546029,6491.0
225784001,2806.0
687427001,409.0
665477003,185.0
630316008,2369.0
619739037,6962.0
627563006,7092.0
557248009,1142.0
663942001,534.0
672054001,10131.0
624486003,3467.0
617835006,1236.0
685347001,389.0
661589001,3123.0
657116003,3111.0
678995002,6089.0
616088002,1022.0
588330002,12501.0
558407005,6532.0
674601001,2182.0
659320001,5961.0
487050024,8001.0
651344001,5903.0
514865027,11133.0
391750012,6241.0
464908002,1062.0
458393001,4345.0
610709001,6883.0
626444001,2117.0
504152011,11019.0
687034002,3651.0
564934012,2933.0
386678003,7847.0
641039001,7286.0
396135046,5105.0
654238001,14736.0
588565001,6758.0
595928005,8826.0
617835005,3438.0
675181001,15249.0
610671001,737.0
505071001,8080.0
640556001,7279.0
592172007,202.0
640251003,3081.0
644783001,918.0
656015001,1260.0
651913002,4890.0
661493002,14943.0
592291002,2985.0
567990010,6619.0
586257002,2975.0
669358001,1112.0
576773017,1586.0
651337001,1773.0
689982001,2457.0
701580001,3196.0
637158001,7226.0
642975002,5841.0
592291001,5490.0
610726001,6884.0
653567003,2155.0
511105001,8120.0
639448005,5809.0
539723007,181.0
517729037,5203.0
655252002,7426.0
672016003,2433.0
646825001,14463.0
449123052,7911.0
592773001,12605.0
578739002,12254.0
468480002,6295.0
462086004,10772.0
704042001,2467.0
598795015,4608.0
612988003,13161.0
604068001,8904.0
540768015,4425.0
564283001,11811.0
565251001,11864.0
692203001,3660.0
640639001,2387.0
652731008,1366.0
590920002,2980.0
651244001,705.0
628930001,368.0
657285005,4917.0
650682001,704.0
549253007,4437.0
635273002,1246.0
670279003,3607.0
678342001,1118.0
568137004,1147.0
607537001,3944.0
567993020,1865.0
648414005,7349.0
554141001,2906.0
703629001,15543.0
551462012,8307.0
638355001,9536.0
561797002,2926.0
253448001,609.0
669360001,3600.0
699810001,15525.0
618665002,9091.0
633051007,7158.0
608221001,8942.0
644873001,14400.0
629764003,2368.0
592241007,6778.0
543062004,6469.0
629679006,1916.0
643702001,4846.0
568869002,2941.0
712838006,1984.0
665713001,1110.0
637526001,14171.0
508227020,2857.0
633749001,9443.0
570579007,8558.0
636935001,2135.0
564786020,901.0
678073002,178.0
108775015,72.0
487932038,3740.0
639192009,233.0
635418002,1924.0
671776001,10122.0
693208006,4243.0
637549004,419.0
542695004,1439.0
578020002,6686.0
554772003,243.0
606022001,398.0
635742002,5789.0
566941004,5370.0
589222002,1594.0
537895003,3302.0
452616009,4341.0
355569043,1421.0
624006001,9225.0
658254006,2165.0
532955001,3776.0
644035001,14374.0
616711001,3433.0
548110002,2264.0
634196001,7185.0
601284002,685.0
675378002,1967.0
465862001,10780.0
662328001,810.0
341782023,5089.0
618017001,9083.0
318035017,2815.0
559212002,5328.0
572127013,3861.0
476315038,10815.0
333323015,5085.0
722059002,6161.0
683416001,4220.0
606391001,5538.0
648904002,1361.0
598232001,12741.0
666352004,7549.0
625773003,599.0
602409006,3402.0
562245058,360.0
630116017,1747.0
615280005,6918.0
549256001,11487.0
478549001,165.0
622678005,3458.0
534165008,6440.0
563821001,11799.0
625311006,1085.0
656975002,2409.0
629023001,9353.0
636926001,1358.0
643833004,5851.0
682739002,3638.0
251510001,1416.0
626406004,13734.0
564787018,1579.0
643739002,2389.0
554598026,5301.0
646824002,14462.0
651517001,2400.0
451650001,4339.0
567572003,11923.0
626445001,13743.0
638981001,7244.0
646272001,3540.0
563204001,6568.0
648616001,5881.0
628816002,9346.0
651327002,9770.0
612004002,3016.0
660726002,9945.0
684825001,5025.0
702982001,4252.0
621523001,9170.0
673771001,10150.0
637566003,14176.0
244853002,3683.0
608952004,116.0
654434002,4901.0
625316006,2116.0
658183001,194.0
557908013,11664.0
609598006,4640.0
541519024,2881.0
637348001,14165.0
633781006,2125.0
657116001,2162.0
634009010,7179.0
605020002,2322.0
638282001,9535.0
565036008,6588.0
635561003,2126.0
595779008,565.0
224337001,5070.0
308158008,7797.0
612004001,4651.0
567992021,8500.0
597596005,4606.0
348442015,10522.0
272591001,1821.0
675379001,10168.0
559649001,3330.0
616222001,9049.0
607541002,2325.0
669713004,1386.0
679989002,15337.0
668321001,4975.0
551515002,5281.0
573284064,12111.0
482660018,10841.0
518318002,8149.0
546519008,6482.0
533425001,11314.0
667916003,6019.0
531862003,3297.0
509042005,6375.0
649203001,14548.0
526512008,11265.0
617311006,9068.0
657415004,1504.0
580301001,3368.0
588533002,5477.0
643588001,9661.0
637103001,1095.0
634320006,3067.0
597513003,12726.0
651793001,1626.0
578487011,519.0
589004004,8750.0
617426004,4684.0
621295001,9164.0
673638005,235.0
403479001,2825.0
654193001,5931.0
678291006,3627.0
613246006,2331.0
658850002,1945.0
694966002,1654.0
611815001,1337.0
684675001,10254.0
502941004,6360.0
684307001,15380.0
657283002,3576.0
624444002,13634.0
663830001,9998.0
670645001,10107.0
429322001,6262.0
628535009,13808.0
648950002,2395.0
658487002,4924.0
577985001,12228.0
301517036,2478.0
619502005,5633.0
560214001,4476.0
569540001,6636.0
628813001,4757.0
675875001,7625.0
598423001,6808.0
665953001,2749.0
718731003,15575.0
611415005,131.0
516712001,677.0
448515018,411.0
635957003,914.0
629551004,3058.0
687260001,489.0
660698002,4934.0
607834002,496.0
635918002,14092.0
671057003,1639.0
551504001,5280.0
588681001,5479.0
688873004,714.0
463970010,637.0
634249002,1029.0
543035002,11413.0
446224001,1671.0
678789001,1272.0
635084002,2672.0
507909023,1555.0
613147003,6905.0
707611001,3198.0
663695002,3133.0
635676001,3068.0
657200001,5949.0
484108006,10846.0
560047001,2920.0
341129001,1543.0
658955002,3579.0
485542005,5151.0
592291004,5491.0
661035001,14938.0
611144023,5572.0
677095001,10184.0
613569002,4658.0
669429001,3601.0
609469003,4639.0
625468003,7051.0
650951001,7369.0
567869002,8495.0
656668002,14805.0
673677001,1644.0
449099024,4338.0
244267032,3210.0
539878003,893.0
636420001,5792.0
637255010,369.0
644522002,9671.0
637549005,43.0
671505002,6.0
552473037,273.0
509668001,5193.0
630116008,500.0
189634001,86.0
524770004,4412.0
668466001,4976.0
513257010,4390.0
637158002,2677.0
565200029,3839.0
560222016,4477.0
619978001,9128.0
351933001,940.0
673462001,7605.0
553611006,4450.0
350911001,5091.0
570781003,681.0
617835003,5622.0
636587006,4810.0
574752003,4539.0
640807002,403.0
635084001,1176.0
616070002,6920.0
675209007,6067.0
547780004,3791.0
587782005,2080.0
327821035,6219.0
612305001,3957.0
592975010,1464.0
625532005,13690.0
373506019,7836.0
337991002,6223.0
598859001,263.0
634332007,661.0
637005002,9515.0
218829015,10404.0
307656008,10476.0
253448002,4282.0
628633001,5733.0
558953005,6535.0
645126001,14407.0
692210001,1279.0
573716040,67.0
571052001,3357.0
624636002,7036.0
399256002,584.0
641008013,3528.0
551045040,4439.0
558986001,1446.0
630696004,1605.0
688873006,1123.0
636938001,401.0
579541027,1325.0
446224011,5123.0
507883009,2017.0
652657001,3100.0
557248005,724.0
637661002,370.0
591702004,2598.0
688826001,5032.0
581162008,238.0
658841001,3115.0
660308004,4931.0
485973011,2006.0
604501001,12862.0
586219005,12451.0
608061001,12981.0
687369002,15415.0
573888001,8591.0
633535001,13999.0
563571001,5347.0
352811001,4305.0
590929001,2305.0
639833001,4827.0
333323038,5087.0
566941002,5369.0
589305001,12530.0
255396006,3212.0
567728006,1316.0
678983008,1647.0
650279002,3094.0
590920001,3385.0
558246003,517.0
577992006,732.0
656734005,752.0
692747001,6138.0
657628001,5952.0
594997001,2087.0
581781010,1326.0
391772001,3237.0
562761001,2930.0
579692001,3367.0
666061003,4964.0
572400003,1318.0
559018004,2917.0
213691083,6172.0
687424003,138.0
559630004,8391.0
668640001,10079.0
568861008,4513.0
655003001,14756.0
671800001,6047.0
633017001,13967.0
615939001,2630.0
633025001,5766.0
558512012,2550.0
690498002,15444.0
660757001,14930.0
607032001,2323.0
616543005,13261.0
562245043,1144.0
499802004,8054.0
629771001,7115.0
577033007,8623.0
627107002,7089.0
564754001,2932.0
241602003,7771.0
683356001,10247.0
570003006,5395.0
211143037,1413.0
619580001,3981.0
661794002,421.0
592975013,495.0
638204002,9533.0
282832001,1539.0
482638017,2844.0
680186002,148.0
647268004,4101.0
657291005,627.0
627092003,7088.0
569997001,4517.0
655347006,2719.0
654704001,7422.0
648627002,5882.0
626346003,3044.0
619148003,5630.0
631170003,7135.0
627579003,9332.0
678995001,7643.0
662441001,9974.0
553092013,5293.0
559619004,5329.0
676166008,2771.0
607968004,12975.0
316441001,610.0
657415005,1505.0
672383002,2761.0
611479004,8995.0
611148008,5574.0
625818002,2360.0
654284004,4900.0
608483006,8943.0
689298001,3655.0
156224001,10380.0
591444007,8775.0
581213003,6714.0
690478001,102.0
659295003,1781.0
598795018,1018.0
400246010,1203.0
546579001,2889.0
719017002,2213.0
669893001,3604.0
504154022,436.0
675095005,1268.0
613521002,1082.0
543054009,2534.0
592959010,2986.0
384851013,1668.0
662866002,2740.0
580469003,5441.0
652221003,4892.0
615141001,1900.0
510075007,2247.0
590416003,8765.0
373493010,10554.0
676705003,15278.0
643271002,14357.0
564312010,4491.0
678342002,1398.0
626052010,3472.0
605010001,12871.0
641312002,2688.0
596391001,6798.0
622162002,9181.0
613781001,13173.0
533775002,6435.0
610776002,12.0
608483002,653.0
400285006,271.0
633130007,1088.0
662628001,9977.0
568597018,559.0
584483001,683.0
293244008,7784.0
373506008,2486.0
507676003,11053.0
612170001,367.0
567535005,6609.0
595779010,788.0
586203002,8727.0
550471019,3796.0
683987001,7659.0
627092001,5723.0
598848006,2995.0
564417001,6581.0
559080002,594.0
632516002,4041.0
637268006,255.0
562245005,727.0
569246001,2573.0
665972001,10042.0
628920001,3056.0
629396002,13833.0
553092003,6507.0
531615002,5223.0
599083002,5519.0
592743038,12603.0
635789002,3512.0
639715001,7257.0
636407001,2676.0
663007001,3128.0
569242002,12003.0
333323008,7810.0
625630002,13695.0
684044001,5020.0
628761001,9344.0
573284053,1319.0
661120002,9954.0
577992001,12229.0
176550020,10387.0
581777008,218.0
316657008,3686.0
622618004,968.0
565379021,1706.0
666115001,15063.0
661435002,168.0
661166005,809.0
681718001,2193.0
672320001,3151.0
551504002,3309.0
586955022,4571.0
668767004,377.0
481245003,2236.0
529008011,1849.0
516000035,1434.0
594834002,2086.0
690566005,4240.0
634317001,14040.0
560222011,2558.0
351484002,236.0
626815002,4747.0
710059001,3199.0
561445006,1071.0
293244002,6199.0
398074065,5106.0
570143001,12037.0
534164002,6438.0
633150001,1920.0
632193002,7146.0
510018004,1211.0
680846001,5011.0
652196002,3562.0
668628001,10078.0
564792012,4494.0
472064016,10804.0
623397001,2646.0
634716003,9471.0
499368002,8052.0
585440002,12430.0
569997012,8544.0
569525001,4514.0
638657005,974.0
567884001,3847.0
673281001,7603.0
548111006,2031.0
394522001,1544.0
608007003,12977.0
622094002,6992.0
694069001,7707.0
660900001,14934.0
671027002,2754.0
610926002,13084.0
568862002,6633.0
484108012,3269.0
653404003,9821.0
539723001,22.0
657395002,222.0
583351005,1715.0
640299002,5823.0
573716033,363.0
582751001,8692.0
691574001,990.0
630200002,13862.0
634320003,660.0
656213003,2408.0
374762021,10555.0
581117001,6712.0
563479001,5346.0
458543001,944.0
685382001,7667.0
554546015,2036.0
449897042,2834.0
618008001,13341.0
507910002,1136.0
616705002,13268.0
651465003,9776.0
670233004,4980.0
584940007,5457.0
658628001,9910.0
635238001,5786.0
325027011,10501.0
661136002,7487.0
672491002,2762.0
691177002,7698.0
451774001,6275.0
673901006,3614.0
481912020,7970.0
649445004,5890.0
674681001,15242.0
629760002,4763.0
665477001,18.0
552716009,4449.0
532578008,1000.0
358483006,10535.0
697997001,10327.0
558996001,5325.0
515158003,1683.0
532578020,556.0
576775012,1587.0
539723006,48.0
578997006,12258.0
510075010,6378.0
613521001,4657.0
579541041,2297.0
627379002,3480.0
657933001,5955.0
532612003,11303.0
490176001,5159.0
635049003,9476.0
613246003,792.0
580529001,12302.0
669268001,10084.0
450056007,3253.0
625311008,693.0
622958001,3036.0
637515008,9524.0
510074005,8110.0
671453002,2432.0
564309002,8438.0
652361002,3563.0
666254001,1381.0
400296012,4319.0
663355002,7508.0
557247020,6528.0
485678032,2846.0
659816002,14892.0
641199001,3084.0
570339001,12044.0
678992002,7642.0
597424001,5510.0
684588008,3645.0
578816004,8645.0
671011001,536.0
591334014,275.0
596400008,12705.0
549333007,2539.0
573716002,142.0
469137001,259.0
623284005,9212.0
711521001,882.0
626713001,4021.0
568253001,2287.0
652742004,2402.0
630116004,190.0
562914005,3338.0
584992001,2592.0
399087017,611.0
597035001,2318.0
610314001,2093.0
469658009,1063.0
553873013,11567.0
665201001,3593.0
563161008,8429.0
584989003,12420.0
690498001,4239.0
616733001,794.0
636603002,14125.0
626702001,7084.0
504154001,1551.0
678518001,3628.0
634016017,3503.0
624544001,9255.0
614423001,13187.0
686972001,3650.0
654263004,9831.0
611030002,6890.0
684083003,5021.0
564934008,6587.0
626446001,5719.0
632811001,4783.0
652277001,7395.0
649510001,9744.0
633133002,5767.0
653053001,9811.0
495030002,5166.0
600699001,12805.0
654564004,4904.0
654581002,9837.0
578374001,1872.0
527687006,3295.0
616088013,3968.0
637515002,173.0
680492001,3170.0
663515001,9992.0
638204001,2679.0
566592010,8471.0
558980005,6536.0
243613004,324.0
613246004,265.0
630116003,4030.0
700861001,15528.0
639576002,1761.0
648630003,9724.0
645065015,1255.0
355072001,93.0
629420002,1350.0
691555001,3186.0
687524002,343.0
625345002,1910.0
596955004,3923.0
633498001,13996.0
599037001,12768.0
588659003,8746.0
568931007,11991.0
562914001,6562.0
648614005,14521.0
692155002,3659.0
660988001,14936.0
604189004,8905.0
568174037,5384.0
665389001,7537.0
621251001,13478.0
534164003,8217.0
544627003,4431.0
432984001,4330.0
610097001,8963.0
578846003,8648.0
685284001,200.0
562252014,349.0
563276003,11787.0
681264011,6097.0
179950001,248.0
594541002,904.0
652355001,4893.0
624512001,7029.0
660927001,5967.0
672625007,4194.0
661435001,376.0
578041001,8634.0
639478002,1250.0
640134004,1492.0
552826027,3801.0
429313013,674.0
644362005,4850.0
613405001,5586.0
560222002,2923.0
621018003,6980.0
581979005,6720.0
572127021,5405.0
523490003,3292.0
681196003,1400.0
473954005,6303.0
147339034,6162.0
657118001,5948.0
551372001,11521.0
667770003,7559.0
714422001,10365.0
703991001,1125.0
669993001,2178.0
642651002,4843.0
526158005,11256.0
663236004,2422.0
671503001,4190.0
656595001,14800.0
580041021,6706.0
619561013,5634.0
650274004,1770.0
616559003,13262.0
610234003,8966.0
651913003,1774.0
488311001,10900.0
613551002,1472.0
573284054,3863.0
552471023,438.0
687965001,4235.0
686265003,935.0
620981001,4710.0
566941003,3842.0
694966001,1976.0
665509002,406.0
429313002,1999.0
617758004,3028.0
676756002,15281.0
651697004,14631.0
666221002,15066.0
510018002,2861.0
591334010,3911.0
594987010,1881.0
628785001,4755.0
517585004,11167.0
671646004,15164.0
583534013,2300.0
620337050,9142.0
624661002,7039.0
591068001,12569.0
596877001,3393.0
608438001,2326.0
680912009,225.0
651456003,5905.0
619739008,6961.0
667697001,2753.0
656719005,123.0
638899001,402.0
649683001,9749.0
621251002,9163.0
640478001,9593.0
620424023,4704.0
633136001,13974.0
510398014,8115.0
636207001,7209.0
607036001,12931.0
626815001,7086.0
651456005,2150.0
668321002,10073.0
688508002,15430.0
665506001,10034.0
620208002,3450.0
651456002,4883.0
670300001,7580.0
656377002,3110.0
592172008,2083.0
615021001,3430.0
655248001,14763.0
429313008,1426.0
561815002,2048.0
110065002,4262.0
442915008,6264.0
643344005,9658.0
635958001,14095.0
568556002,8506.0
630319003,13865.0
623564001,3462.0
657856001,14843.0
485551003,7986.0
667499009,3145.0
665877001,6001.0
505220001,8082.0
533844001,11318.0
493438014,8024.0
631418001,9392.0
529841002,8196.0
351933041,6228.0
611062003,5570.0
616799001,9057.0
504960001,11028.0
610623001,13065.0
656668001,9866.0
626442009,3047.0
633133007,9423.0
564934009,8454.0
663396002,247.0
603401002,1331.0
557247003,840.0
591201001,1328.0
577314002,850.0
595779002,97.0
568808001,297.0
651723001,9782.0
399087015,548.0
617534006,1083.0
564313003,5352.0
334077001,2481.0
457039007,7930.0
662344002,629.0
663016003,1263.0
599489003,1720.0
644464002,803.0
687260002,430.0
609719001,98.0
687061002,4227.0
650974001,2149.0
640554001,7277.0
574212001,1322.0
508931035,5189.0
671515003,928.0
478549005,3726.0
674913003,4204.0
685681001,3179.0
564312013,11819.0
551413002,11523.0
582450001,12350.0
609598007,8957.0
572480004,2060.0
568808003,11984.0
482130002,10838.0
665657001,10037.0
639778009,9571.0
671852002,4985.0
618800002,4694.0
571177004,8561.0
237347027,7767.0
707664001,10351.0
687270002,3652.0
615085004,1899.0
651863004,4888.0
399136009,45.0
684890003,3646.0
484398001,207.0
564311002,3836.0
639192002,74.0
651558006,4884.0
624122003,3466.0
616715002,6927.0
675319004,1966.0
605516005,4620.0
617036002,5613.0
504155012,2512.0
555369001,439.0
541512010,3306.0
504113012,6362.0
641203001,9613.0
392938035,7854.0
537738001,782.0
523489019,5216.0
686267001,10262.0
584481001,5453.0
606522001,5539.0
566534013,5363.0
475120001,3265.0
678079005,4209.0
581543002,6716.0
579865001,6702.0
644300006,3086.0
564309005,4490.0
633785003,14017.0
582071002,12342.0
574058002,12133.0
605695001,8919.0
621759001,9176.0
553611001,3802.0
671553001,2757.0
660497003,1948.0
661645002,4152.0
656121001,14784.0
676990002,6075.0
637515003,1927.0
652946001,9810.0
637515005,915.0
633450004,3499.0
593986002,12627.0
684080002,1525.0
674023001,1115.0
608370001,12989.0
386681018,7848.0
525932008,4413.0
669535001,10091.0
689156002,6124.0
621381002,1904.0
652731003,4123.0
656649007,3572.0
614429002,6912.0
560393004,4479.0
652869001,3102.0
640669001,7282.0
665725002,983.0
632784001,2666.0
616632001,5607.0
645980002,1621.0
696221002,15506.0
611628001,5580.0
523557001,11229.0
632803001,9416.0
498740019,8050.0
619822003,9123.0
678553003,6085.0
498740011,5174.0
608656006,6872.0
570002001,1867.0
650673002,14594.0
506098007,3277.0
633130015,276.0
612891001,3018.0
593988001,2314.0
554541005,2907.0
656367001,1941.0
399223024,717.0
633136007,277.0
469682008,3723.0
568498002,6625.0
580770002,2074.0
257430029,7774.0
485673040,7989.0
636323001,239.0
641708001,3529.0
702885001,4251.0
628457003,5732.0
560221004,2922.0
496735008,1205.0
666247002,4966.0
623632004,5669.0
144993001,4268.0
493103045,8023.0
522398051,2023.0
719610001,7737.0
287645003,3214.0
615021022,1599.0
636587012,4064.0
687270003,3182.0
638383002,9538.0
612358001,13143.0
535510002,11332.0
629909001,5745.0
506369004,11041.0
663034005,1632.0
613269001,13164.0
583362001,5448.0
676827002,3164.0
710390001,670.0
630324004,3490.0
580853002,5442.0
399136023,250.0
505230006,1552.0
307239001,1824.0
357751003,5093.0
691579001,2203.0
381038003,1827.0
611062002,162.0
502186015,3747.0
443696002,10693.0
651334005,1498.0
651692001,1257.0
656539001,9864.0
536139013,2529.0
463601015,6289.0
384654004,672.0
612032001,3423.0
515042002,2519.0
481455002,7968.0
694589001,4245.0
594541003,3919.0
690112002,1651.0
316657010,5079.0
621749001,2641.0
626427003,9305.0
665325002,10030.0
453765006,6280.0
652901002,4124.0
593494001,3916.0
562657002,6560.0
637124004,14148.0
572128002,12074.0
579990001,8660.0
617903003,3974.0
635168002,9481.0
526777001,11268.0
555353002,3322.0
655347002,1502.0
578474001,1225.0
691267004,3657.0
568943001,11994.0
569933006,1454.0
638136001,371.0
630116005,1917.0
610776018,965.0
624881002,4729.0
569997018,12027.0
608776010,5554.0
660712003,39.0
662592003,9976.0
551045024,2901.0
670123002,10097.0
637858001,7237.0
681196002,15348.0
399256001,56.0
651456001,1365.0
572797002,1582.0
194037001,2805.0
626445014,7074.0
557248003,841.0
666448004,813.0
673806002,15222.0
685381001,10255.0
659132001,3580.0
668153001,1044.0
526708021,2524.0
708085001,2800.0
683209001,10246.0
588754002,5480.0
663353001,9989.0
628785002,7101.0
398074001,3700.0
547780003,1569.0
624444001,9251.0
672758001,6054.0
638568001,9539.0
663383001,2741.0
651082004,7370.0
561500002,2281.0
485726001,7996.0
616231002,2632.0
700822001,7718.0
617311002,5617.0
609334001,4637.0
623370001,9215.0
524825006,242.0
568601018,230.0
683662006,32.0
595435003,2317.0
573716024,6669.0
554450019,1069.0
507909022,461.0
678086001,144.0
562252001,1007.0
657415001,1780.0
608007002,1019.0
523936027,3770.0
681748003,7651.0
645620001,4852.0
653248003,2404.0
549251001,2897.0
661810001,5969.0
678239002,2775.0
613084001,4656.0
622060001,13533.0
557246013,6527.0
615959005,9048.0
575529005,8600.0
659140001,4145.0
517729043,8144.0
568174028,4509.0
577948001,5433.0
568601012,3850.0
514577013,3283.0
633469001,13995.0
638980001,9545.0
600167002,12798.0
561706001,5339.0
625190001,13671.0
548932008,5270.0
316657001,3221.0
484398019,4362.0
610155005,4641.0
619561015,6955.0
667491011,34.0
664325001,7521.0
665831002,4167.0
648562002,4107.0
678086002,290.0
110065001,3203.0
687260003,1191.0
651584005,479.0
596395001,1228.0
558986003,647.0
719031001,1196.0
637549012,240.0
655898001,9853.0
647822002,3545.0
463086004,6288.0
701246002,15530.0
662369001,9973.0
556560002,4458.0
591333003,2597.0
453065002,2495.0
620945004,2346.0
652142002,14661.0
615054004,9033.0
546684004,2890.0
600886001,2610.0
672090001,10133.0
181448104,6165.0
671777002,10123.0
557599001,2915.0
574109013,1074.0
624065001,7018.0
610974001,13087.0
671641001,3147.0
603582001,2998.0
485537024,6320.0
615491002,4668.0
668562001,10075.0
599742006,3399.0
572400001,1224.0
442633005,7900.0
623370003,13585.0
660741001,9946.0
449897001,5125.0
640021001,4835.0
451290006,10715.0
654140001,14730.0
608458003,2615.0
503729006,2241.0
673677002,5.0
629305003,527.0
619506001,3980.0
629912001,7118.0
640021005,2684.0
622961001,2109.0
507910001,30.0
720384002,4261.0
506412005,8088.0
695457001,1194.0
504154003,1843.0
484398054,4363.0
556958001,4461.0
688873007,606.0
621044004,13474.0
630116007,3059.0
682600001,3176.0
664074002,1787.0
665481001,288.0
430757001,5119.0
607347004,4626.0
674096002,7612.0
649356001,4873.0
670279002,10100.0
653633002,4129.0
676198001,631.0
580000003,2298.0
677967009,1186.0
599729003,2996.0
634033006,3504.0
495030010,2009.0
580438002,8664.0
661853001,7492.0
620434002,3987.0
665542002,6000.0
624659003,7037.0
676283001,7626.0
658955001,9914.0
655784006,2160.0
658848004,2732.0
500371003,2852.0
638154001,5802.0
634444001,14044.0
586896014,5472.0
613494002,5589.0
616585001,3972.0
477507007,5141.0
643196001,4844.0
610787002,13076.0
652075001,4121.0
681247001,6096.0
665303002,2175.0
639552001,7254.0
399087010,2820.0
519583015,187.0
638494001,14196.0
561067003,1143.0
551462007,8306.0
612935007,221.0
684105002,6106.0
674047001,2764.0
511783003,2862.0
541512001,1692.0
678942002,2777.0
501820004,94.0
578626008,6692.0
589599002,2304.0
487750034,3739.0
599773014,12791.0
500357002,10974.0
496111011,4374.0
507883008,2244.0
572127020,4530.0
491912025,8018.0
622963002,13573.0
456163009,943.0
584631003,4559.0
622744002,2351.0
655259001,1778.0
572797010,1709.0
718748001,3672.0
681121002,5015.0
634411002,4051.0
581298002,3370.0
697493001,3193.0
694860002,5043.0
641562001,7293.0
650759011,7368.0
685274002,15387.0
631932001,13926.0
634763002,7195.0
514577007,5201.0
642105002,4094.0
569200001,11999.0
596877005,8837.0
613858005,3429.0
562252028,332.0
464297022,2837.0
660599003,75.0
683662005,7.0
620951001,2106.0
682189001,2446.0
626440008,4741.0
451380032,7917.0
603583004,6829.0
631536006,3495.0
450604022,3254.0
567728002,11936.0
469039001,4350.0
552817001,3800.0
564314027,2564.0
677930005,342.0
591181002,2307.0
685347002,987.0
680374004,933.0
594561001,8806.0
554696001,2912.0
627579001,13790.0
548946001,5271.0
548659003,8282.0
701256004,3195.0
570002019,8548.0
657925002,5954.0
628633002,9342.0
630653001,1748.0
272591029,6193.0
573149001,6666.0
673901010,15229.0
663999001,4161.0
573414002,3865.0
681247002,3172.0
628788001,1348.0
634015009,2670.0
610662002,6881.0
657287001,320.0
684033003,669.0
635473002,1925.0
662857003,423.0
683001003,2194.0
609727002,1081.0
611024001,689.0
660308002,807.0
651461001,14617.0
478298011,7963.0
623434007,4001.0
519929007,8155.0
634009002,3502.0
669271003,7571.0
509210002,2860.0
655403002,5938.0
561445003,2559.0
621513003,9168.0
636898002,7225.0
623434011,498.0
623698001,13594.0
636571001,7215.0
712074001,10356.0
651902003,14639.0
523490005,5217.0
568047002,4507.0
355307042,2224.0
617835001,13331.0
691072002,4241.0
419634001,3245.0
399256018,2821.0
573152003,5411.0
617646001,5619.0
694589004,15489.0
426019007,2829.0
582480005,5446.0
669714004,15127.0
554598013,8337.0
504152008,3748.0
573085004,111.0
615959001,793.0
623471001,13588.0
636389002,3071.0
598665003,1465.0
610321008,8972.0
657287002,507.0
622159002,2108.0
681150003,2444.0
665507003,4961.0
672126001,3149.0
646755001,5864.0
678063001,1805.0
714367002,1985.0
627009010,4023.0
291338017,10449.0
545396005,11433.0
358753005,3228.0
660830004,4149.0
637352008,5795.0
681657002,2192.0
531615005,4416.0
665329003,15051.0
625913004,5706.0
647585001,9710.0
706670001,6156.0
691039003,7695.0
641202002,5832.0
577529001,2294.0
605903002,8920.0
663825002,3136.0
625773002,1741.0
633131001,4784.0
657925003,9893.0
667411018,3597.0
666268001,3596.0
605094002,3936.0
562252035,1447.0
188183009,1411.0
653032007,4125.0
668767002,305.0
500780008,2853.0
639845002,801.0
583976003,8701.0
637549003,245.0
636351001,2131.0
552471003,1301.0
190021001,7752.0
591444006,5486.0
322017003,3687.0
664679001,4163.0
519749040,2020.0
592975012,3914.0
496111004,3744.0
287645023,6196.0
523625004,4407.0
407653001,3242.0
669360004,1794.0
559212001,900.0
685635001,2452.0
671622001,1796.0
628734008,9343.0
538993002,8234.0
634979001,4801.0
535146002,3779.0
637411001,5796.0
643628008,14367.0
594094001,8801.0
585812003,8722.0
692194001,10299.0
427159023,3706.0
490176002,8013.0
578752001,4547.0
568813002,8514.0
629485004,9361.0
681748001,15359.0
641071003,9609.0
648940001,4108.0
669091001,6026.0
571436030,3358.0
501820006,2854.0
621367001,13486.0
642853001,9643.0
660286001,7479.0
635425002,14079.0
588659001,4579.0
622238018,1737.0
545396032,6478.0
380609010,7844.0
576773002,849.0
579010008,8650.0
586333002,5466.0
569996004,2575.0
190021021,5066.0
623632005,5670.0
618480006,13358.0
678924002,6088.0
652090002,14659.0
667040001,4173.0
648994006,3550.0
430694015,10676.0
643535001,5847.0
488018001,8012.0
589896003,5484.0
621760001,9177.0
377277025,4311.0
640462002,184.0
634775001,913.0
564312012,8442.0
651465001,2712.0
566140004,2566.0
654046001,1036.0
619506002,2344.0
630141001,254.0
588592001,2595.0
662260001,1949.0
243937001,4280.0
637280003,4068.0
581086002,851.0
533923008,11319.0
502631001,4380.0
582258001,8688.0
557247014,4463.0
507883007,2856.0
487800029,8009.0
569677001,6637.0
646811002,9701.0
638635001,5805.0
417427001,7884.0
504152009,1550.0
277738002,6194.0
597253001,1883.0
564309014,8439.0
441386001,3711.0
656031002,3571.0
711053001,2468.0
617903009,3975.0
549477004,3795.0
129085001,4267.0
537060003,11340.0
623282003,5666.0
690115001,10278.0
660519002,1104.0
481540001,10834.0
633808005,3500.0
578470001,1457.0
576693002,8614.0
506166005,8086.0
108775044,291.0
490793029,4370.0
617620001,2099.0
568597016,441.0
665294004,4166.0
680499003,407.0
700774001,1816.0
682604002,2782.0
478646001,2235.0
691184001,1278.0
577513001,351.0
616543007,6925.0
541286003,8245.0
663714001,3135.0
639273003,14224.0
607400002,12950.0
687337002,10270.0
656401005,7443.0
695151001,1193.0
647770002,3544.0
581583001,6717.0
644275001,7314.0
572998002,493.0
563027001,6563.0
615970002,4673.0
603582006,3932.0
599742003,2609.0
568836006,5385.0
620973001,4708.0
556350001,11631.0
619782014,13422.0
604068002,6834.0
610665002,8976.0
633781016,740.0
626587003,2657.0
624486006,4725.0
614496003,2098.0
585355008,12428.0
660286003,7480.0
533329006,8211.0
605053002,1332.0
677347003,932.0
665095003,535.0
667378001,576.0
663746001,7513.0
607632001,4630.0
554792001,1004.0
559645001,4470.0
542730006,2533.0
624723002,4010.0
620963003,1342.0
711405002,3669.0
356289005,888.0
594399002,12640.0
564073004,5349.0
179950017,1409.0
688558007,2453.0
682028002,3635.0
619881009,13427.0
610962001,8984.0
563027004,4487.0
565292018,8459.0
648209001,5877.0
684435001,15381.0
635037003,14068.0
637282002,14158.0
413911002,10652.0
639407004,9555.0
126589010,3674.0
617900008,5624.0
661365001,9962.0
607534006,4629.0
404864032,10628.0
559618001,11701.0
633675001,9441.0
590951007,2306.0
560047002,1310.0
501820042,394.0
639192006,286.0
549113001,2266.0
496111007,2010.0
622159001,3994.0
598460001,3394.0
662868004,1783.0
627408002,4750.0
624123004,5681.0
355569002,829.0
548613036,8281.0
659379001,14881.0
383152003,3697.0
567439006,11917.0
618841001,9096.0
627759008,4025.0
673024004,4988.0
398947001,10609.0
459428011,10765.0
501616012,2013.0
611032002,8988.0
705324002,15551.0
554598009,839.0
487207002,6328.0
514865036,11134.0
505882002,8084.0
627197005,3479.0
606670004,12916.0
607691001,3409.0
663236002,2421.0
506321004,11039.0
491912006,6335.0
559072001,2276.0
613494001,9024.0
565200013,6589.0
592098003,8782.0
487052007,3738.0
672590001,1962.0
648968003,2396.0
632143002,1608.0
621759002,1343.0
590376001,12559.0
591334017,353.0
566096005,8465.0
667924001,6020.0
301213013,10465.0
451380008,10717.0
641686001,4092.0
470985003,2840.0
262277009,7775.0
630438003,7127.0
626559004,13747.0
648630001,4867.0
692688001,6137.0
646286001,14436.0
684385001,3643.0
604352001,3934.0
658852001,7467.0
325087002,460.0
401044002,2227.0
656661001,4137.0
399223029,164.0
675139002,4995.0
551044013,8299.0
640530001,4086.0
508156014,4386.0
577507004,12214.0
640745002,9603.0
649010005,14543.0
487722001,550.0
631418002,1918.0
201219003,1058.0
586503001,5467.0
522398021,3289.0
708706001,1657.0
501820044,5182.0
595208002,12669.0
650166002,14581.0
649494004,1769.0
563635003,8434.0
636418001,7214.0
653114001,2153.0
633781015,7172.0
524529001,6419.0
662935001,1378.0
690904001,2793.0
653233001,7403.0
592959001,6779.0
650678003,1771.0
490793033,587.0
684080003,145.0
597043002,566.0
573701001,12126.0
557247021,1575.0
670300002,10104.0
655895001,9852.0
651935002,9790.0
563519006,1220.0
689208003,7688.0
667416001,15088.0
606814002,2611.0
557938003,2275.0
607670002,12967.0
675027001,3617.0
540768002,1566.0
551371004,4441.0
654100001,14729.0
682550003,6101.0
663016002,3129.0
656728001,7445.0
589514001,5481.0
337991001,5088.0
547300001,6485.0
579468006,12278.0
609605006,5558.0
631632003,7142.0
501923001,11000.0
633233004,4788.0
505221001,1066.0
632020002,5758.0
501820008,327.0
627101006,3052.0
613246001,856.0
617065002,9061.0
564312006,11818.0
589249002,6763.0
160442010,163.0
535035001,11329.0
243937023,2220.0
579541035,1151.0
488012002,5156.0
611216002,6895.0
620081006,354.0
641020005,14301.0
554546019,6517.0
608069010,3946.0
306847010,7795.0
540701004,1565.0
568962001,11995.0
481147001,10832.0
657476007,9883.0
683159001,10245.0
554704005,3319.0
662553001,3125.0
692002005,6133.0
560270014,3827.0
469039033,10793.0
633870002,9451.0
569997008,6647.0
640801002,14290.0
631769003,13915.0
711686001,3670.0
631735001,9400.0
608499001,3411.0
607374001,4627.0
654306001,3567.0
585158001,8713.0
587108001,12474.0
464277014,2233.0
673677003,27.0
647182001,7336.0
604100002,12856.0
595779011,416.0
585809002,3376.0
637515010,1030.0
634019001,5778.0
608016002,8941.0
621248002,1735.0
288859004,4283.0
521269001,554.0
580054003,3885.0
567992035,11949.0
579541030,2585.0
621400003,13488.0
572127015,298.0
584940004,3374.0
650722001,2398.0
606191001,12902.0
714375001,7733.0
555364002,3812.0
609185006,8953.0
552473023,8317.0
636587013,3513.0
674310002,1391.0
617903013,5625.0
525518002,3293.0
672127004,3610.0
617328002,6937.0
591702005,2082.0
118458004,4263.0
672760001,15198.0
510684007,2248.0
628838008,13819.0
559715001,3824.0
224314011,3207.0
539293003,5239.0
601551001,8886.0
547752003,5262.0
575464004,3871.0
591088001,3909.0
650193001,420.0
586273002,2976.0
589249001,6762.0
612182001,99.0
672899001,1643.0
522346001,6407.0
448515027,2230.0
493438027,778.0
615141003,153.0
539723028,5241.0
621752002,13516.0
628920006,1484.0
679986005,878.0
514482001,4391.0
623275011,3037.0
372860002,347.0
426013023,1998.0
487275010,5155.0
605230010,1888.0
502224001,552.0
573438001,12115.0
637912001,4819.0
688873015,633.0
593196001,8787.0
487050025,10878.0
645599001,14414.0
365592009,10540.0
458925001,4346.0
626445018,7075.0
514577008,11126.0
566486003,11886.0
565379022,6592.0
534210006,11326.0
568137005,5382.0
568751005,3852.0
594697003,5500.0
543061005,11416.0
612295004,9009.0
668958002,6023.0
572797009,6663.0
628426002,13803.0
596517002,8832.0
554598010,2910.0
685101001,6110.0
633109001,1353.0
501323011,1431.0
680187001,2190.0
518827004,2865.0
555347001,2546.0
568013001,1580.0
568864003,2940.0
567657006,844.0
688873005,90.0
633142004,9424.0
474461014,10807.0
532578009,396.0
358483007,4308.0
648627001,3548.0
446224043,774.0
455014019,10748.0
687411001,6119.0
635789005,1092.0
569974008,8533.0
683493005,2448.0
387843036,3236.0
577512005,1713.0
548111002,1570.0
560221012,1860.0
568575001,4511.0
648414004,5880.0
691291001,1652.0
536139012,1850.0
457039003,10756.0
448515023,3713.0
572128011,6659.0
624067001,9237.0
667173001,4971.0
690992003,6128.0
610216001,3948.0
615970004,13232.0
466595001,6293.0
648336001,2701.0
626615006,13752.0
560326001,6550.0
640001002,4834.0
547780002,644.0
563034002,6565.0
655019003,7425.0
564358023,2051.0
651793002,805.0
561445026,726.0
537901001,3781.0
645065014,1620.0
633130017,3064.0
663577002,5982.0
590376002,12560.0
639845009,4829.0
637661001,192.0
685972001,823.0
557247001,466.0
673900005,1390.0
573716023,299.0
524486002,6418.0
677848002,1270.0
348870009,1993.0
553905002,11575.0
299733001,7790.0
629723001,7113.0
568862004,5386.0
642189005,4842.0
355072003,941.0
627554001,3481.0
637223005,7228.0
603583006,12849.0
493438019,2240.0
680119002,3632.0
548388014,2032.0
396135040,2819.0
660599004,1374.0
600920001,6821.0
619468001,13401.0
501616085,8063.0
458428045,5132.0
665657002,10038.0
683147002,10244.0
669714001,15126.0
678239001,6084.0
662857005,70.0
399136061,60.0
674336001,2180.0
657891002,9892.0
537346024,640.0
628466002,2662.0
399223028,889.0
674079001,6063.0
568174026,6622.0
587782003,1879.0
578478006,4546.0
542695005,1694.0
300024013,1822.0
677711003,2774.0
484398062,3735.0
651072001,750.0
520509001,3287.0
637911004,3517.0
677999003,2187.0
617348002,6938.0
617736001,3027.0
579125007,12263.0
670233005,15139.0
646536002,9696.0
550309006,1855.0
612481005,13146.0
585877014,6737.0
457466002,719.0
628921010,13821.0
522638004,6410.0
671217002,2756.0
629042002,13829.0
648764002,9727.0
427159006,5118.0
546728001,11446.0
690158002,7690.0
569974015,6643.0
510075014,8112.0
627147002,1745.0
631452003,9395.0
300024042,2813.0
648173005,3546.0
609719002,5559.0
595487005,4601.0
682229001,7653.0
448262044,4336.0
610711001,3012.0
645942001,4854.0
668956001,6022.0
543729003,464.0
565373002,11872.0
562245059,25.0
560270010,3334.0
186264014,1198.0
604514006,8909.0
681657001,2191.0
534052001,6436.0
458924006,3258.0
568597019,1222.0
620870004,6978.0
641187002,4091.0
675508002,1049.0
663944001,711.0
525581005,5220.0
685791002,7670.0
651329001,1772.0
692002004,5037.0
515991012,3759.0
647373004,9706.0
478646002,3727.0
508156027,3280.0
713993001,10359.0
357792006,4307.0
577512001,2962.0
650678005,5895.0
687756002,7683.0
637499003,3516.0
612358004,2329.0
565292012,8458.0
620746001,9154.0
476583021,10816.0
548659001,3792.0
552473031,1304.0
617036003,5614.0
647490004,7343.0
537612022,4422.0
685821002,7671.0
611924001,13127.0
594345001,5497.0
718281001,15574.0
611216003,13103.0
693439001,15480.0
533230002,1561.0
689340001,6125.0
554546003,1306.0
474088001,1675.0
486462007,3737.0
493766003,10924.0
692216005,1814.0
645970001,4855.0
515991015,2250.0
529012025,58.0
631837001,191.0
633781012,1921.0
534181007,383.0
665410002,5999.0
651724003,4118.0
565481003,8464.0
579148006,8653.0
614496001,1473.0
520370001,11201.0
440811006,1132.0
504113023,8076.0
664180001,10008.0
642796001,7301.0
555550001,8343.0
633825003,14022.0
324502008,3223.0
622879005,13568.0
655403004,1371.0
564073002,11807.0
629806001,13843.0
694589005,1653.0
647416002,7339.0
635561002,4055.0
617065003,13293.0
680586005,10222.0
181448109,1819.0
304766009,6208.0
400456001,10617.0
575839004,12174.0
496573002,8038.0
668311002,6021.0
613456001,567.0
617322004,1902.0
522561002,261.0
567745004,8491.0
220094001,5069.0
518329007,4397.0
662868001,54.0
561445005,160.0
652696001,3101.0
537346026,109.0
661705001,4941.0
665975001,925.0
652742003,665.0
705094001,179.0
656059003,7440.0
490793015,10910.0
717341002,1056.0
514134001,292.0
680912005,539.0
636455003,317.0
572524001,12092.0
642739001,1933.0
562734011,8425.0
633781014,4045.0
635789001,2379.0
621381009,2107.0
316085001,3219.0
561817005,2927.0
619234001,657.0
496923008,5172.0
615801002,13224.0
587677001,4574.0
669882001,712.0
565405001,11874.0
649671002,1623.0
517880010,6397.0
542352001,8254.0
429313006,772.0
605690002,3937.0
600920002,12811.0
669091004,15116.0
626813003,9318.0
646171001,5862.0
573716012,15.0
613459001,2332.0
485678034,10870.0
610730017,688.0
598655008,12753.0
631842003,13921.0
546406001,2888.0
571436014,5402.0
632737004,1749.0
607834005,597.0
666651009,1383.0
522398011,1558.0
407354004,5111.0
566799007,8473.0
462435012,7940.0
639738005,2386.0
587236001,6751.0
661152002,1105.0
648279007,14506.0
579695005,1714.0
620608004,9151.0
664490001,2745.0
524939008,8176.0
507909015,1208.0
662948001,872.0
535176001,8218.0
621756004,4712.0
630116018,9368.0
589924011,1463.0
548111005,4433.0
621780001,13521.0
584279001,12388.0
513257012,6384.0
640651004,14280.0
650503007,4112.0
318914001,4294.0
609511003,3009.0
666448006,1382.0
624514002,7030.0
656977001,7450.0
524825010,29.0
673462002,10147.0
630514003,4034.0
324946001,5081.0
633808002,7174.0
651244002,9768.0
682965001,632.0
670698001,2429.0
607834011,6864.0
589222005,126.0
661797001,1106.0
587813006,2303.0
610744007,1232.0
654521001,1628.0
615021020,2333.0
683667001,15379.0
551300001,3797.0
572797001,443.0
512630005,8125.0
606670001,3406.0
640001001,4833.0
379780045,3233.0
559616001,725.0
541418003,6461.0
674079003,4992.0
603582007,3933.0
615149001,1729.0
595078001,6790.0
585276001,5459.0
568174014,5383.0
458924002,6287.0
574112005,2958.0
605378001,5534.0
569997009,3859.0
676352002,6070.0
631418004,9393.0
705148001,6155.0
659289001,14878.0
562763002,4486.0
678625001,1970.0
316441005,2480.0
637352006,4070.0
627101007,5724.0
652095001,14660.0
707203004,7726.0
562245050,283.0
675281002,358.0
644803002,4099.0
651793004,571.0
590165002,4583.0
680715001,84.0
516859002,328.0
482638018,5146.0
695972003,15504.0
700828002,6150.0
709784001,6158.0
674014003,510.0
678942003,3169.0
635276001,4803.0
633136010,1488.0
705143001,1195.0
659832006,2167.0
501616006,3745.0
665211001,1633.0
607247001,3940.0
675319007,3159.0
557247005,1703.0
516000073,4395.0
607310003,4625.0
567968002,8497.0
562761004,1145.0
701685001,15533.0
552346004,4443.0
662468001,4947.0
623347003,7006.0
589890001,6768.0
181448105,6166.0
644300002,4848.0
544052001,8262.0
641666001,4841.0
684087001,1274.0
632817001,7154.0
539189002,5238.0
593990004,5495.0
556640001,8361.0
673531001,6059.0
660150001,14907.0
638553001,447.0
378124009,6236.0
703193001,103.0
680782001,880.0
637566002,2136.0
485673025,6323.0
610730002,1231.0
576719002,2960.0
649397003,703.0
654701001,1777.0
537346022,1216.0
649382001,14554.0
568787002,11982.0
675952003,487.0
671610001,4191.0
666382001,1182.0
652847002,5917.0
671436002,6043.0
659873001,7477.0
356289021,1666.0
623283002,9210.0
524458002,5218.0
651902002,7385.0
403490011,6249.0
623275006,5662.0
591345005,6774.0
677737001,4207.0
495949003,5169.0
620855001,1903.0
549961001,6496.0
621264001,13479.0
669303001,1959.0
559607002,8387.0
552370006,8314.0
504113014,2511.0
416089002,10653.0
587782004,12486.0
649551010,14563.0
675647002,10170.0
581293003,12317.0
641926001,4093.0
635240001,1923.0
580746002,3369.0
657395001,3113.0
660367001,2734.0
516741004,835.0
684588002,7665.0
653335002,14705.0
579541036,1152.0
608007005,4634.0
646085005,7332.0
562252005,1314.0
552018006,5284.0
665325001,5997.0
674509001,1965.0
372860024,1667.0
581157001,2968.0
604199010,8907.0
612064008,6900.0
609598012,3413.0
331062009,10508.0
458882003,10761.0
588573001,8745.0
525335018,11244.0
637280002,2678.0
529953001,492.0
637306003,7232.0
540521007,11373.0
655493001,9850.0
683395002,10248.0
554598012,723.0
662842002,3586.0
559646008,4472.0
564418001,1315.0
637280001,7230.0
608939002,3008.0
558428001,3820.0
672890004,3153.0
651863001,4887.0
516903005,73.0
622140003,2347.0
458032003,392.0
674492001,425.0
567731001,8488.0
636455004,742.0
572399007,2058.0
484398071,1294.0
676110003,4997.0
654266006,7415.0
649052001,5887.0
355569005,4306.0
526302003,11264.0
589221003,12527.0
624959009,4731.0
564786017,1009.0
602409001,3401.0
507910021,1209.0
596204001,12696.0
557247010,1006.0
560209006,8404.0
268305001,7779.0
635741002,2378.0
325087043,5082.0
631409003,5751.0
660830001,2735.0
653983001,7411.0
657510001,1506.0
541519028,6462.0
554598004,2909.0
562299002,8423.0
634323005,14041.0
570474003,5399.0
540334001,5242.0
558402003,11672.0
516000024,1137.0
624110001,13618.0
671015002,7585.0
559646002,11703.0
684083001,10251.0
536162002,11333.0
648385001,9717.0
583534009,494.0
640677004,745.0
485678039,10871.0
633347005,4790.0
619660001,2637.0
667499006,234.0
693177002,15478.0
669586001,7573.0
570781006,648.0
677218001,1646.0
642699001,318.0
619739016,13418.0
661811001,2738.0
535488010,1562.0
566140001,618.0
637255009,743.0
481529006,4359.0
580482002,1153.0
559619002,2553.0
657955005,2727.0
555292006,5302.0
598755012,8855.0
663851003,9999.0
652361004,3099.0
607427005,2324.0
648995004,7353.0
638416003,1928.0
554552018,8334.0
653210011,14697.0
522398028,4401.0
591800001,6777.0
656266003,9861.0
622968001,2353.0
527687007,2870.0
679520001,7645.0
573152009,3862.0
538584006,6454.0
586273001,3897.0
476315040,6307.0
633304002,7161.0
584895001,12411.0
519780001,1435.0
612075008,4652.0
599752001,6818.0
683773001,1809.0
508544001,6374.0
533404017,5228.0
604059001,12855.0
500399003,5176.0
684277001,7664.0
673704001,15217.0
493810014,2506.0
436570021,2832.0
663713001,1786.0
666638003,1637.0
556560001,1309.0
608069005,3007.0
613666002,472.0
397068001,1995.0
537116004,1438.0
508227002,2516.0
649397001,626.0
617037003,13286.0
618160002,2340.0
541512005,4427.0
633130014,1751.0
677930015,1803.0
215589001,4275.0
559018008,5327.0
653188001,2403.0
557247018,1444.0
657285001,2726.0
666617004,4968.0
643575001,9660.0
620963002,1477.0
638142002,14189.0
509468002,11076.0
612891005,1895.0
646536001,4859.0
588245001,12499.0
613666003,1728.0
640164001,3080.0
306307076,1128.0
626990003,13770.0
624828001,13656.0
505991002,4381.0
679203001,15327.0
633808003,4794.0
474915001,6305.0
524922002,8175.0
349669005,10524.0
652619001,7398.0
665294002,7534.0
625483003,13682.0
608570002,6871.0
664939002,5991.0
534795002,11328.0
559630002,617.0
696447003,1979.0
592846001,2311.0
676166001,1645.0
477507002,3268.0
516741002,1686.0
446224036,2001.0
666606001,2176.0
580768001,2586.0
659459001,3117.0
506993012,11048.0
510126001,5194.0
592975011,1880.0
562252038,843.0
266168001,6190.0
638899002,1929.0
714367001,1534.0
513325016,5198.0
612481007,1727.0
536139010,1437.0
671057001,2430.0
395127001,1828.0
675581008,7623.0
407653002,3703.0
664075004,873.0
571198002,12058.0
558771001,8379.0
568174022,11958.0
504113011,5183.0
626444009,5717.0
673024001,7602.0
218829014,10403.0
617378001,6939.0
652365003,14671.0
576770003,5429.0
558992001,5324.0
625494001,13683.0
669271002,15118.0
649439002,14558.0
633130019,911.0
487050001,5154.0
625034001,5694.0
589924010,1462.0
532578001,947.0
610776022,264.0
682267003,15364.0
608338002,6869.0
529008038,678.0
538271001,6453.0
639452006,14235.0
679514001,2778.0
362931027,7824.0
537688013,1851.0
585929001,12446.0
574057002,2293.0
567993035,2052.0
649437002,147.0
547349006,1854.0
589298001,1460.0
635741003,3069.0
301656013,635.0
620208031,5640.0
634775004,1754.0
655843003,7438.0
626425001,5711.0
617322005,1475.0
672625005,4193.0
665290001,15048.0
564934006,5358.0
494938002,6342.0
607276006,12944.0
272591016,6192.0
564929005,6585.0
571436009,362.0
557246003,2548.0
725253001,766.0
586515001,2593.0
658475001,9902.0
684021005,1524.0
665596001,10036.0
622956001,9194.0
690480002,1529.0
639576001,744.0
707020001,2209.0
639203001,1249.0
542551002,11403.0
608945003,8946.0
658036001,2728.0
659877001,14895.0
662972001,14983.0
652742001,480.0
641047003,14304.0
522918030,1689.0
662980002,1950.0
687629001,4232.0
564375004,8445.0
633051005,7157.0
519749006,6401.0
671084001,6040.0
687369006,7681.0
622964004,2645.0
579119002,3881.0
618331002,4691.0
580054005,3886.0
637982002,14184.0
557246012,4462.0
643201001,5843.0
494414008,10933.0
591770001,3912.0
630542001,7128.0
595021001,8816.0
568838005,8516.0
565264001,11865.0
559482005,11697.0
688873020,85.0
628930004,795.0
714373001,10361.0
560249001,8407.0
657215002,14822.0
642437006,1617.0
642971002,14348.0
622961003,9196.0
639769001,917.0
537612016,5236.0
568597021,3350.0
599074003,12769.0
667499003,304.0
500435039,6355.0
672127001,3150.0
428071011,2831.0
624311004,1908.0
487910001,8010.0
663243001,14987.0
660300002,14914.0
663396001,177.0
662980003,1784.0
621020001,6981.0
569847001,5391.0
648867002,2705.0
630319004,7124.0
555990001,1308.0
556539010,8354.0
657287003,2163.0
575141005,2065.0
656485001,14794.0
449123026,5124.0
652322001,7396.0
537738003,3780.0
649057002,3090.0
507910004,180.0
428291001,3246.0
591334003,36.0
531697003,11296.0
639450002,1930.0
502186012,260.0
456163021,10753.0
595987008,8828.0
644762001,1254.0
659459003,2415.0
630851004,9386.0
591710002,12583.0
567760006,4504.0
575141004,649.0
619884012,5636.0
478549006,4356.0
662980001,602.0
663441001,2173.0
632516001,386.0
629060003,5737.0
652708001,1938.0
641427002,14312.0
554704004,2037.0
625702001,5705.0
413707019,3243.0
608570003,5553.0
656017001,9856.0
686515003,3180.0
485678017,10868.0
564491003,5356.0
523707002,11234.0
684151001,4222.0
630323010,9375.0
586257001,6741.0
664099001,10004.0
665475001,4960.0
537839003,8226.0
618786001,9094.0
529841001,2525.0
684400001,2195.0
399136027,673.0
678230003,359.0
416157027,5115.0
670424001,1795.0
504154015,209.0
585851001,8723.0
575172005,12156.0
451380001,2231.0
690992002,6127.0
568601019,1011.0
703207001,544.0
593184007,3915.0
638416001,867.0
237222001,608.0
687421001,15417.0
583797001,8698.0
508903014,3754.0
548930002,8283.0
536970005,11338.0
692903001,6139.0
617919009,1166.0
487932037,10893.0
495418005,10936.0
627210001,13780.0
656497003,5944.0
678153001,2440.0
584969001,12419.0
584895006,6730.0
651863003,5909.0
660200003,3582.0
667499005,927.0
661136001,4937.0
378135031,7841.0
666261001,15068.0
575839001,3873.0
645882001,7327.0
327821028,10506.0
603145003,12845.0
508837001,8105.0
662741001,9979.0
474138001,3264.0
554541020,2545.0
673807002,6061.0
697489002,1406.0
559634007,1859.0
630909001,5750.0
572582003,2953.0
554546002,2035.0
610822020,8983.0
561445020,1704.0
455832001,2835.0
583388001,8695.0
342034014,2816.0
254940026,10426.0
685379001,2785.0
624123001,9241.0
626816004,1347.0
653145003,5919.0
646551001,1765.0
675508001,7622.0
596589001,12709.0
658841002,5959.0
468591005,10790.0
498620002,6349.0
545396009,3790.0
664075001,2742.0
179393018,3204.0
624050007,7015.0
575496005,12166.0
564358012,6579.0
624632002,906.0
569929001,518.0
605164001,6843.0
664949001,5993.0
566592007,6600.0
629607004,3486.0
678291002,3625.0
651899003,14638.0
234187001,7766.0
399223026,2488.0
584804001,8708.0
664748002,2746.0
669014002,7565.0
554477016,2544.0
392938024,3698.0
680258001,4216.0
450604007,6272.0
642631001,3530.0
556527002,1443.0
636172001,4059.0
687114002,4228.0
626316003,7068.0
661914001,2419.0
481110019,6315.0
655869001,5941.0
656728002,14806.0
483283020,10844.0
377436011,10564.0
625819002,2361.0
484205004,3734.0
564790006,6584.0
711288001,2211.0
516859001,1687.0
633148017,2372.0
650974002,5896.0
633930001,7178.0
560389005,11726.0
683357001,15373.0
660795003,14933.0
635146009,9480.0
610776023,790.0
598806012,620.0
661162004,601.0
495864003,10942.0
568601016,296.0
509091011,1556.0
591334016,853.0
534164013,3298.0
509280004,1844.0
656686001,482.0
667832001,15093.0
572399004,2952.0
522346004,2868.0
451243013,7914.0
635150001,5785.0
372860041,1129.0
684851004,6108.0
664936004,630.0
570843001,3355.0
536358002,4421.0
653416002,7407.0
218354047,3206.0
633148003,1919.0
637230001,1756.0
621683001,13507.0
577259003,1588.0
316441011,1663.0
648976001,14538.0
613459005,13170.0
396135008,4317.0
569973018,6641.0
619192002,9102.0
644645002,14389.0
630316011,13863.0
675657002,6069.0
605230009,12879.0
633946001,9454.0
621813001,3991.0
587096004,12473.0
586218001,6740.0
569978015,12020.0
622878011,5656.0
651517002,2401.0
665852001,4963.0
583426001,8696.0
560325001,2279.0
686631001,459.0
651912001,4120.0
634775003,9473.0
556255005,3814.0
674014002,3157.0
657287004,1261.0
570002033,8550.0
252229001,10425.0
651276002,2399.0
618840004,5628.0
569526002,442.0
594430001,2601.0
635023001,9475.0
312878005,6213.0
707606001,10350.0
358753001,1422.0
601468006,2997.0
613942009,5590.0
449263005,6271.0
566941019,4499.0
568597007,3849.0
630514004,3492.0
560818001,8411.0
633785014,14018.0
648317001,14508.0
605094018,6841.0
630116014,796.0
386678001,5102.0
452511002,4340.0
656165001,14787.0
606022003,6851.0
623278001,9209.0
590928004,2981.0
587189001,8735.0
688246003,7686.0
533230001,4418.0
554541006,2908.0
661882001,4944.0
624446001,13637.0
670734001,15151.0
681264007,7648.0
620337002,9138.0
692454002,13.0
611415001,384.0
610776001,35.0
670063001,4183.0
687371002,1277.0
561445008,3829.0
578478001,619.0
630116001,189.0
630450001,3491.0
697489001,1281.0
372860052,3693.0
616598005,2633.0
522043004,11211.0
688873008,309.0
671502001,289.0
641705001,2689.0
591334002,2309.0
620945002,2640.0
616763001,4679.0
624443002,7024.0
612136002,6901.0
653587001,7409.0
224314013,10408.0
621989001,598.0
651461003,14618.0
509210006,1210.0
687821002,2789.0
645065016,748.0
646067002,9688.0
643702004,5849.0
573452005,3866.0
592743041,8784.0
577529002,8629.0
629379002,9358.0
640863003,9605.0
490793031,6333.0
563113003,11783.0
633219002,9429.0
675272001,7619.0
659520001,7475.0
618840003,6945.0
485691003,6325.0
512989012,6383.0
615804001,9044.0
179208001,582.0
675319001,986.0
590748001,314.0
677664001,5002.0
546617004,5259.0
403448010,10623.0
645844001,3087.0
713756001,1818.0
300024017,6205.0
301213007,10463.0
624486008,1169.0
695113001,3662.0
651424003,4882.0
638358002,3518.0
676540001,6071.0
630145006,5746.0
683001001,1190.0
651089001,14604.0
581338001,12321.0
677711001,3165.0
626263001,5707.0
668396001,2177.0
632065002,4777.0
615021003,4662.0
541097001,8241.0
636420003,9502.0
579873001,6703.0
548546001,11478.0
619918001,9126.0
639845008,9573.0
649046004,4871.0
607534010,417.0
672287003,10135.0
422106001,4325.0
250099002,5073.0
592858004,12609.0
568863002,6634.0
631270001,4036.0
558246002,11669.0
526260004,11262.0
666327005,6006.0
666327006,7546.0
639297001,504.0
622046002,3992.0
555364007,2270.0
660174001,9938.0
416157003,2229.0
704048003,5052.0
661869001,4943.0
453585009,4343.0
539878006,1691.0
501820045,781.0
677848006,10196.0
623321001,13583.0
589599004,1716.0
579541026,562.0
595573002,5504.0
625819007,4736.0
621706001,13508.0
573716028,958.0
624151006,3038.0
678280001,2776.0
665875003,4169.0
580768002,1226.0
678571001,4213.0
519583013,3764.0
572124003,2057.0
695449001,7710.0
717092001,15571.0
659306001,14879.0
661414001,2737.0
616225020,3971.0
640882001,7283.0
626684001,9313.0
626442019,4742.0
687033002,5029.0
659549001,9927.0
585130001,8711.0
651558021,7378.0
638614001,4072.0
674697002,10161.0
622046001,13531.0
526266006,6427.0
542533001,2261.0
489217003,10907.0
572128007,6658.0
631770002,3063.0
650067002,9750.0
603577001,6828.0
576676001,12184.0
562245025,3833.0
659211001,14874.0
564786003,8451.0
667411015,2751.0
634015003,1175.0
607788001,8938.0
668766002,15110.0
576770001,8618.0
688463001,323.0
677999001,1052.0
556255003,465.0
665311001,2748.0
680374003,205.0
683024003,1972.0
456163015,1204.0
657165001,4139.0
484205010,3270.0
625819003,1482.0
613133001,9014.0
504154018,2242.0
679887001,668.0
681244001,15349.0
228257005,4278.0
629445002,7111.0
655692001,2159.0
666061001,1516.0
547052001,5260.0
712517005,4257.0
651558002,5906.0
610274009,3011.0
462435007,10773.0
589136002,2979.0
626393002,5709.0
504154021,834.0
501616020,3275.0
585985003,6738.0
600044002,4612.0
653358001,2154.0
549403005,11495.0
627009006,1242.0
487827014,3271.0
623853001,5672.0
693951005,2459.0
662531001,7498.0
638777002,3077.0
643329001,14360.0
592009002,12589.0
630672001,528.0
568066001,2938.0
562820006,122.0
666382003,3141.0
378135036,7842.0
559954002,11710.0
567992026,11947.0
522461002,3767.0
577249005,6684.0
603013001,1468.0
538993003,3782.0
612730003,13152.0
589855004,1461.0
568597006,229.0
611146010,3952.0
512699001,1433.0
543087002,5249.0
643833003,5850.0
234432001,886.0
589921001,5485.0
669361001,1520.0
555326006,3320.0
485678019,7993.0
661795002,3124.0
447694017,7909.0
610321005,5563.0
640555001,7278.0
452898027,6278.0
671783001,3609.0
614044003,6911.0
609727003,1725.0
623564002,3463.0
665725003,1789.0
631488004,7139.0
634036005,9461.0
659571001,9929.0
504631014,8078.0
559645002,3823.0
651814001,7382.0
575488001,6674.0
628979005,7108.0
605690001,1889.0
576693001,3874.0
653275005,5922.0
651954001,9791.0
612133002,3956.0
391598062,7851.0
581315002,8680.0
522918035,999.0
523642007,4408.0
615378005,13214.0
616799004,3434.0
660215001,9941.0
633150009,9426.0
588787001,8748.0
611145013,3419.0
655256001,9845.0
661023002,9952.0
530953006,11294.0
653188004,9816.0
620377001,3451.0
665481004,303.0
629483002,2367.0
573716039,14.0
635673002,4807.0
714425001,5058.0
615021015,5594.0
523490004,3769.0
396135007,942.0
553881015,2904.0
625480004,1911.0
559649002,2556.0
671809002,15173.0
644944001,14402.0
581831010,12330.0
610729001,13072.0
580000001,352.0
619175003,6950.0
575236001,12158.0
660590003,3121.0
608069008,12983.0
636323003,1177.0
648995009,9737.0
561307003,11746.0
637515004,502.0
465655017,5136.0
619258001,13388.0
697349008,3664.0
579167001,6697.0
622964001,1907.0
397068012,3699.0
714378001,938.0
626705002,13762.0
656989001,14812.0
610117003,13050.0
293244001,4284.0
608317001,6868.0
597678006,12733.0
594834010,961.0
662888001,47.0
418545036,6260.0
493103005,6337.0
625939013,203.0
516741007,3762.0
716519001,4259.0
682550001,458.0
621474001,6983.0
570003018,4520.0
399223030,771.0
651558003,1101.0
554479005,3804.0
655331001,7429.0
629396003,9359.0
626263014,13730.0
617812003,9078.0
559642003,2555.0
627139002,2364.0
567424006,11913.0
654100004,3566.0
693208004,10301.0
697486002,1655.0
672625002,1963.0
640622005,5826.0
633965001,9456.0
299768001,3218.0
646676002,9699.0
593286001,8788.0
479227018,2843.0
647946004,5875.0
584035002,12381.0
649440001,5889.0
563394006,11789.0
501722005,10994.0
571706001,8564.0
591334004,2310.0
575373004,8597.0
569045001,5389.0
522398055,2024.0
633861001,3065.0
609650008,3414.0
679494004,92.0
487053021,8003.0
662888003,76.0
622192002,6994.0
624486009,524.0
646429001,120.0
613456007,1470.0
712838007,3200.0
658847002,2731.0
615141002,23.0
664190002,4953.0
625939025,316.0
562245006,468.0
667096001,3143.0
621522001,13492.0
656192001,14788.0
687337001,10269.0
552473032,516.0
549253001,1572.0
590007001,3383.0
262277026,7776.0
577178002,12199.0
677967008,6082.0
624562001,7033.0
575347010,5424.0
426199021,10673.0
539286002,3783.0
623667001,13593.0
625450003,7050.0
623842003,13601.0
549437002,8291.0
629760009,4764.0
567411003,4500.0
660590006,4933.0
657759005,4920.0
640850001,5829.0
647423001,7340.0
634320007,2671.0
663140003,14986.0
621336003,9166.0
616099001,13237.0
560222012,2924.0
685687004,0.0
604349001,1158.0
651327001,5900.0
596517001,4603.0
464454004,776.0
456163024,434.0
626128001,9297.0
640536001,7274.0
525932007,11253.0
496762018,780.0
608769005,1162.0
693951004,1055.0
573323002,8581.0
633148001,95.0
692202001,6135.0
491070004,10913.0
522398049,2522.0
542846001,5247.0
620963004,3031.0
717130004,1659.0
567992006,8499.0
676979002,3618.0
699383001,10330.0
482207007,1134.0
601622001,12821.0
188183012,1537.0
549257001,3307.0
640131002,4084.0
493836015,8027.0
559717006,6547.0
675875004,10176.0
237347037,6181.0
569986002,6646.0
620229004,13443.0
153115020,2472.0
639349002,7251.0
458239001,1833.0
579010007,3366.0
514817011,8136.0
619580008,4698.0
564786019,8452.0
682051001,10233.0
539060009,11361.0
674648002,15241.0
626405006,4018.0
637553006,9525.0
622238014,6996.0
632143001,37.0
510126016,78.0
669786001,7574.0
667411008,1791.0
661605001,14948.0
452851009,10727.0
680374002,198.0
637449001,9523.0
637141001,4066.0
667999001,1793.0
622238007,3455.0
634411001,701.0
601743001,12825.0
626263012,7067.0
667161002,4174.0
620928001,9158.0
516951003,4396.0
625818004,4735.0
637124001,14146.0
572931002,6665.0
667499010,577.0
478751007,3728.0
700842002,7719.0
544627005,1695.0
521062003,11205.0
578471003,6690.0
626587010,2659.0
568808002,2939.0
556493009,11635.0
680818001,2443.0
623284003,9211.0
565187001,5359.0
508184008,2018.0
666578006,6011.0
664319009,2743.0
645667001,14418.0
597745001,6806.0
568632003,11973.0
599773010,3927.0
607663001,12963.0
350911004,10526.0
639184001,7247.0
714426001,10367.0
400342003,2226.0
598397002,12746.0
677991001,3167.0
560389002,5335.0
687350001,7677.0
609715002,8959.0
685687002,3.0
297078001,3216.0
650193004,2397.0
639677001,278.0
573652001,2578.0
464927013,3260.0
662868002,55.0
686631003,989.0
584157003,5450.0
399223004,1131.0
562211001,1313.0
674079002,4202.0
621846006,1906.0
379780039,10569.0
625927001,1742.0
655567001,7433.0
621972001,5653.0
694995001,1977.0
652783004,14681.0
481347003,4358.0
395127011,6244.0
635084003,1245.0
686587003,1121.0
585275008,4561.0
217207046,10401.0
663278001,7505.0
622240002,3035.0
629420001,1349.0
355569011,7820.0
618389005,4693.0
579466001,12275.0
568861017,6632.0
514577014,3284.0
598292001,5514.0
640039001,7265.0
451290003,10714.0
468480033,10789.0
218354045,7760.0
615085002,5601.0
652113001,9798.0
615183001,5602.0
686631002,1276.0
573285006,8580.0
699208001,15521.0
628341002,5730.0
626588003,285.0
646592004,478.0
662257001,268.0
567992027,11948.0
679881007,15334.0
652269004,7393.0
463970040,2004.0
458428034,7935.0
585754001,5462.0
619176001,13381.0
542982011,11412.0
446224016,773.0
647465001,7341.0
572400002,1148.0
564754012,6582.0
667216002,10056.0
661644004,14949.0
649671001,2148.0
619496004,9112.0
654375001,7417.0
690586001,1813.0
519749039,3765.0
674651002,2768.0
651584001,2714.0
525335021,6420.0
667491010,1517.0
519780002,1846.0
692070001,5038.0
633918005,14027.0
636106001,9498.0
546661001,11445.0
596329003,12701.0
616268001,13253.0
662230001,871.0
554450001,158.0
575836002,6678.0
663176005,3130.0
562245004,64.0
681264006,3173.0
610776010,136.0
595696018,5505.0
682971001,10242.0
559619003,2554.0
550149001,11502.0
588689001,274.0
654564003,708.0
646101002,9691.0
639573001,14239.0
552826024,5292.0
677930004,511.0
654046002,2157.0
646767001,14446.0
676110001,3161.0
519588003,8151.0
705187001,7723.0
627408003,9328.0
697927001,2464.0
624067004,7019.0
638642002,3520.0
571436002,12061.0
680912007,1648.0
624121003,2354.0
621525003,13503.0
663699003,3134.0
361531003,5095.0
633377002,4791.0
597918002,2319.0
611007001,8985.0
558070008,3819.0
589764004,12546.0
620081001,523.0
535877018,6444.0
658928001,7469.0
677848001,1051.0
624383004,4005.0
597963001,1595.0
619234005,1167.0
653431001,532.0
581298001,733.0
635050002,9477.0
534181006,2028.0
629023003,4761.0
623522002,13590.0
478298012,6308.0
656099001,5942.0
612537001,1234.0
484104006,7973.0
639452002,3522.0
649428001,7358.0
534164001,2872.0
651334006,7374.0
522918019,6413.0
603585003,3000.0
588299001,3381.0
646490003,3541.0
626440010,2655.0
567547001,5374.0
588771001,8747.0
574112007,6672.0
270381004,10440.0
631480005,4037.0
416511001,5116.0
651558017,14624.0
559630007,5330.0
673933001,10156.0
651685004,7379.0
677967003,1271.0
524825019,140.0
351484013,3691.0
399201023,1130.0
244267029,490.0
522918026,5215.0
583059002,4558.0
651334001,5902.0
712838005,1533.0
504155015,2513.0
618760001,9093.0
624632001,1480.0
452511001,3255.0
253448003,671.0
673900002,4199.0
672890002,817.0
640124002,975.0
615367008,858.0
607347017,12947.0
579118004,12261.0
586307005,2302.0
301227002,3685.0
287645002,5075.0
241412038,1201.0
653277001,5923.0
360859006,10536.0
658506001,4925.0
658304001,2730.0
651464001,9775.0
641715002,14324.0
572491002,12090.0
602687009,5529.0
667770005,10068.0
648635001,9725.0
266875001,992.0
632455001,9414.0
626263006,970.0
619636001,6958.0
564326003,6576.0
631536005,1606.0
218354021,4276.0
647416001,3543.0
333323018,4297.0
442345024,10687.0
590560001,3907.0
189616001,1127.0
647756002,14490.0
579941002,12289.0
547367007,642.0
496111020,2508.0
573626001,957.0
654772001,533.0
599374003,8866.0
662888004,89.0
663942002,1379.0
594264001,1017.0
467302100,586.0
696545002,2206.0
552471008,5285.0
674888001,7617.0
583964001,8700.0
562256010,8422.0
599083005,4609.0
584449002,3893.0
537612021,6451.0
619229008,13387.0
637492001,4071.0
621372001,13487.0
513373004,1067.0
461414008,5133.0
631590002,1487.0
564787008,3341.0
585355001,5460.0
678342006,5006.0
637609001,14178.0
543141003,2884.0
487932039,10894.0
633785001,7173.0
611221005,3420.0
306307002,346.0
596862001,12714.0
627579002,9331.0
598782004,8858.0
558981015,6538.0
342060001,4301.0
569447001,2942.0
594542007,12644.0
607249001,5544.0
617328003,13307.0
669864002,4979.0
558996011,6540.0
651905007,4119.0
568597012,1707.0
622192001,6993.0
589924004,127.0
514577017,3758.0
448509014,325.0
521302008,188.0
653733001,1939.0
186262001,3676.0
554141003,838.0
651348005,1624.0
568065001,1451.0
608445001,6870.0
579322004,3882.0
657497002,1262.0
312829007,7804.0
671613001,2179.0
501820025,2509.0
656032006,4912.0
637268008,1359.0
571436024,5403.0
638958012,7243.0
570189003,3860.0
687934001,5030.0
622140006,3993.0
610617001,8975.0
615523006,1730.0
622295002,3996.0
648868001,2706.0
560214002,5334.0
586955019,6746.0
663732003,7512.0
592986006,4593.0
417773007,5117.0
567499001,4502.0
526708008,3772.0
626444003,4743.0
622231002,13541.0
598859003,444.0
677848003,579.0
556438001,1701.0
648994001,4109.0
399201011,1424.0
632523001,862.0
622877005,3999.0
618480002,6943.0
635112003,14069.0
592286002,2984.0
625818001,861.0
666578001,15072.0
624486002,2356.0
626445006,1346.0
651464005,14619.0
702624001,6151.0
559129002,6541.0
676979001,15282.0
518529001,11179.0
535390001,11331.0
639667004,9565.0
605939003,6849.0
657014001,5947.0
648173003,2700.0
586333001,2977.0
640538001,7275.0
622617002,2350.0
501616008,3746.0
588299002,4578.0
519749004,11187.0
690912001,7694.0
678342008,4212.0
627139001,7090.0
653706011,5927.0
615939006,3022.0
660369004,3119.0
548978001,11486.0
557246001,784.0
333159002,6220.0
545107001,6475.0
620236002,13444.0
569974003,6642.0
632982002,5765.0
518091001,6398.0
622877003,9192.0
646787004,14448.0
660830005,4935.0
700819006,1532.0
562252010,216.0
672054002,2760.0
558427001,2916.0
659302004,1946.0
560213004,4475.0
190021003,2217.0
705094003,545.0
610543011,687.0
484398068,5149.0
648995005,1622.0
677017001,6076.0
266873006,3213.0
533518001,5229.0
570189001,2949.0
605939005,735.0
609390001,4638.0
594997002,2603.0
622238009,9183.0
661861003,1375.0
633257001,9433.0
411413017,4322.0
673349001,1798.0
657428001,7454.0
640668001,14283.0
642864003,9646.0
617838005,5623.0
655843001,14774.0
566942001,5371.0
564048010,1221.0
145872037,10377.0
572124006,847.0
576693003,12185.0
585886001,12444.0
549477005,2898.0
624636001,5689.0
491912002,2008.0
665349001,7535.0
654612001,14747.0
687034001,2787.0
624486005,2114.0
541569001,8250.0
656031003,4136.0
608458001,220.0
558513001,1445.0
626168001,1170.0
569974001,5392.0
609282001,13021.0
541518004,680.0
626406001,9302.0
636392001,2132.0
611032001,1164.0
634248001,1922.0
695318002,2462.0
684889001,1973.0
661166002,2417.0
559634002,467.0
655287002,4911.0
574109011,1320.0
624148001,4003.0
705094002,344.0
695584001,1405.0
519079006,11183.0
426013024,1425.0
622877002,4715.0
548467001,895.0
658487003,1103.0
553069002,8322.0
162074071,10383.0
651567001,9780.0
657614003,5951.0
621844001,13523.0
588689002,1593.0
638228002,14193.0
466891001,10783.0
478641001,6309.0
637124003,5793.0
705754001,7724.0
663351002,5980.0
623632003,9219.0
645629001,14416.0
570144001,12038.0
551371002,8305.0
542965003,11411.0
651558012,4885.0
591702003,2983.0
578846001,1589.0
626441007,3046.0
630145001,476.0
562245018,11.0
299733008,6203.0
665098001,982.0
581543001,2589.0
262277011,2807.0
652367005,9801.0
641338001,9616.0
688658003,2791.0
309864010,6211.0
560221006,2042.0
657308002,14828.0
674681008,10160.0
667870002,1957.0
648034001,4865.0
619720001,13416.0
703675001,10340.0
679139001,10213.0
566745007,5366.0
593434004,2084.0
560325002,6549.0
697329009,1980.0
619285002,9109.0
451720011,10723.0
594194001,8802.0
608458002,1890.0
593184001,4594.0
576661003,8611.0
653794004,14717.0
640153003,9581.0
355062004,7818.0
635741001,623.0
665384001,7536.0
673396003,877.0
611732002,9001.0
621381010,1905.0
669215002,7570.0
645971001,4856.0
674316003,3615.0
637515011,529.0
642105001,1763.0
639893003,4830.0
598755014,12757.0
714413001,5057.0
450056008,5126.0
651253002,9769.0
561817002,2561.0
631848001,3496.0
677964001,6080.0
672598002,1265.0
694689002,2461.0
663942005,484.0
699569001,1981.0
681187001,15347.0
212766045,10396.0
655434003,2407.0
682848002,3177.0
502186013,1296.0
624537001,7031.0
652961005,7401.0
594834007,2315.0
542464002,3787.0
652082001,9796.0
588431002,12508.0
602293002,12836.0
605555001,12886.0
573740003,12129.0
630313005,7122.0
573937001,65.0
662888002,49.0
667697002,7557.0
309864002,939.0
400246014,890.0
511121006,6379.0
619881001,1733.0
469562036,1293.0
679881005,15333.0
624633001,2650.0
368979001,1059.0
526562004,6428.0
629023006,2119.0
640193001,14263.0
662722001,14976.0
675203002,931.0
564787014,1072.0
598515008,6810.0
670334001,15144.0
719530004,5061.0
692002001,2205.0
540277007,2880.0
477904002,3725.0
677182001,10186.0
562251008,4484.0
292551001,7783.0
556763004,6525.0
217727002,6174.0
616905002,4681.0
554533003,11592.0
625961002,7061.0
639146001,7246.0
655272002,14764.0
639431001,14232.0
307656018,7796.0
519847010,2866.0
599773002,12787.0
608819001,6873.0
640258001,2140.0
548603015,4434.0
601128002,4614.0
448509017,549.0
675139003,2770.0
669056002,6025.0
567993036,4506.0
637515001,232.0
609719003,3010.0
677930006,2186.0
468480031,3261.0
675856001,1269.0
615192004,6917.0
506452004,8089.0
558512008,6534.0
632665002,5764.0
611821006,5581.0
678590001,15310.0
621522012,5646.0
664891002,4955.0
546050003,4432.0
635929001,14093.0
639836001,1034.0
637643001,5797.0
493438025,3743.0
609598002,2327.0
584940008,12417.0
632145001,7145.0
561274001,8414.0
686353001,10265.0
635888001,2675.0
653409003,1367.0
457322003,7931.0
576653001,5427.0
522952016,11223.0
508156026,8097.0
505561002,11035.0
587072001,12472.0
427114015,4327.0
676352001,426.0
594633001,5499.0
564358010,3340.0
660599001,42.0
574109012,69.0
628788003,4756.0
613497003,966.0
671553002,379.0
373506001,4310.0
575542005,2580.0
635837001,7207.0
581275002,1076.0
554450027,252.0
637549011,174.0
495418003,2851.0
490473012,6331.0
661649001,9965.0
594430008,2602.0
703199002,7722.0
588676001,3903.0
621381001,132.0
478818003,6310.0
214844002,1988.0
562657001,4485.0
658923002,3578.0
640157002,5821.0
355569004,3226.0
689980001,1528.0
392168001,10587.0
687821001,4234.0
619110002,3978.0
120129001,716.0
587526001,4573.0
670021001,10095.0
629873002,9366.0
645485002,7325.0
287645013,7780.0
649677003,9748.0
518318001,6399.0
496111013,10946.0
654615001,7421.0
624134001,13622.0
647956001,2698.0
378447024,7843.0
598570001,12748.0
576775009,2961.0
649603001,9747.0
575347003,1584.0
640662002,7281.0
625321010,907.0
181448102,1410.0
351933038,1825.0
559139001,4467.0
655784001,572.0
608007007,686.0
649492009,7359.0
555102006,2267.0
634015010,2377.0
624120005,13620.0
647837001,5873.0
700819002,2799.0
611024002,1469.0
620745003,1734.0
575074001,5420.0
556549004,3817.0
554450006,11585.0
351933029,2484.0
593986001,12626.0
451720003,10721.0
587278007,8738.0
598755001,5517.0
615524003,9042.0
568696001,11980.0
627759010,13793.0
618899001,2342.0
609181001,13019.0
693769001,10305.0
625034002,5695.0
581127001,6713.0
668214001,10072.0
675827003,2185.0
428291016,3247.0
630656001,7130.0
610184002,3416.0
507431014,11049.0
565200032,4496.0
186262006,2215.0
580469005,1876.0
601595003,5526.0
156231001,53.0
479227020,348.0
670063002,6033.0
610776006,1020.0
664665004,667.0
654647002,9839.0
646429003,357.0
625528001,13688.0
639894003,5816.0
660830002,3122.0
640868001,9606.0
614496002,2627.0
572998001,172.0
635049004,5784.0
568137003,1452.0
708021001,881.0
574064001,2957.0
643591001,9662.0
559630003,1577.0
630141003,3061.0
630696002,7131.0
574117006,4537.0
189654001,1412.0
567837001,3846.0
640252001,3082.0
585503003,5461.0
595366002,8821.0
635418001,14074.0
609334002,13022.0
671453001,2431.0
639184003,14216.0
473954008,2841.0
622284002,2643.0
640539001,7276.0
545258004,8264.0
612636001,3425.0
519583028,613.0
588155002,12496.0
624050004,2648.0
608483007,365.0
697329006,3663.0
490793035,2238.0
622962001,335.0
537612014,5235.0
524061003,228.0
567411008,2936.0
400246021,2225.0
504154027,946.0
640252006,4836.0
535143002,3299.0
672224001,1389.0
651972002,14644.0
502522001,2510.0
685383003,5026.0
647462001,2144.0
645980001,1935.0
670752001,6039.0
610747004,1893.0
628924001,4760.0
633130016,1089.0
713993005,7731.0
627068002,9319.0
587244001,12478.0
585869003,2973.0
600197002,8876.0
623275005,7002.0
628326001,3054.0
670155001,10098.0
672554001,10137.0
663034002,4158.0
652075002,5913.0
616641001,9053.0
564787011,11843.0
574057001,5417.0
676994005,15283.0
547058001,894.0
523642009,4409.0
291957009,7782.0
377277002,10561.0
639544003,9562.0
487050027,6327.0
671515001,322.0
684238002,5023.0
630141009,1604.0
399087014,769.0
189626001,827.0
671783004,929.0
612674004,13150.0
469562006,2234.0
652840001,3564.0
663342003,7506.0
617279003,3025.0
565183003,4495.0
631480006,7138.0
670707001,4982.0
489607004,5158.0
508182003,8099.0
651619001,14628.0
560030006,8398.0
651859001,5908.0
646536003,1936.0
617245003,6931.0
606714001,3004.0
630438002,5749.0
370594018,10550.0
626702007,3050.0
270381003,5074.0
505094004,6366.0
590929003,2982.0
479095001,6311.0
598670001,2606.0
632642002,13950.0
594194005,12635.0
627300001,9327.0
663732001,7511.0
470789003,3263.0
153115039,10379.0
675359001,1048.0
687407001,4230.0
634332006,622.0
623434013,1238.0
626587004,2658.0
612891003,3427.0
399136047,3239.0
671974001,10125.0
574116001,5419.0
678992001,10211.0
640462001,505.0
573716037,848.0
622678001,6998.0
539723038,3304.0
659832001,1180.0
622878002,13564.0
541721001,11390.0
496762020,5171.0
500369004,8057.0
664729001,7524.0
545396001,5254.0
399256005,1290.0
501820007,997.0
615021010,3431.0
623194001,9205.0
650181001,9755.0
642296004,5836.0
686474001,6115.0
649895001,14574.0
655792005,2161.0
361401005,3230.0
648255001,5879.0
588526001,8743.0
536139029,2875.0
595573001,8823.0
579468005,12277.0
641403001,7290.0
641620001,14318.0
526512004,8186.0
541270001,6459.0
694478007,10308.0
507431025,11050.0
466595002,4349.0
671505001,21.0
519583008,215.0
660618001,808.0
592180001,1329.0
625480002,9278.0
669363001,815.0
585788001,1592.0
575141002,1711.0
654783005,14749.0
711694001,4256.0
605053003,789.0
612455006,4654.0
565379023,1073.0
639242001,7248.0
598795002,12762.0
516900002,6395.0
355072002,583.0
609146009,8950.0
555294002,11614.0
652228001,9799.0
678933002,1119.0
649510002,14561.0
623277001,7003.0
664917002,4956.0
649021001,14545.0
659832004,3118.0
621760008,6990.0
622314012,2349.0
664776001,10017.0
523707006,6417.0
626705001,9316.0
493438012,5163.0
446224035,4335.0
531284003,8198.0
576661009,8613.0
578822001,2964.0
640134001,3525.0
631744002,13912.0
619075001,9098.0
615042004,5599.0
325542015,1664.0
495573006,2507.0
638705006,9541.0
639525002,2682.0
651465002,2713.0
572124001,397.0
529008009,3773.0
620424035,9145.0
605020001,3935.0
552826028,8321.0
681891001,4218.0
581781004,2076.0
559634003,8392.0
647823002,2145.0
703199001,3668.0
598795016,2993.0
508638038,8104.0
219075028,5068.0
349301001,2483.0
625939012,695.0
621757003,1602.0
632534005,3497.0
671983001,6049.0
658978001,4927.0
583209003,12365.0
593290003,8789.0
672625003,6053.0
555326007,3321.0
648300001,14507.0
678342003,3168.0
697493003,15510.0
655250001,4908.0
629607006,3487.0
598795017,5518.0
638945003,3078.0
596067001,5507.0
509210007,11075.0
649551006,4874.0
691104001,6129.0
609737002,13033.0
533388008,8212.0
616086008,3967.0
635425004,9486.0
635280002,5787.0
597763001,1077.0
626816001,659.0
381038004,4312.0
577512007,3365.0
485537023,4364.0
475762003,3266.0
564419002,1578.0
618480001,9090.0
687534002,2198.0
579010003,4549.0
648904001,1766.0
640192001,9584.0
666449001,6010.0
644763001,1764.0
654705001,7423.0
634727003,14052.0
672077003,15182.0
599713001,12777.0
638958006,14211.0
703795002,1407.0
505507003,5185.0
634169009,7184.0
632151002,13932.0
611522006,1597.0
558514004,11682.0
201219012,3679.0
568574001,8510.0
650274001,977.0
506495009,8090.0
609719005,5560.0
653151001,5920.0
684021006,7661.0
567760007,4505.0
653122002,9814.0
649356002,14553.0
671553003,816.0
631492002,4772.0
616225010,3969.0
619353007,9110.0
667985003,1958.0
583533002,334.0
599719004,12784.0
559575001,8386.0
573085010,77.0
487827007,282.0
611929005,3422.0
552473030,1303.0
636587001,1093.0
524825014,437.0
598811009,2994.0
576775013,8619.0
671624001,2759.0
467302099,1674.0
401020001,7868.0
595696005,12685.0
573937003,2063.0
630323012,9376.0
658518001,9907.0
681357001,15354.0
671189001,10111.0
543669001,3788.0
678342005,2441.0
670295001,7579.0
587229001,415.0
589924005,201.0
509468004,11077.0
674890001,3616.0
555366001,3813.0
607427002,521.0
602985003,6827.0
612182014,146.0
677930003,1802.0
642051004,9627.0
535716001,2527.0
652924006,1776.0
563024001,5345.0
615936002,3965.0
572582008,2954.0
589599001,2081.0
682996002,1053.0
714428001,2212.0
618650002,3976.0
688432001,3185.0
663695001,1511.0
464679008,4348.0
315509020,6214.0
609332002,8956.0
671186002,4189.0
499788003,10968.0
458925009,7938.0
550309005,897.0
630675001,2122.0
674014001,2436.0
546128001,11441.0
496762014,4376.0
311059029,7801.0
647136001,14475.0
649894001,14573.0
679332001,10215.0
624632003,2357.0
680846003,5013.0
582480004,2299.0
655739001,7436.0
622962002,9197.0
523489013,2869.0
554757004,11605.0
541205003,8244.0
575004005,12152.0
633130013,1750.0
661610001,4940.0
659521001,4929.0
587682002,6755.0
713997001,5056.0
618899007,1731.0
661162002,921.0
637911005,2383.0
666319002,4170.0
637131001,4065.0
594987001,8813.0
634704002,7189.0
686269003,1810.0
654564005,1369.0
377436002,3231.0
660590001,1508.0
486782002,2504.0
651336002,4880.0
241436001,7769.0
691291004,3658.0
605154001,12878.0
691989003,6132.0
585682001,8718.0
605842006,12891.0
470636064,3262.0
454804007,10747.0
646101001,9690.0
598863001,8862.0
656897001,7449.0
624383005,4006.0
585809001,8721.0
623059001,9202.0
633130005,1355.0
584989001,8709.0
512382006,8123.0
625518001,5703.0
469039028,2500.0
631492005,13908.0
624120001,7020.0
636359002,4061.0
661655004,2418.0
676763003,6072.0
557248023,2274.0
643975002,7311.0
538142008,593.0
699566001,634.0
663699001,4950.0
602409007,5528.0
655917002,9854.0
618387001,13350.0
501616089,3276.0
625927004,3042.0
619499001,6954.0
678942001,2189.0
648630004,14523.0
456163002,2003.0
498779009,3273.0
554450002,5295.0
687921002,7685.0
666581001,6012.0
574681002,12144.0
469039019,777.0
564358003,6578.0
513699016,11120.0
651946001,7387.0
500780001,1677.0
662866003,1630.0
543723019,5250.0
641009006,4090.0
487932023,10891.0
567636001,4503.0
490794012,2239.0
658601003,9909.0
612891002,1598.0
669579003,6028.0
632862002,13964.0
653666006,3565.0
519192001,11184.0
640331001,2687.0
543491004,11421.0
632446007,9413.0
557184001,11652.0
585500001,8716.0
689020001,4237.0
653519001,4128.0
517762005,5204.0
569846001,12010.0
506191005,3751.0
622745001,1478.0
661308001,4150.0
658013001,9896.0
653431003,751.0
674482003,1047.0
625969001,7063.0
499368004,8053.0
658183002,2729.0
539723042,2879.0
607372005,8930.0
598806011,1078.0
683001002,1273.0
537076006,2258.0
519929010,6404.0
674336003,1392.0
635421002,14077.0
684588006,605.0
639496004,2384.0
644288001,5854.0
605939001,6848.0
557246002,6526.0
617534005,13316.0
581709007,12328.0
580857001,6709.0
633130006,2667.0
637549001,625.0
587524001,6754.0
599502005,1721.0
572128003,8567.0
681686002,10228.0
676124007,10180.0
525932009,6423.0
416157025,4324.0
594018004,8799.0
663312001,14991.0
641457001,5834.0
682776002,10239.0
655466003,9849.0
617383003,9069.0
566592013,6601.0
553139001,1305.0
657497007,1038.0
567729004,1317.0
552471001,783.0
642631003,1496.0
611378001,366.0
572938002,1870.0
642437005,663.0
639845003,4828.0
648980001,14539.0
594879002,2989.0
684080001,307.0
592176001,5488.0
667999003,1384.0
635054001,9478.0
625321005,1345.0
642960001,2143.0
689899001,513.0
630145002,4032.0
618839003,6944.0
581971001,471.0
564790008,2283.0
664074005,4951.0
617857002,3029.0
594633002,12652.0
573870005,1583.0
494691001,779.0
594390001,12639.0
611929009,9003.0
694968001,4246.0
667641001,2752.0
525518006,8180.0
620081007,1084.0
671985001,4192.0
610841001,2622.0
552370004,2541.0
691149002,7697.0
681620002,3634.0
315509001,4291.0
205225001,3680.0
572400012,6661.0
630450002,698.0
691275008,2794.0
655265002,4910.0
617534008,4685.0
591333005,959.0
678552001,3629.0
659295001,2414.0
624895001,4730.0
490113003,2007.0
564787012,1864.0
604199003,12860.0
620754001,9155.0
553488008,11562.0
622825008,13558.0
440811010,2000.0
551370001,3798.0
654564002,4903.0
487827023,4366.0
625343001,4012.0
615566002,2628.0
564754003,1448.0
602293003,8890.0
566942002,11900.0
516000043,1845.0
453745016,7925.0
658339002,7463.0
594697005,3921.0
595979003,12691.0
660327004,2169.0
533406023,6433.0
554541025,3807.0
647416004,5870.0
636585001,7216.0
556764002,11647.0
652067001,7390.0
682550010,3637.0
514182002,5200.0
447264004,6268.0
300908004,6207.0
583121007,12364.0
538578001,8232.0
694480001,5042.0
501820043,81.0
648719001,2703.0
641741001,2141.0
615508001,13216.0
629826001,7116.0
637673006,1096.0
399201024,281.0
631536007,9397.0
678079002,1117.0
586265002,852.0
576773012,3362.0
482207009,2237.0
552346002,8312.0
621522022,6986.0
536524001,11336.0
603680002,8901.0
573085019,902.0
682430001,7654.0
693642001,5040.0
554552003,4453.0
688873014,410.0
628788008,2663.0
579302004,1873.0
553623008,11565.0
579907001,6704.0
620423010,13452.0
623275010,5664.0
653409002,481.0
564786001,786.0
398089002,5107.0
660726001,5966.0
624042004,1479.0
695748001,5046.0
266168003,2808.0
621525002,6988.0
569516007,12009.0
629605005,5739.0
541270003,4426.0
639755001,4080.0
471714028,4353.0
676266001,15270.0
623434014,1738.0
677604002,6079.0
569046001,3351.0
552471019,951.0
582480013,5447.0
662230005,14966.0
569978001,5393.0
597510001,5511.0
620083002,4702.0
613497006,497.0
659983001,9935.0
660450001,3583.0
649098003,7354.0
714424001,345.0
569986004,3857.0
576773018,4542.0
660712001,338.0
708806001,6157.0
655567002,3570.0
632172003,5759.0
530665001,3296.0
641009004,5830.0
573716016,8589.0
664949002,3592.0
564787003,3837.0
687350002,6118.0
556527010,2273.0
640124003,1491.0
630326004,2121.0
619273001,9107.0
141661022,10376.0
624443003,9250.0
560389013,2044.0
562299001,6559.0
639338001,4073.0
624257003,5684.0
688448002,15429.0
619235001,2636.0
625653014,13700.0
642629001,9638.0
639890001,7262.0
658339001,4923.0
615021018,5595.0
584157001,6726.0
555102002,4455.0
517046009,11164.0
688873012,134.0
574120001,2064.0
679059001,6090.0
664319001,812.0
624514001,4009.0
664368003,4162.0
661152001,758.0
551336003,1440.0
622955001,1025.0
686397001,15401.0
501286001,1135.0
577675001,8631.0
626440003,7070.0
580526001,12301.0
682028001,10231.0
656032004,1102.0
464908040,6292.0
503095005,8072.0
588146001,12493.0
643055001,702.0
667499001,763.0
602211001,12832.0
369796007,3692.0
609475009,13026.0
659920003,9933.0
671974002,4986.0
678861003,2442.0
622967002,5657.0
589641004,12542.0
665305001,15049.0
578198001,5435.0
508691004,2858.0
633755001,14014.0
611929006,4649.0
529008008,639.0
338016001,6224.0
565379001,57.0
670152001,4184.0
452616002,1832.0
541286004,8246.0
564314018,6574.0
516000036,8139.0
586307004,1458.0
639833002,2683.0
630532001,3493.0
557248001,440.0
618800001,2104.0
574109014,731.0
640541001,4087.0
404864030,4320.0
557599010,3327.0
665725001,1380.0
598755002,2607.0
623632001,418.0
596648001,12711.0
624274006,7023.0
648209002,14502.0
485673061,7992.0
635440002,9488.0
619229009,9104.0
599718001,6817.0
572990001,2291.0
543738015,3789.0
623434023,1239.0
676539002,3163.0
587096001,3379.0
653275007,14700.0
640129001,1098.0
556260007,5308.0
612193003,9008.0
522374003,8162.0
590383004,12561.0
278811002,2810.0
211143040,10395.0
625930001,13715.0
687169001,2197.0
617646002,4686.0
500771007,3274.0
667411002,1790.0
574112001,1321.0
399136011,151.0
630299001,7121.0
655855001,453.0
487722005,1841.0
532578018,1559.0
624917001,9269.0
572611001,8573.0
479227017,10826.0
547780001,329.0
601622002,12822.0
636900001,1613.0
511105004,4389.0
673806004,15223.0
449263024,7912.0
570003001,5394.0
618387002,4692.0
448509015,1061.0
667870001,1638.0
613826002,3428.0
660308001,710.0
659851001,9932.0
560393001,2280.0
505038001,2514.0
399201002,1423.0
485673024,4365.0
607046003,12932.0
536139003,2528.0
632496001,13943.0
635440001,9487.0
646490007,4858.0
617279001,1339.0
624311001,4004.0
611193001,13101.0
623879002,5673.0
626442010,5715.0
496762008,6347.0
218354001,2474.0
638630001,14199.0
667316002,10057.0
599742002,3398.0
645430001,9682.0
630391002,9380.0
575172003,5421.0
607667003,12965.0
667411020,3144.0
659333001,9923.0
695871001,10318.0
637187001,4067.0
316553027,10489.0
596345001,8831.0
649507002,4111.0
695457002,10316.0
523488001,6414.0
637457001,14168.0
666656001,4172.0
664074003,1107.0
626000002,301.0
557248025,1576.0
714421001,432.0
623115001,2110.0
657497001,175.0
641685002,14320.0
691102001,7696.0
211143023,7753.0
639469006,9559.0
606670003,12915.0
641024004,14302.0
633456004,4792.0
614460005,13188.0
556527003,8351.0
658926002,9913.0
610822017,6887.0
657291001,1179.0
567993040,1866.0
655869002,1779.0
381038026,3235.0
637316002,7233.0
613294001,6906.0
663498002,4159.0
653275013,7406.0
533406005,2257.0
643213002,5844.0
651687001,1625.0
518526001,5206.0
413911015,7882.0
507910009,8096.0
452851015,10728.0
621020002,9161.0
612182005,9007.0
691556005,7701.0
618800003,13366.0
567413002,11905.0
615021009,5593.0
485546014,7984.0
651245007,5899.0
580482004,682.0
594987005,2316.0
639192001,372.0
532578017,462.0
563479002,11792.0
613459002,13168.0
399223001,19.0
633925003,699.0
607834007,3945.0
639677002,1614.0
665089001,1513.0
636938003,1094.0
567993017,1450.0
636455012,183.0
661809001,2171.0
478646003,2842.0
705143002,581.0
657159002,14818.0
677506002,4206.0
610842005,13080.0
607833001,4631.0
563162004,11785.0
627147001,1913.0
693956001,715.0
309434010,10480.0
548971001,11485.0
671600002,15162.0
659832007,14893.0
548603022,2894.0
685687003,2.0
578476001,284.0
683493001,1401.0
399136060,270.0
585398005,2970.0
615042006,4665.0
602895001,12841.0
639578004,3079.0
673349002,1046.0
556429004,11632.0
673900001,1266.0
504155011,553.0
653929002,9827.0
307239005,10475.0
553873022,11568.0
640552001,3083.0
548388012,1571.0
622241002,3456.0
583351009,6724.0
673638001,128.0
617295001,13306.0
677506001,3621.0
481110008,6314.0
701410001,1982.0
588659002,12516.0
622964005,9198.0
613060002,2626.0
595779001,6794.0
632020001,5757.0
680188003,15339.0
522398053,4402.0
564364002,11832.0
494691005,6341.0
709688001,5054.0
425217001,2492.0
577327002,12204.0
569999006,6650.0
558981005,6537.0
454544010,7927.0
480076004,6313.0
355421003,10531.0
623879001,4719.0
621766003,13519.0
640174002,1615.0
656345001,709.0
572573001,5408.0
648968001,14537.0
613246002,522.0
653210010,1259.0
607833002,2613.0
566904001,5367.0
457892003,636.0
642223001,2388.0
537350008,6450.0
620081008,400.0
659669001,9931.0
537612023,2531.0
625480003,1240.0
557248024,1856.0
684206001,5022.0
598283007,12743.0
594430007,3918.0
554450016,3803.0
561445018,3830.0
656071001,14783.0
636587016,7223.0
639454001,14236.0
517880011,8147.0
507987026,3753.0
652732001,14679.0
523490001,3291.0
657283001,2725.0
521970004,11210.0
568069001,3848.0
564792011,3342.0
532126001,11299.0
640098001,5819.0
561100001,6553.0
625229004,13673.0
688545001,5031.0
568858001,2288.0
578430002,12241.0
684210001,429.0
637141006,2381.0
160442007,121.0
616263001,13252.0
554541015,4451.0
554598008,1140.0
636148001,1248.0
673396002,2434.0
663515004,811.0
660712014,979.0
639151001,2680.0
667379003,984.0
670634001,1960.0
622981008,13574.0
324502018,3688.0
555351006,2269.0
648627007,2702.0
635190002,1490.0
657970001,337.0
648964001,5884.0
653337002,9820.0
516903008,1688.0
687151002,7676.0
554598028,1003.0
619138002,13379.0
200182002,1199.0
586282001,6742.0
429313016,4329.0
647770001,1497.0
660190001,14908.0
603582004,3403.0
556849003,5313.0
671636003,10119.0
629042005,5736.0
578630002,6693.0
538993005,11360.0
584895014,3894.0
532974005,5226.0
559069003,899.0
619481001,13402.0
519749047,11190.0
656869001,7448.0
664384001,15018.0
589783002,8756.0
640639002,4088.0
693281001,2795.0
624253002,9247.0
677062006,2439.0
710899001,1658.0
574109015,104.0
662320001,5973.0
667709001,1519.0
630316012,4033.0
625047001,7042.0
316085002,1662.0
638628002,267.0
660312002,9943.0
612075001,1726.0
656497004,5945.0
714419001,4258.0
666585003,762.0
638443002,1758.0
539723010,3785.0
646171002,4857.0
540277004,2260.0
300908003,3684.0
579751005,5439.0
521302004,6405.0
618399008,9088.0
379360015,10568.0
657395003,5950.0
624445013,9252.0
622231011,4713.0
669130001,10083.0
622211003,13539.0
679121001,457.0
610787001,5566.0
630116002,1244.0
523489001,1436.0
630316009,1086.0
493438015,10923.0
509994014,11080.0
717341001,883.0
554598003,646.0
568065004,5381.0
662553003,5975.0
630616001,7129.0
560621004,4480.0
570319001,2577.0
587748004,12483.0
640174001,1493.0
664074007,5986.0
513373002,5199.0
648738013,9726.0
685276006,2784.0
619293001,6952.0
713997002,7732.0
622238015,3034.0
542982017,6466.0
594177003,6782.0
554640001,3318.0
630323016,9377.0
651222002,1256.0
541313006,6460.0
697246001,10323.0
610051001,8962.0
573716005,3867.0
599742001,2608.0
607834003,2614.0
575172001,560.0
408569010,10639.0
474471002,6304.0
533218004,8208.0
581888002,12332.0
681841004,15360.0
590156003,8762.0
687027001,10267.0
620585006,13462.0
601465006,1722.0
682028003,10232.0
647843001,4106.0
624594001,13644.0
646756001,5865.0
464908037,2838.0
620907005,13470.0
563874001,6571.0
658030002,754.0
554598001,141.0
664133002,1512.0
640677002,449.0
571343003,6655.0
626441005,5713.0
647355003,4102.0
533329005,8210.0
644628001,3533.0
631470003,2123.0
455014028,6282.0
581777002,650.0
567413004,6605.0
636341001,7211.0
607247002,12941.0
295873004,7788.0
639670002,4825.0
616849016,6928.0
552716001,1574.0
712425003,3671.0
631632001,5752.0
640613003,9600.0
701985001,7720.0
636455007,3072.0
607367012,8929.0
585277001,6734.0
528070005,8192.0
442957006,4333.0
660119001,9937.0
564880001,11845.0
572187001,1223.0
594542003,3390.0
657912001,7458.0
674310001,4993.0
592939001,8786.0
522918034,2026.0
605365001,6844.0
306847002,2479.0
525500001,6421.0
491913003,4373.0
702237001,3197.0
523490007,4406.0
585806001,4567.0
643701002,4098.0
649553010,1363.0
639896001,4831.0
553403003,6509.0
606800004,3407.0
606522003,4622.0
557248021,8365.0
534357002,679.0
645882003,5861.0
470789012,3724.0
604837007,12867.0
627815002,5729.0
645732002,2391.0
201219001,828.0
663009001,5977.0
586955016,12470.0
617419002,9070.0
469562013,1834.0
587030011,12471.0
558246007,5318.0
620337033,9140.0
613993001,4659.0
651200001,2709.0
659381001,7473.0
610730016,855.0
569996010,8543.0
633214001,4787.0
432566001,1830.0
573444001,12116.0
552570003,2543.0
671421002,1388.0
626415013,1744.0
186372011,2216.0
675864002,10174.0
585000002,1878.0
625321004,1481.0
664319005,1788.0
595435002,2088.0
554555004,8336.0
608776003,736.0
460302004,4347.0
563610001,5348.0
188183014,6168.0
618778001,2103.0
639452001,14234.0
558817001,4465.0
678260003,10203.0
626445013,7073.0
639677007,9568.0
645275001,3535.0
628593001,13812.0
536375003,8220.0
686270003,7673.0
547058002,6484.0
556545001,6524.0
604014001,8902.0
674521002,10159.0
589017001,12524.0
617781002,5621.0
549396006,11492.0
678175001,10202.0
675852002,15259.0
594576001,8807.0
549262007,8290.0
297067002,311.0
695255001,7709.0
649046002,1362.0
643851001,5852.0
539723004,1001.0
664133001,981.0
618784002,385.0
561500001,6555.0
625819005,909.0
536139006,312.0
654861001,4905.0
400296003,6248.0
575923001,6679.0
667769005,7558.0
670233011,3606.0
582254001,12346.0
666584001,10051.0
573856001,1871.0
674492004,2767.0
551566001,5282.0
629731001,3489.0
502836004,8071.0
659302001,1372.0
618899006,2343.0
675981001,10177.0
677459004,15287.0
676065001,1968.0
647758001,5872.0
603584008,4617.0
666585001,926.0
615514001,9040.0
457466001,2836.0
592030002,12590.0
670499002,15148.0
588118001,12492.0
637274001,9518.0
615934004,4671.0
631848002,1607.0
653188006,5921.0
407663008,10636.0
342034003,1665.0
684588001,934.0
639976005,448.0
534357005,2029.0
534181002,5230.0
615021021,446.0
658119001,1507.0
667999002,4176.0
546617005,8270.0
111593001,114.0
569847002,3352.0
644800004,3534.0
123173001,433.0
495685001,1065.0
719610002,4260.0
607145001,4624.0
692216003,3661.0
522461001,2254.0
607421002,12951.0
596122002,4602.0
687364001,7678.0
598696001,1885.0
533407001,8214.0
579865003,2071.0
584925001,2078.0
347983038,7817.0
629023007,5735.0
665044002,7529.0
677062001,1396.0
633814002,14021.0
614857001,1474.0
657291002,3577.0
668579001,10076.0
619506004,2345.0
146730001,1536.0
349080001,6227.0
510075012,8111.0
626263008,971.0
643833006,1618.0
399201018,514.0
502175002,8068.0
510724001,11096.0
588337001,3900.0
610312002,8970.0
655287001,7428.0
587137001,6750.0
572533005,12093.0
634789001,14057.0
684686001,257.0
538699007,949.0
585785001,3895.0
509465002,6377.0
455504002,10749.0
595513001,12678.0
624048003,4002.0
618129001,13343.0
640872001,4839.0
568838004,2572.0
579541004,333.0
626346001,2363.0
507987024,4384.0
678206001,4210.0
608769002,2091.0
568601008,470.0
509629008,3282.0
674651001,4994.0
661910001,1181.0
458925002,3259.0
557247007,1070.0
513699010,8131.0
561814002,2047.0
627211001,13782.0
669679001,6029.0
663664002,15004.0
611628002,4648.0
611050001,13092.0
637284001,4815.0
700840001,15527.0
647250001,9704.0
630313008,9371.0
700798001,10331.0
311059032,7803.0
341782032,7815.0
581363001,3371.0
564358021,6580.0
667379002,485.0
613942006,1897.0
607154001,1160.0
565379002,110.0
570781008,361.0
567820005,3845.0
504742003,2855.0
615939007,13230.0
662076003,4154.0
623434008,2111.0
681594001,2780.0
639835001,4081.0
488012012,10896.0
624066005,9235.0
701600001,3667.0
464927010,7943.0
575542002,2579.0
649038001,1768.0
495725005,10940.0
652731001,4122.0
570002002,1012.0
625568001,5704.0
666617002,1636.0
584631002,12402.0
624556003,13643.0
354246011,5092.0
567993015,211.0
664074004,1108.0
687338001,4229.0
623283003,4717.0
626346005,910.0
570574001,3354.0
301656017,767.0
615972001,2337.0
537116001,722.0
551566003,5283.0
479167002,3730.0
633377003,864.0
633130001,1354.0
467302066,6294.0
634971001,14063.0
714423001,10366.0
687411004,4231.0
682068001,2445.0
657852007,9888.0
651282001,14610.0
574157001,12138.0
630037002,13853.0
639344003,2137.0
676286001,3162.0
628921002,2366.0
611144006,4644.0
684848003,2783.0
464927008,3721.0
586361002,3378.0
472064018,6302.0
693682001,6140.0
301517018,5077.0
342434002,4302.0
630141007,3062.0
536663006,2530.0
578474006,2068.0
537346004,2876.0
643235001,3531.0
626415001,3475.0
590919002,3384.0
610677001,6882.0
610730007,3013.0
687534001,3653.0
669091003,4178.0
634070005,9462.0
614412002,13186.0
669614003,10092.0
589017003,12525.0
618160001,2102.0
631170001,4770.0
607627001,12961.0
537840001,8228.0
506110001,119.0
594630002,6787.0
628813002,1915.0
621381011,159.0
574112002,6671.0
658487001,4143.0
567411015,4501.0
516000056,5202.0
639405001,9553.0
607310002,3408.0
691543001,258.0
413707001,830.0
636323002,2380.0
636407002,5791.0
189616007,382.0
479294002,7966.0
580770004,2967.0
665538001,1515.0
675689001,15254.0
675359002,388.0
605939004,1230.0
561222001,8413.0
443860011,10694.0
658030005,628.0
318035018,10492.0
651242001,9767.0
688632001,2199.0
673630001,3156.0
620424024,3986.0
300024009,1991.0
614878001,4661.0
627687001,4751.0
620625001,3989.0
640252003,5822.0
576689001,1150.0
588041012,12489.0
652924004,2152.0
577399001,3364.0
652002001,14647.0
633918001,9452.0
561218001,11740.0
653621003,2405.0
621476001,6984.0
599725001,4611.0
660327001,4932.0
566766002,6602.0
507909001,79.0
660712012,113.0
661147004,223.0
665095004,1514.0
507909003,210.0
653208002,14695.0
624216001,4723.0
677530002,1397.0
510465001,1212.0
607350001,3943.0
634160007,7183.0
536139011,837.0
555837002,8346.0
593829004,1016.0
611148013,3953.0
625939035,621.0
534118002,8216.0
179950002,5063.0
590582001,6769.0
639672001,7256.0
217727003,7759.0
685276007,6111.0
518529004,4398.0
656004002,14778.0
557248010,3818.0
632193004,4778.0
565321005,5362.0
612033001,13130.0
578023001,5434.0
665971001,10041.0
560270003,1861.0
591439006,3387.0
617284001,5616.0
502645001,6359.0
597569001,5512.0
564934002,3344.0
619727002,9119.0
618839001,9095.0
548388015,1696.0
566087002,11879.0
496111015,8037.0
704045001,10341.0
665185002,10025.0
658601024,14860.0
541518023,1693.0
669825002,6031.0
680374001,879.0
666006006,50.0
568863005,595.0
651273001,374.0
436083002,3708.0
433414028,10679.0
671553006,1640.0
554541014,3805.0
656388001,5943.0
677930002,819.0
504890002,8079.0
572128013,12077.0
598665001,1719.0
666354004,6009.0
636385004,4062.0
633131002,13970.0
618917009,13374.0
629786001,5743.0
626476002,7076.0
557265001,6529.0
631458001,13907.0
579500001,6699.0
608582001,8944.0
308154008,10478.0
599716002,1467.0
573282011,5412.0
561548009,11752.0
627653001,13791.0
544181002,8263.0
516903011,2252.0
663354001,7507.0
189691075,5065.0
293510001,4286.0
637940005,4820.0
624690001,3468.0
676954001,155.0
649551016,3552.0
669034005,764.0
560270001,1311.0
559129006,1857.0
649494005,664.0
625518004,3470.0
701129002,129.0
507909017,2245.0
484398056,1839.0
542464001,5246.0
564999009,8456.0
672573001,7599.0
666448001,761.0
554552019,4454.0
386681012,4314.0
651863002,1258.0
608596002,12999.0
548111007,2892.0
623012010,9201.0
626328001,4737.0
497284003,10949.0
327310002,5084.0
698943005,2798.0
666331001,10046.0
572128005,5406.0
616739001,4678.0
623275002,4716.0
516951001,2019.0
505094001,8081.0
589789002,8758.0
640562001,9597.0
606023004,5537.0
241590001,6182.0
567814001,5377.0
589556003,12539.0
629826002,13846.0
615021023,399.0
685276005,3647.0
616201009,6923.0
539723019,8237.0
640176001,1251.0
687763001,10271.0
591702001,4587.0
619148005,1023.0
664123001,15009.0
620625003,5645.0
663003004,1631.0
589448002,8752.0
646961002,7335.0
505573005,6369.0
541518018,5244.0
646085004,7331.0
408575003,5113.0
609182001,8951.0
391750001,4316.0
617496001,9072.0
585398004,6735.0
606136001,6852.0
614734001,13191.0
649671004,3553.0
587115001,3899.0
573085005,82.0
650274003,7367.0
655434002,9848.0
479167001,3729.0
594542018,6785.0
575343001,5423.0
634333001,3506.0
621846001,1168.0
653428001,3104.0
610314002,5562.0
198518010,1987.0
581154003,4553.0
569984003,12022.0
627769007,5728.0
668290001,3598.0
671657010,15165.0
529008010,2027.0
590922001,3386.0
637569001,4816.0
680127001,10219.0
179393001,1285.0
562252036,2929.0
588526002,3901.0
461414009,7939.0
522018001,8161.0
333323030,3689.0
387444006,4315.0
405636014,6252.0
613456009,690.0
573085028,231.0
665713002,3138.0
573716015,1149.0
648998001,1767.0
714909001,1986.0
667491006,40.0
666080002,1111.0
659324002,5962.0
612420001,905.0
686265001,308.0
634332001,700.0
539723013,5240.0
653552001,9823.0
675319002,341.0
617660001,9074.0
645423002,9679.0
562245039,294.0
576773015,6680.0
555306001,11615.0
650678001,869.0
566941001,6604.0
641611002,14317.0
621846007,5652.0
596715001,8834.0
640662004,5827.0
516000017,4394.0
711547001,2801.0
575839002,2066.0
505975001,11037.0
615808003,13227.0
584895003,12412.0
503010003,11004.0
599718006,12781.0
482638006,1838.0
654920001,5935.0
615795001,13222.0
670437002,10105.0
579399004,12272.0
615042003,5598.0
642498002,5837.0
621767002,13520.0
501820021,4379.0
427159007,4328.0
517462001,166.0
635473001,2673.0
392220001,10589.0
626816003,475.0
591787002,12585.0
548237001,2265.0
626257003,3474.0
446224014,612.0
674844001,2769.0
657287005,920.0
556527009,2272.0
634021004,5779.0
569999005,6649.0
625939002,473.0
544290001,11425.0
592180003,564.0
591421002,12574.0
639260002,7250.0
658304003,7462.0
645486002,4100.0
646592006,3088.0
325087018,993.0
626445002,3048.0
579541007,1324.0
651596001,5907.0
594517003,8804.0
633781003,2375.0
622041001,13529.0
598665002,3925.0
612554003,4655.0
635421003,3509.0
554541003,5299.0
572791007,4533.0
580684003,12305.0
587026014,6747.0
516131005,11155.0
607122002,12936.0
658589001,9908.0
678086003,169.0
688873001,51.0
704048006,15546.0
635695001,14087.0
691012001,2202.0
636421003,14111.0
650677004,978.0
683662002,101.0
667491005,486.0
649397002,241.0
516000020,6392.0
491913001,10917.0
647190003,976.0
433444013,7897.0
660712007,483.0
537076001,1563.0
618950004,2635.0
513257011,11114.0
556364001,3815.0
572931001,6664.0
542551005,8256.0
605777010,5535.0
598460002,6809.0
628326002,3482.0
592975020,182.0
625043002,5696.0
639670003,7255.0
660552001,14921.0
622284001,9185.0
656031001,3109.0
526302001,11263.0
372860051,1826.0
620910001,13471.0
448515031,10701.0
552475006,11543.0
634323001,7187.0
644706002,14395.0
116379047,7739.0
679128001,15323.0
624261002,9248.0
622267001,13545.0
611469002,5579.0
495573002,6343.0
611144022,5571.0
610117004,13051.0
554757005,2038.0
517495005,8141.0
673024003,15202.0
600793001,12806.0
628457001,7098.0
617322003,1600.0
575141001,903.0
549914002,2900.0
549262001,5272.0
710060001,2210.0
671513003,1184.0
608776001,2617.0
532578010,948.0
692401001,2458.0
674492002,7614.0
674336007,4203.0
597082002,1157.0
678933001,1187.0
392938002,5104.0
569974022,4516.0
587296001,12479.0
650678004,4876.0
607703001,8937.0
568751002,3851.0
523936014,11238.0
552473008,5287.0
642425001,9631.0
665329002,10031.0
522725014,638.0
635677002,2674.0
585682002,6736.0
561104001,11737.0
550309004,8297.0
626415002,9304.0
671217003,3608.0
581315001,12320.0
687151001,7675.0
532275008,6432.0
670316002,15143.0
504155006,6364.0
560783010,8410.0
552826001,2903.0
598806001,1596.0
644300003,5855.0
589641001,3905.0
671852003,196.0
669215004,985.0
688678001,2454.0
561758013,11760.0
650678002,3554.0
181160009,6164.0
624723001,2651.0
727754001,3673.0
447694009,7908.0
650800002,9764.0
573626002,4535.0
579010012,5437.0
594697001,2085.0
570003002,1868.0
642339001,4095.0
629760001,7114.0
561370004,6554.0
673016002,7601.0
532138001,2526.0
525518005,8179.0
663835001,7515.0
658601004,14858.0
341242012,7814.0
667412004,4175.0
600380003,4613.0
577400001,12208.0
515949002,11147.0
642862001,9644.0
609032001,8949.0
629679001,3488.0
674448001,3158.0
657759004,4919.0
668035001,15099.0
648481001,14516.0
625939005,107.0
699366001,4248.0
669328001,10085.0
572955001,2955.0
200182001,139.0
501616087,8065.0
525932002,8183.0
639410001,14231.0
674047003,537.0
569374001,2053.0
669896002,876.0
563519001,729.0
634009003,1028.0
658907007,9911.0
619566001,9116.0
288859009,5076.0
554811014,3809.0
446224019,10698.0
626813006,1027.0
548613038,2896.0
607400003,5548.0
664138002,10006.0
674492003,2766.0
378135030,7840.0
660712011,600.0
545396033,11435.0
620945003,1601.0
542677002,2030.0
642105003,2691.0
623980004,3464.0
622094001,2642.0
484108008,7974.0
581127011,8673.0
670950004,1521.0
357751002,3227.0
582077002,1327.0
680979001,5014.0
522183001,11213.0
563205001,6569.0
666382006,1955.0
399061011,3701.0
560846001,5337.0
630450003,13872.0
554811008,3808.0
573323004,8582.0
548546009,2536.0
642699002,5840.0
615367009,2335.0
623595004,13591.0
522398030,6408.0
624512003,5686.0
662592002,4948.0
625316007,2359.0
564334002,6577.0
687424002,61.0
625316004,694.0
643217002,4097.0
634383001,3507.0
661806003,456.0
639656001,4077.0
663937001,980.0
640807001,1252.0
642739003,746.0
501616009,435.0
576719004,8616.0
573390001,2956.0
622955002,969.0
487722007,208.0
624385005,4724.0
632651002,7151.0
652747002,4894.0
669215006,2426.0
687524001,542.0
623275008,5663.0
626168003,1241.0
623434012,2647.0
598649003,8850.0
605378005,3002.0
616329001,13255.0
476315042,7958.0
610072001,13047.0
549333002,5273.0
451380016,10719.0
636902001,14134.0
615523001,6919.0
636112002,14101.0
694153002,1404.0
644706003,14396.0
399201020,115.0
666223001,3139.0
571436010,1708.0
516741006,11158.0
611338001,4647.0
671015001,4186.0
397068014,995.0
567720003,2569.0
554772002,62.0
643833005,3085.0
676110007,10179.0
690276001,15442.0
627197002,2661.0
537085001,2259.0
659460002,4146.0
446224010,3712.0
554450003,5296.0
310091018,6212.0
669916001,15131.0
635957001,973.0
669031002,6024.0
549251005,8286.0
684588003,3644.0
557248002,3326.0
558787002,8380.0
561548002,3335.0
633809003,1611.0
683024004,765.0
587096005,6749.0
588588010,3902.0
520829003,11204.0
644073001,1619.0
555946006,2271.0
598665010,8852.0
612800008,13155.0
504881006,6365.0
633234003,13985.0
629772001,5742.0
649010007,14544.0
570004009,2056.0
576773009,2067.0
571092001,4523.0
686268003,7672.0
512743001,11111.0
539723005,17.0
400319005,3241.0
552370002,645.0
659124001,7471.0
680912011,822.0
633787001,14019.0
559139007,1858.0
669517002,10088.0
537839004,8227.0
301213014,10466.0
605290002,3404.0
641972002,9625.0
348870001,3224.0
662857004,424.0
691989002,2204.0
563988004,11801.0
657955001,14847.0
588689010,1156.0
341242001,3690.0
672127002,6051.0
588689013,1459.0
532954002,1560.0
588104002,12491.0
688223001,3184.0
569984015,2055.0
686516001,3181.0
604993001,6840.0
675120001,10163.0
664140001,10007.0
635425001,14078.0
636899001,4813.0
347200001,5090.0
508184020,3281.0
636351002,4060.0
630116006,1172.0
625773001,1740.0
635561009,2127.0
617620003,3437.0
591183001,8773.0
513373020,8129.0
668466002,10074.0
621474008,3990.0
695627001,3191.0
619234004,3979.0
584483004,1591.0
645969001,3539.0
673771003,10151.0
674482004,2181.0
591548002,5487.0
624632006,2358.0
551336001,615.0
545449033,8269.0
453272015,4342.0
657434001,14832.0
629042001,2664.0
651206001,4877.0
635561001,1247.0
569984001,2945.0
683356003,1808.0
544627006,2886.0
559637004,8393.0
469137011,2839.0
513257009,5196.0
649551015,7363.0
575495005,2959.0
291338014,6198.0
517729038,11168.0
618750001,9092.0
479604005,5142.0
585480002,8715.0
545449032,5257.0
569973001,8532.0
578342004,12234.0
566940001,5368.0
244853036,7772.0
676326005,15272.0
674079004,1185.0
658030001,279.0
590007003,3906.0
610776007,2620.0
583554002,1154.0
431034005,7893.0
666382002,760.0
651348001,3557.0
581086001,244.0
688018003,15426.0
662696005,14975.0
501820001,326.0
665873001,3595.0
555326003,11617.0
662932002,9982.0
640542001,4837.0
557293003,5317.0
626366001,4738.0
557246005,2549.0
651558007,14622.0
500372004,10975.0
719017001,5060.0
625311009,13676.0
598712001,8854.0
578478003,561.0
662773001,4156.0
587813005,4576.0
590007005,12555.0
667499004,1518.0
442915001,1292.0
662905001,3127.0
627009003,4748.0
585788003,2079.0
688713001,15432.0
508184019,2515.0
558981009,8384.0
506190005,3750.0
578589001,2295.0
632534002,4781.0
684890001,4224.0
678983002,1188.0
573716010,1710.0
666080001,1635.0
575542001,1712.0
625939014,355.0
653277002,14702.0
585482001,300.0
501616074,6356.0
667985001,1792.0
693584002,580.0
599580001,2089.0
587637003,3380.0
590921001,6770.0
652671001,1775.0
533329008,11310.0
549852004,6495.0
537688015,1298.0
567411017,11904.0
615130001,9034.0
631649004,13911.0
538813002,6455.0
650138001,5894.0
629825001,4765.0
611020005,2623.0
658036002,9897.0
126589006,2471.0
695890001,10319.0
651905005,2716.0
682550005,7655.0
687427002,713.0
393447016,1994.0
552346001,898.0
680846004,1523.0
605970004,5536.0
626263009,1743.0
163734002,7744.0
586014002,3896.0
644314001,14378.0
656388002,9863.0
615042005,4664.0
598811010,3396.0
484205018,7977.0
614644001,6913.0
679086001,10212.0
685470001,7669.0
622967001,4000.0
612935001,3019.0
618476004,9089.0
538142004,87.0
364297029,7825.0
625768001,4013.0
617919017,859.0
661162001,213.0
608018001,12978.0
622314003,3997.0
705973003,1656.0
641024005,9608.0
552471027,2542.0
642631002,5838.0
674536001,15239.0
598515006,1884.0
237222012,2219.0
488546001,2848.0
541512013,2532.0
641237001,9614.0
580469008,3888.0
440811001,10685.0
359504016,6231.0
567993042,2286.0
604454004,12861.0
623864001,13603.0
547300003,11451.0
531837001,4417.0
590467001,8766.0
677515001,10191.0
671762001,7591.0
598767003,8856.0
690066001,10277.0
613456002,1896.0
657750001,9884.0
615192003,3962.0
559867001,11709.0
613457001,9021.0
477163001,4355.0
617878003,3439.0
401044012,1291.0
562245001,4.0
657639001,2164.0
599502009,66.0
611216001,8992.0
578876001,2296.0
675952009,1050.0
649440007,14559.0
448509009,775.0
657476008,246.0
568861004,3853.0
639685006,477.0
645895001,2392.0
452618001,1427.0
632151003,13933.0
561303013,11745.0
610822010,5568.0
562480004,3337.0
643552001,1099.0
645424001,3536.0
643974005,14371.0
656649003,1037.0
219075023,4277.0
118458038,4264.0
628326003,3055.0
605094001,1159.0
368038011,6232.0
493836018,8028.0
579990002,1874.0
669807001,3602.0
636587005,7220.0
566941012,2935.0
552604001,8318.0
633234002,13984.0
558267001,8373.0
552346008,4444.0
688470001,4236.0
603584001,5531.0
593257001,12614.0
673873001,3613.0
559014004,11691.0
673137001,10144.0
522725018,5214.0
621551004,9173.0
544360001,6473.0
664075005,759.0
622877004,9193.0
673175001,15207.0
612481008,5583.0
597082001,684.0
509457017,8108.0
557247013,3325.0
683379001,6103.0
532578019,555.0
642960002,747.0
567818001,6616.0
681121001,1399.0
626441006,4019.0
564790013,730.0
359504019,7821.0
300024016,6204.0
561066001,11733.0
639985002,7264.0
655784003,506.0
681667007,15358.0
642482001,4096.0
628425001,1914.0
554552004,11599.0
649395002,4110.0
550021002,1573.0
665294001,7533.0
573282004,12108.0
635844003,7208.0
690926001,5035.0
640316002,14268.0
503569006,11007.0
651345004,9772.0
509042001,5190.0
547780015,5263.0
661414002,2170.0
548613029,1300.0
657815003,9887.0
695033001,6142.0
587026012,8734.0
558986006,2552.0
542533002,11401.0
630116011,4031.0
658298001,176.0
672824006,4195.0
637673005,204.0
607596001,1724.0
658847003,2166.0
626263002,1026.0
658240001,9900.0
696628002,2207.0
504155001,891.0
534316004,11327.0
228257004,3682.0
634765002,14055.0
698943004,1282.0
579125003,8652.0
568767003,4512.0
506452003,4382.0
481110017,3732.0
504113022,6363.0
620208008,6965.0
700828001,1124.0
646789005,14450.0
555364005,5305.0
624383007,4007.0
667874001,2425.0
596208002,12697.0
636935002,624.0
573452001,956.0
634013001,7180.0
568931008,5388.0
629764002,4028.0
640733001,14286.0
568556001,4510.0
559642001,4469.0
649492006,3551.0
612778002,3426.0
669950003,2427.0
619451003,9111.0
580482001,2072.0
557248020,11659.0
554479002,11589.0
615491001,3021.0
677493002,10190.0
493103035,6338.0
467738002,7948.0
634249005,1091.0
621760005,1736.0
618840005,5629.0
403490012,7873.0
661162003,509.0
551336006,2902.0
573085014,161.0
373506004,2817.0
683662009,306.0
399136054,5109.0
562252033,1008.0
687270001,1054.0
636392002,4063.0
651893001,3561.0
628788004,2118.0
648911001,9733.0
642499001,7300.0
677967002,3166.0
651724002,570.0
677809001,488.0
153115019,3675.0
677991002,1804.0
469137010,2501.0
678260002,820.0
615325001,4667.0
633535003,2374.0
471714002,6301.0
520829001,8159.0
665532003,4962.0
316441023,3220.0
630326001,5747.0
607322001,3942.0
632982001,2371.0
634761004,7194.0
616100001,13238.0
562093001,8420.0
493103039,5162.0
436083003,3249.0
583448003,8697.0
521302006,1847.0
602722002,12840.0
623059004,5661.0
637661004,137.0
593494003,12616.0
529008027,2255.0
639094001,9547.0
486639003,1840.0
598779002,12761.0
610922002,13082.0
636093001,1356.0
637268002,2382.0
479227001,1430.0
535783001,4420.0
626648003,9312.0
663732004,3590.0
704036002,1126.0
640597001,1932.0
631833001,4775.0
537085009,892.0
671027001,10109.0
586955001,2594.0
478944001,10824.0
582257001,2590.0
603821001,6833.0
522398052,1848.0
644300001,7316.0
576708001,12187.0
685284002,2449.0
607322003,12945.0
672456007,1961.0
663145001,1952.0
613942005,2097.0
652008001,9794.0
611480003,13113.0
633935002,14030.0
237032003,6180.0
584510003,5454.0
549914003,896.0
529008026,28.0
650696002,451.0
667999004,875.0
630316007,9372.0
620424017,9143.0
651464002,3560.0
581234001,8678.0
669882004,1045.0
555353008,2547.0
584327004,8703.0
425978003,4326.0
654414001,7418.0
576705002,12186.0
555432001,4456.0
567993027,3349.0
600886002,3928.0
212766043,7756.0
607390002,12948.0
700954001,4249.0
607834008,4633.0
672448002,3152.0
655039001,5936.0
639677008,5814.0
583362005,12367.0
587229003,5473.0
681276001,15353.0
607374003,8931.0
657014002,2410.0
577887003,12225.0
583443001,6725.0
572955010,12104.0
636904003,9514.0
568842005,11987.0
659816001,14891.0
549251012,8287.0
393750002,7855.0
664312002,7520.0
626054001,3043.0
675139006,930.0
675302002,1800.0
569244002,1453.0
647190001,3089.0
657476001,753.0
561445011,2045.0
403448008,7872.0
669360002,10086.0
635146002,4053.0
671553008,1641.0
249136022,10424.0
351484014,1420.0
526562001,3771.0
562211011,3832.0
634009004,356.0
666617003,3142.0
693208005,5039.0
586361001,3377.0
630891002,13886.0
537688010,592.0
579541011,2965.0
660924001,9949.0
634013021,5776.0
675864001,10173.0
408104012,7876.0
623884002,5674.0
631480009,4771.0
616619001,4675.0
653275008,7404.0
619660002,4699.0
665110001,4165.0
592975014,4592.0
642929001,14346.0
628326004,2365.0
682848003,3639.0
485553004,10865.0
584277001,6727.0
641138002,14305.0
626615012,3049.0
694968002,2796.0
617348001,13308.0
578487004,6691.0
633531002,13998.0
631121002,7134.0
569978005,12019.0
556655002,1702.0
464297007,832.0
562245042,125.0
436261001,171.0
679263001,7644.0
554541002,5298.0
684010001,5019.0
552473001,952.0
515158010,8137.0
628930008,697.0
678342007,4211.0
608007006,445.0
470636007,6298.0
634332004,4049.0
568301001,6624.0
542413001,11400.0
654921001,2406.0
611020010,8986.0
553905004,6512.0
534357008,5231.0
659848001,3581.0
342034027,4300.0
586203001,5464.0
607427003,1161.0
146721002,10378.0
655252001,5937.0
539357004,8236.0
656213001,1503.0
633781009,2376.0
463970021,3720.0
677809002,3622.0
626713002,7085.0
673813001,6062.0
633242006,9432.0
623903002,13610.0
662344001,2420.0
612175001,5582.0
569206002,12001.0
573530003,12119.0
599719010,8870.0
633916005,14025.0
564340002,5354.0
620425011,9146.0
686897001,15406.0
680912006,4217.0
377277001,5099.0
629758005,5741.0
657925004,2412.0
682267002,10234.0
560389011,2925.0
692586001,3188.0
605094008,4619.0
645732001,3538.0
663724002,9996.0
584200005,5451.0
473954006,1836.0
668958001,10081.0
549852003,8293.0
506191003,3278.0
490176004,6330.0
564031001,1705.0
678553004,5007.0
689165001,1402.0
660201001,4148.0
640716001,3527.0
649238001,7355.0
621019001,3454.0
563162003,8430.0
606522002,5540.0
556764001,8362.0
662075004,2739.0
629801001,1485.0
705032001,2208.0
628978004,13825.0
634009008,2669.0
567499003,8477.0
653538001,7408.0
663732002,5983.0
426199002,2493.0
506321009,2016.0
692002006,10296.0
618821001,13368.0
631750002,9402.0
672651001,15196.0
620933003,6979.0
448515001,4337.0
613826004,2096.0
571650001,2951.0
627389006,63.0
599559001,5520.0
603401003,520.0
578113002,1456.0
553875011,8324.0
588689005,2978.0
703795001,310.0
540395010,11371.0
647373002,4861.0
685383002,2786.0
623866001,4718.0
575542007,3872.0
399087001,227.0
469562021,4352.0
572797011,2290.0
676539001,2772.0
668390001,1385.0
599083009,1466.0
560047003,8399.0
639836004,2139.0
619907003,13429.0
624311002,2113.0
634789003,14058.0
632362004,9411.0
528931002,5222.0
544571017,11428.0
621759003,5649.0
447596001,1672.0
567626001,2937.0
633781002,4793.0
614848003,3959.0
692687001,10300.0
671777001,3148.0
593829002,960.0
624556002,9256.0
631868005,13922.0
179123040,4272.0
522725020,2025.0
451290008,6274.0
620405001,1237.0
617900007,1340.0
639976002,108.0
393447015,994.0
694589003,2460.0
552473025,5288.0
661373001,4938.0
728162001,1057.0
543310001,950.0
616763004,9056.0
615042010,9031.0
632982014,798.0
436570023,1831.0
625961001,2652.0
651330003,5901.0
671011002,10108.0
563519003,2050.0
659835001,4147.0
642975001,14349.0
615508003,9039.0
237347036,1415.0
624634003,5688.0
667126001,6014.0
612133001,3955.0
636455005,14113.0
645030001,9675.0
568065003,4508.0
687326001,15413.0
679237001,5008.0
688385003,10272.0
567657010,6611.0
617841001,9079.0
659208003,4928.0
632307005,13939.0
666204001,6004.0
654423001,1368.0
487827009,2505.0
680186001,38.0
212042043,7754.0
673776004,15221.0
662630002,5976.0
663176006,7503.0
654423002,4132.0
593990001,3917.0
671607001,2758.0
625939004,526.0
634013012,5775.0
637268001,4814.0
626263003,7066.0
507676005,8095.0
586265001,651.0
644306002,7317.0
567618001,3348.0
619727003,3446.0
633136004,912.0
643540001,14363.0
657291003,1943.0
679986001,821.0
658756001,14865.0
675856003,1116.0
633932001,3501.0
216081011,7758.0
613827001,13176.0
638953002,9543.0
691911001,10295.0
662948004,924.0
654100005,707.0
577006002,3363.0
689123001,607.0
552497006,11545.0
549414004,11496.0
654758001,3569.0
521269002,614.0
654436003,5932.0
674336002,1267.0
539844004,1299.0
678861001,3630.0
638622001,7240.0
650122005,9753.0
536385003,3301.0
661192001,9956.0
640476002,3526.0
678931001,1806.0
608952002,1891.0
645738002,9686.0
660085001,14905.0
449263003,3714.0
620424031,6974.0
686269001,541.0
702072001,10337.0
458924011,1673.0
597918001,262.0
651912002,1035.0
652747001,1627.0
576773016,2582.0
616337002,1901.0
617169010,9066.0
547747001,643.0
637515006,916.0
682996001,3178.0
517678006,1557.0
620585013,2639.0
449263031,10705.0
679725001,4215.0
554541017,3315.0
581127010,8672.0
633456003,1090.0
592241004,1227.0
550309001,557.0
567635007,8481.0
612455005,1021.0
562245057,295.0
552370007,3312.0
650103003,14578.0
631649001,5753.0
509091025,3755.0
625939003,525.0
637283001,5794.0
658627001,4144.0
603582003,2321.0
399061015,1996.0
628564001,3483.0
668598002,15105.0
425173001,6261.0
160442043,826.0
603584003,2999.0
673637001,3612.0
562245015,2928.0
693694001,5041.0
526708034,11267.0
454199002,2002.0
695014001,1815.0
640129002,4083.0
633685001,9442.0
663488001,4949.0
457892005,831.0
554541016,3806.0
651165001,3096.0
641168001,14306.0
690260002,10281.0
649437001,749.0
467302079,1429.0
729931001,206.0
693474001,3189.0
645422002,7324.0
647751001,2394.0
637673007,1032.0
657220001,4916.0
490436001,8014.0
630037017,13857.0
681358002,10227.0
590961001,8769.0
553881017,8327.0
663817002,7514.0
647396002,2393.0
579302007,2584.0
544895002,5252.0
529012030,3774.0
640605004,14279.0
625914003,7059.0
560221002,3332.0
585006004,5458.0
626588006,13748.0
583121004,8694.0
667317001,10058.0
595315002,12674.0
640182001,7268.0
554450005,331.0
663942008,339.0
489607003,1676.0
372860001,44.0
585355004,4562.0
524825012,124.0
690276002,10282.0
598806002,1229.0
596472001,854.0
619515001,3445.0
640157001,14259.0
572399005,1581.0
684028001,4221.0
636938005,1926.0
664618001,7522.0
443696014,7904.0
186372042,10389.0
633133001,1609.0
622242002,2348.0
541491009,3786.0
671513001,1264.0
610747002,4642.0
321591012,7806.0
632220001,7147.0
570175001,12039.0
648769003,9728.0
639273008,14225.0
619739004,6960.0
633148011,7159.0
400285019,2489.0
495573014,8031.0
615217004,9037.0
501619007,8066.0
625927007,4015.0
663007003,7500.0
661796002,9966.0
633377008,3498.0
515291001,11139.0
584757001,12409.0
535488014,2873.0
581162007,2587.0
660002002,5963.0
591701002,6776.0
688873011,390.0
606769001,5542.0
617036001,5612.0
596278006,8830.0
156231002,2803.0
464679003,1428.0
657497006,508.0
669786002,4181.0
548613005,2895.0
622228002,3033.0
628354001,9336.0
622140005,1024.0
621523013,9171.0
694153001,1280.0
691764006,1192.0
554772026,2039.0
631902001,2665.0
640639003,7280.0
660712002,1509.0
572128008,12076.0
676698001,10182.0
677172003,380.0
652361001,1499.0
663016001,1951.0
673911002,10154.0
687371001,1811.0
189691067,1820.0
643701003,3532.0
464908039,1547.0
590928001,3908.0
635789007,2130.0
584327002,5452.0
608776009,2092.0
645134004,7323.0
630672002,4035.0
364409038,7826.0
524825011,721.0
579941007,12290.0
602976003,12842.0
572493002,8571.0
485544004,7982.0
497225012,10948.0
598755003,6812.0
610117002,13049.0
643324001,14359.0
573856024,3868.0
634231001,9463.0
630318001,13864.0
677172005,2773.0
628466001,1483.0
620533001,5644.0
583534002,253.0
507910020,395.0
568594001,6627.0
594427001,12641.0
660830006,7484.0
625939021,474.0
478818005,7965.0
693208007,10302.0
644769001,7320.0
536139009,2874.0
504154020,1679.0
673016001,10141.0
547349002,1568.0
626615011,13753.0
706896001,7725.0
523160018,4405.0
581777001,2075.0
628513001,4753.0
443262015,10692.0
647166001,2697.0
678153002,3624.0
508638037,11062.0
689866001,2201.0
564792001,1146.0
670698003,3146.0
632737001,1351.0
599781001,12792.0
651222005,3097.0
559645005,4471.0
485973039,7997.0
647841001,373.0
589924003,787.0
615941006,2631.0
545258007,5253.0
632362003,7149.0
557244001,8363.0
672310001,15186.0
564126002,4489.0
624688003,5692.0
615021027,5596.0
511783012,2864.0
641461001,5835.0
643213001,14356.0
633640001,7169.0
541519005,1853.0
647334001,531.0
673643001,578.0
399201022,118.0
524825013,9.0
656015002,7439.0
305304008,1541.0
619636003,6959.0
679121002,1120.0
636935006,865.0
639151002,4823.0
341782022,2482.0
715232002,5059.0
400285009,2822.0
606322005,4621.0
536139028,1297.0
661118002,4936.0
618800006,2341.0
583539001,5449.0
516000019,1685.0
663185001,7504.0
452818001,3256.0
624327002,13632.0
657395007,1944.0
578480001,2963.0
522638007,6411.0
634727001,4052.0
567553001,8479.0
611062001,5569.0
642082001,7297.0
556545004,8355.0
649690004,7365.0
224606019,1989.0
688873013,2455.0
481110002,5143.0
650503005,2708.0
577627001,3879.0
671142001,15156.0
556379003,1141.0
537085011,6449.0
675095002,2183.0
504154016,1206.0
605383002,8917.0
682456001,1189.0
676387001,1801.0
554450015,6515.0
249136020,6186.0
443696011,4334.0
635474002,4804.0
680557004,1971.0
690992001,431.0
638526001,14197.0
108775051,1197.0
624257002,2355.0
683379002,6104.0
663568001,1785.0
583800009,12376.0
649551007,2147.0
552315002,3311.0
448515019,1546.0
646789001,5866.0
620187001,5639.0
651898004,9788.0
530176002,11292.0
628813005,3485.0
617919011,2100.0
663521002,9995.0
634383002,4050.0
655826006,5940.0
657165002,2724.0
614648002,6914.0
666617001,7552.0
399061008,1669.0
569996001,2574.0
384263013,4313.0
651558016,7377.0
510321001,8113.0
675424003,4996.0
469562034,7952.0
638418001,14195.0
545449031,6479.0
567819001,2285.0
659550001,1040.0
629764001,2120.0
616337001,1338.0
355569001,150.0
573085001,8.0
599502001,88.0
654797001,14750.0
453358002,3717.0
186266004,3677.0
578469004,2583.0
401044019,7869.0
682604001,428.0
672890001,1113.0
558512003,5319.0
657415006,2411.0
622678003,2644.0
664122003,5987.0
655969001,3108.0
663327002,1042.0
560222004,3826.0
413707022,2228.0
551045006,6499.0
610603001,13062.0
667168001,7554.0
660186001,1947.0
438460001,2833.0
588689014,6760.0
632223001,5760.0
567594007,11924.0
591333002,6773.0
584298009,2077.0
642336001,9630.0
573452002,8586.0
568137009,2571.0
566942007,11901.0
684040001,3641.0
624868001,13657.0
668911001,15112.0
586126002,8726.0
626444014,5718.0
537085016,8223.0
568864001,845.0
555470006,8342.0
690338002,10285.0
567608002,6610.0
638868001,14206.0
665228001,1954.0
596278002,6796.0
538993007,4423.0
584631018,5455.0
655347001,1501.0
228257001,24.0
189691044,5064.0
588452002,12510.0
664319008,2174.0
671057006,1387.0
605777001,3003.0
519847006,8153.0
680810002,512.0
463970044,6290.0
621499003,6985.0
481110018,5144.0
666354001,10048.0
516000034,589.0
379780040,3696.0
623434009,5667.0
327310016,4296.0
639976001,530.0
651273002,4116.0
498620006,2011.0
253176016,3211.0
666651001,874.0
644464001,7318.0
574106001,3869.0
568069002,2570.0
661414003,4939.0
577827004,12224.0
633378002,7165.0
565320008,11870.0
647794001,4863.0
543141002,2535.0
657128001,3112.0
647190002,7337.0
645065001,450.0
646660003,5863.0
615092002,857.0
501820003,393.0
652787001,5916.0
627389005,1243.0
189616008,249.0
567993016,954.0
681264008,10225.0
672625006,3611.0
551566002,1217.0
632534004,5763.0
623347004,9214.0
654757001,3568.0
569594001,8529.0
201219011,1538.0
560270007,1312.0
524825007,1690.0
451380012,10718.0
545264005,2887.0
566940004,6603.0
662085001,922.0
573685001,6668.0
632982015,7156.0
572942002,414.0
598515003,4607.0
548388013,2893.0
623072001,3461.0
561617003,11758.0
657149001,14817.0
559616006,2278.0
619148002,1476.0
483290015,7972.0
654482001,7420.0
492171004,8020.0
622743001,3459.0
681747001,5016.0
579837001,2966.0
603367001,1887.0
591087001,6772.0
666606002,10052.0
546882001,2891.0
687478001,15418.0
561064002,8412.0
653291001,4896.0
470789001,1835.0
508318001,6372.0
591599001,8777.0
619784002,13425.0
188183010,4273.0
588785001,4581.0
670752003,15153.0
661811002,4153.0
558472001,11677.0
648638001,14524.0
612935002,3020.0
669892001,3603.0
610602001,5564.0
611577001,8997.0
532275005,11301.0
495573005,8030.0
572796014,12100.0
679509001,5009.0
291338018,10450.0
648178001,14501.0
659460003,14885.0
511296001,11100.0
650433001,14583.0
549604001,2899.0
373493008,4309.0
573415005,12112.0
566140009,8467.0
624445004,7027.0
641263002,7289.0
518328009,11177.0
554011001,11577.0
618022001,13342.0
565017007,8457.0
647082001,14470.0
601876003,8888.0
572797008,12101.0
668647001,15107.0
653497001,9822.0
616974001,13278.0
356289059,10533.0
633204002,4785.0
399256009,6247.0
612730001,9011.0
568174020,8504.0
402065038,7871.0
663236001,3131.0
614540003,9030.0
564314030,11826.0
628816004,7103.0
568863003,8518.0
297791001,4287.0
596400002,6799.0
565430002,11876.0
615970001,13231.0
496111023,4375.0
606288002,6853.0
416157011,10654.0
399061017,10611.0
513699012,8132.0
543319001,11420.0
676316003,10181.0
692035001,6134.0
647483001,9708.0
556721001,11646.0
564934003,11848.0
497284011,8042.0
589789001,8757.0
560208003,4474.0
633232005,13983.0
550471010,11507.0
584633002,4560.0
558514001,5322.0
620083005,5637.0
645738001,7326.0
622743003,13555.0
714427001,15567.0
392168018,10588.0
634050008,7182.0
622238004,6995.0
258650001,6189.0
631876002,13924.0
416157013,10655.0
639525003,5812.0
537895001,6452.0
653947002,14725.0
669429002,6027.0
620208007,13440.0
664934001,15036.0
556546001,11639.0
653747002,7410.0
228257002,2218.0
621250002,13477.0
632654001,7152.0
554477007,8331.0
660273002,5964.0
641863001,14330.0
579121005,12262.0
654612002,9838.0
607421014,12953.0
569998001,6648.0
651091001,9766.0
576710001,12188.0
690276003,10283.0
634737007,14054.0
384263010,10581.0
630514001,4768.0
638961004,9544.0
526708031,3294.0
664120001,7518.0
677738001,10194.0
582257005,12347.0
556639001,11642.0
586001001,8724.0
648891010,9731.0
464695010,6291.0
534164011,6439.0
624048002,7014.0
458428033,7934.0
653323002,14703.0
471714031,10802.0
667034001,7553.0
517931005,8148.0
556849002,3323.0
375248010,10557.0
644636001,14388.0
552570004,5290.0
294008040,6202.0
623666001,7008.0
652377001,9802.0
572207006,12079.0
594879003,6788.0
501616086,8064.0
568573002,11968.0
405636015,10632.0
629614001,7112.0
617878002,9082.0
651433001,14616.0
610110001,6878.0
567535007,8478.0
655580006,7435.0
598698001,2992.0
647082004,14472.0
648939001,9736.0
583410001,12368.0
365102043,7828.0
648414001,14510.0
628331009,13798.0
595124004,12664.0
607367010,6862.0
607534005,5549.0
610543009,3949.0
595696017,6792.0
633150004,4043.0
508320001,11058.0
676979003,7630.0
608834002,13006.0
661328001,4151.0
617831002,4690.0
570002018,4519.0
457135001,6284.0
659884001,14896.0
504415001,11021.0
705021001,15548.0
540930007,11377.0
607224001,12940.0
566592023,5365.0
631774002,13916.0
660306001,7482.0
636587002,2133.0
647362002,5869.0
639768001,14249.0
672133001,6052.0
577175001,6683.0
554832007,6520.0
673630003,4989.0
593829013,12623.0
651893002,14636.0
557035003,11651.0
556528006,8353.0
514817010,6389.0
575579001,8602.0
639751001,14248.0
550687002,11511.0
543133005,11418.0
572942001,2061.0
660436001,3120.0
619829002,6963.0
458925003,10764.0
615525003,13217.0
488546008,4369.0
569978003,3854.0
661023001,9951.0
698943001,3665.0
626316001,9299.0
564309016,11813.0
648505002,14518.0
355072009,10528.0
564557007,11840.0
636722002,9510.0
646811001,14459.0
692653001,6136.0
654108002,9830.0
571436011,2289.0
697508001,15512.0
693177001,15477.0
176754003,7749.0
611678001,9000.0
618262001,6942.0
631453002,7137.0
564787009,11842.0
610776011,8980.0
653360001,5924.0
324963026,10498.0
518630008,11182.0
663185002,5979.0
626443003,5716.0
634760001,7193.0
645424002,9680.0
554546016,3316.0
569997013,2946.0
483082007,6319.0
570004053,4521.0
564358022,2565.0
656161001,7441.0
613212001,9016.0
650710001,9759.0
637145001,14151.0
626442002,9307.0
561815001,4483.0
691872001,6131.0
577574001,12216.0
214844008,10398.0
612064003,13133.0
654863001,4133.0
561303001,11743.0
595114003,6791.0
574282001,12141.0
624216002,5682.0
612138006,9006.0
605603002,12887.0
562763001,8426.0
609206001,3412.0
584925002,6731.0
510675001,11094.0
629695002,5740.0
626263024,5708.0
640241001,9586.0
476315023,10812.0
679526002,15330.0
627572008,13789.0
565194005,5360.0
495685003,10939.0
544895003,11430.0
661869002,9968.0
633607003,14004.0
649615005,14565.0
595514001,12679.0
567418007,11910.0
681900001,7652.0
620508001,13458.0
514865023,11132.0
233091003,7764.0
642938001,7303.0
610700001,8977.0
695318001,15493.0
649445003,9742.0
522725016,4403.0
550021003,3308.0
632667002,7153.0
538275004,11351.0
629426002,7110.0
674336008,2765.0
566432003,6598.0
481777005,10835.0
639677003,4078.0
631876001,13923.0
662659002,14973.0
688688004,15431.0
234432002,10416.0
641187001,5831.0
564314036,4493.0
692403001,15465.0
569173001,8522.0
553904005,11574.0
652019001,14651.0
631741001,5755.0
620239001,6969.0
632813001,13959.0
539723039,2878.0
516000074,11152.0
669016002,15114.0
398089014,6246.0
573566004,8587.0
651687002,14630.0
689029004,10275.0
617284003,9067.0
574750001,4538.0
573378003,3359.0
522918033,8164.0
620208001,3030.0
665235001,5996.0
691257001,15452.0
565320014,8460.0
609044001,13015.0
443078001,10689.0
395127012,10597.0
481111011,6316.0
605998003,8921.0
598397003,6807.0
504151011,8077.0
570319013,5398.0
624066003,5679.0
572604001,4532.0
639714001,9569.0
667395003,15086.0
611181001,2624.0
692155003,10298.0
469137013,4351.0
616202001,13246.0
677811001,10195.0
553881032,5294.0
617853001,13332.0
699735002,6149.0
636074001,9496.0
658021001,5956.0
624042001,13612.0
441386004,5121.0
655560001,7432.0
623215001,9206.0
516000001,2251.0
561543001,8417.0
508903005,11064.0
650506001,14586.0
654926002,14752.0
631784002,9404.0
600665001,8880.0
606154006,12901.0
620208035,9133.0
485673047,7990.0
516778001,11159.0
658162005,14850.0
451402002,10720.0
561712001,8419.0
572611002,12097.0
684895001,6109.0
650067001,14576.0
610840001,3014.0
616225019,3970.0
337777012,6222.0
660315001,14916.0
660930001,14935.0
703140001,6152.0
643193001,5842.0
677741001,7635.0
631752003,4773.0
513699007,8130.0
683356004,6102.0
485537022,7980.0
244267027,3209.0
692234002,15461.0
581298006,12319.0
665290002,7532.0
569355001,8525.0
638443001,7239.0
569999002,8546.0
617459001,13313.0
609511001,5557.0
624274004,13627.0
640029001,9578.0
377277018,6235.0
629473001,13835.0
569103003,11997.0
565241003,11862.0
570296002,8555.0
654108001,5930.0
611145019,8989.0
608347001,5552.0
556764004,11648.0
635443001,14081.0
704148001,6154.0
682951001,4219.0
578630003,12249.0
678079003,10201.0
498738028,8049.0
632642003,4782.0
677885007,15295.0
542211001,11398.0
571503011,4526.0
633452001,4044.0
639054001,3521.0
519219005,6400.0
622979001,5658.0
595691001,12684.0
519936028,11200.0
543054010,5248.0
644379001,14381.0
604631001,12866.0
477107015,2502.0
541308003,11379.0
614496004,5591.0
613459004,5587.0
577386001,12206.0
647907002,14495.0
631785002,13918.0
523404005,8166.0
396135052,10603.0
677931001,10199.0
355325001,10530.0
592674001,4590.0
579010006,2070.0
674244001,10157.0
542017008,11393.0
614316003,9029.0
687934002,6121.0
636587008,7221.0
581781008,6719.0
650735001,14597.0
453065019,7922.0
652377003,14673.0
626592002,13749.0
691556004,7700.0
656840001,5946.0
652241001,14665.0
635146001,4802.0
528790004,11283.0
656886002,14809.0
562399001,3834.0
490793014,10909.0
621523002,13499.0
537895005,8229.0
573282010,4534.0
663283007,14989.0
617279006,6933.0
481912015,6318.0
578474007,8640.0
411569001,10645.0
617645007,13323.0
578599001,8642.0
661308002,9957.0
616708002,6926.0
630144002,13861.0
533022015,8206.0
614950001,13197.0
623282002,5665.0
611415002,1233.0
660286002,14910.0
651952001,14642.0
568800027,8512.0
592162001,12595.0
621522031,13498.0
638953003,14210.0
624546001,13640.0
676754002,15279.0
639469003,9558.0
509893005,8109.0
637199001,7227.0
680790002,6094.0
662345001,9972.0
601296007,3929.0
563976002,11800.0
629824002,13845.0
378135028,6237.0
619110001,4695.0
634070006,5780.0
639344004,9551.0
553875002,8323.0
657126002,9875.0
243937018,10422.0
566320005,8468.0
675800002,15258.0
662879004,9980.0
525675004,11250.0
681933001,15361.0
685707001,15393.0
554541009,8332.0
598649001,12752.0
616697001,13267.0
570319015,12042.0
636587014,7222.0
510684017,11095.0
622075001,9180.0
564310006,8441.0
619229001,13384.0
656763004,4915.0
682550008,2781.0
687424001,1527.0
569973002,6640.0
118458029,10374.0
620855002,6977.0
664942002,5992.0
561445025,5338.0
533404010,3777.0
673475001,10148.0
665975002,1634.0
639896002,7263.0
530168001,11291.0
485691004,7995.0
616715003,5609.0
531697001,5225.0
647389001,4862.0
653373001,5925.0
628457002,5731.0
630809003,13881.0
692331001,15464.0
619241001,5631.0
648796001,5883.0
678642002,15312.0
430157001,7890.0
645103001,4851.0
595071001,5501.0
668311003,3599.0
568905002,11990.0
411013007,6256.0
623820002,9221.0
488546006,10903.0
599238001,12770.0
507431028,11051.0
522725007,11219.0
567822001,5378.0
656914002,14811.0
542352005,11399.0
636218002,7210.0
586813001,12468.0
639404001,14230.0
664368004,15017.0
606153001,12899.0
572573006,12095.0
564311019,6572.0
660574002,14923.0
626407005,13736.0
650713003,9760.0
640666001,5828.0
571436035,4524.0
557994001,8372.0
567477002,11920.0
678342004,10205.0
573609001,12121.0
610321006,8971.0
579475001,4550.0
550820001,11513.0
668364001,15101.0
654193006,14732.0
559616009,8389.0
477107010,7960.0
631779003,13917.0
554772020,1219.0
581558002,8682.0
514817007,6388.0
705328001,10343.0
625548001,4733.0
660038004,14904.0
651756001,7381.0
384851022,10583.0
378447004,10566.0
616697002,9054.0
612574002,5584.0
501325003,8062.0
575839010,12175.0
555727005,8345.0
640373001,7272.0
667307002,15083.0
560402001,3828.0
560270008,4478.0
506495004,6371.0
547780016,5264.0
586890001,12469.0
536699005,8222.0
581178008,8675.0
577425002,6685.0
442915014,10688.0
652730001,9807.0
576897001,6681.0
526825001,8190.0
466917003,7946.0
500399001,10976.0
464454015,10774.0
589521003,6764.0
628926003,5734.0
378447028,10567.0
379780051,3234.0
612719001,5585.0
573856022,8590.0
416511002,2491.0
580041016,6705.0
569244001,8524.0
610249001,8967.0
577512004,8628.0
682550007,2447.0
269342023,10438.0
633621001,7167.0
648595001,9721.0
625532001,7053.0
578422002,8637.0
623434027,13586.0
626444005,7072.0
673757001,7606.0
624672003,7040.0
566370001,6596.0
659314004,14880.0
408884002,7879.0
636505001,4809.0
661615002,9963.0
250099001,6187.0
654266005,7414.0
523642006,8168.0
602029001,12830.0
576782001,8620.0
624678002,9262.0
697883002,6145.0
620299003,3985.0
111565001,825.0
643552002,9659.0
601189001,8884.0
671669001,15167.0
651993002,14645.0
326885030,10503.0
566943003,5372.0
501616028,5178.0
650534001,14587.0
682813002,10240.0
674243001,15233.0
629828001,7117.0
620238002,5642.0
578020003,6687.0
571619001,4527.0
656345002,2722.0
616636003,4676.0
490113004,6329.0
671776002,7592.0
653832001,9826.0
584483002,2591.0
650833004,14599.0
624486007,7028.0
589795005,12547.0
459756003,10766.0
637316001,9521.0
491913008,10918.0
485546006,6322.0
577049001,6682.0
425978006,10670.0
644465001,5858.0
596122005,6795.0
685737002,10259.0
408875010,7878.0
626590002,9311.0
680119001,6093.0
554344004,8330.0
655046001,14757.0
625876010,9288.0
579692002,6700.0
629061001,9355.0
527573001,11275.0
593184008,2312.0
620337035,5643.0
639685004,2138.0
647250002,14481.0
531615007,2871.0
512251006,2517.0
617725001,5620.0
596653001,4604.0
626263011,9298.0
689873001,15439.0
618319001,13346.0
532858010,11304.0
558973007,11685.0
622845001,4714.0
667442001,6017.0
554598027,2911.0
619595001,6956.0
571197007,12057.0
628341001,13801.0
604189003,12859.0
529953007,6431.0
620226001,6967.0
632172002,13935.0
641521002,14313.0
522725019,6412.0
509091033,2859.0
576736001,8617.0
615806001,9045.0
562657004,8424.0
699176001,6148.0
619595004,6957.0
268305006,10437.0
648737002,7351.0
566534005,6599.0
600556002,12802.0
626270002,13731.0
565187005,11856.0
547607005,11457.0
696439001,5047.0
620393001,13451.0
631777005,7143.0
615367005,3964.0
568593005,11970.0
714530001,15569.0
616875003,13273.0
643597001,14364.0
327144042,6217.0
497817006,8045.0
616978002,13282.0
413707008,10648.0
535682002,6443.0
664647003,7523.0
608213002,12987.0
551080032,8304.0
488068001,10899.0
684083002,10252.0
627472001,9330.0
519712006,11185.0
569242004,12004.0
592947003,4591.0
619561017,13407.0
663482001,15000.0
672795002,10140.0
621523016,13502.0
311059025,7800.0
578860001,6695.0
495685006,8033.0
601781002,8887.0
552473024,11542.0
678080001,7637.0
636389001,7212.0
595041001,8818.0
556429006,11633.0
491912008,10915.0
608503003,12992.0
540269001,11370.0
649509001,9743.0
622617001,5655.0
640597003,5824.0
616708001,5608.0
570002024,12028.0
622979003,9200.0
634393001,9465.0
176550017,7747.0
651649001,9781.0
640613001,4838.0
501149002,10981.0
465655016,5135.0
649310001,7357.0
533746003,11317.0
341242013,10516.0
293433026,4285.0
679633001,7646.0
621523007,5647.0
585480001,4565.0
662441002,7496.0
634834001,5783.0
556559006,8358.0
651344013,5904.0
621963002,13526.0
593829029,8797.0
625468001,9277.0
610321003,13057.0
541097002,8242.0
566766004,11897.0
630915001,9388.0
660188001,9939.0
662448007,4946.0
588588004,5478.0
606136002,3405.0
542077002,8253.0
408554004,5112.0
558447001,8376.0
666615001,10053.0
639478001,5810.0
571436021,6656.0
628917001,7105.0
632290002,9408.0
640141001,14256.0
591599006,12578.0
641071005,9611.0
642677001,9641.0
522518002,8163.0
618319002,9087.0
661656003,14952.0
538976005,11358.0
709689001,7728.0
265071020,10433.0
640476001,1762.0
663342004,14993.0
613838002,6910.0
417427007,7885.0
499802027,6353.0
291333014,6197.0
437668014,7899.0
671440002,10117.0
642078001,14333.0
637348003,14166.0
670698002,6038.0
622877007,13563.0
621723003,13509.0
517729045,11170.0
568861005,8517.0
411413002,7880.0
479095002,10825.0
622093004,13535.0
503862003,8075.0
498620011,5173.0
445400010,10696.0
625238001,9276.0
633809001,9449.0
634867001,14061.0
552227001,11537.0
644719001,14397.0
615161001,13203.0
551989005,11532.0
645604001,14415.0
312543004,10483.0
675544002,15253.0
636588001,9509.0
485546003,10860.0
650500001,14584.0
723595002,10373.0
587776001,12485.0
497202001,10947.0
452898020,7921.0
496111017,1549.0
507909021,998.0
624412001,5685.0
609414001,13023.0
639471002,2681.0
547937001,5265.0
569976007,12017.0
492897001,8022.0
506585008,8091.0
687753001,1122.0
643688001,14369.0
602478001,8892.0
703033001,7721.0
637274002,9519.0
631837004,4039.0
662905002,3587.0
568838001,8515.0
647441001,14484.0
618726001,13364.0
631752001,13913.0
637676002,7236.0
527718001,11277.0
678291005,3626.0
458083003,3719.0
566428001,4498.0
571982012,6657.0
700782001,5049.0
647881001,14493.0
396135041,4318.0
405586008,10629.0
612988002,9013.0
714415001,10364.0
338400001,7813.0
624983001,9270.0
673112001,10142.0
579160001,12265.0
611145012,3015.0
568593003,11969.0
611221003,4646.0
547980007,11468.0
636996002,14139.0
633917001,14026.0
665045001,15039.0
585275004,12426.0
487051002,10880.0
551370003,5278.0
686268001,10263.0
451209006,10711.0
532307002,11302.0
608005001,12976.0
618426001,13355.0
624688005,7041.0
519936010,11199.0
624546005,7032.0
571083002,4522.0
582388002,8689.0
552826025,11550.0
579692005,8655.0
252298002,1990.0
557246017,5314.0
653942003,14724.0
657304002,9881.0
634013006,9458.0
570002038,6651.0
656558002,14797.0
631808002,13919.0
365439048,10539.0
642805001,9642.0
649425001,14557.0
633234004,13986.0
573652004,12123.0
653336005,14706.0
214844003,4274.0
556393001,8349.0
643169002,7304.0
531615009,5224.0
408571001,2490.0
607691002,6863.0
631258001,9390.0
294008044,2812.0
650759003,3095.0
619262001,9106.0
613457006,9022.0
523642001,8167.0
598283005,12742.0
619229004,13386.0
679261001,10214.0
624445001,7026.0
652229001,14664.0
634825003,7197.0
647892001,14494.0
559717001,6546.0
594374005,6784.0
604355003,6835.0
674002002,7611.0
558498002,11680.0
569978004,12018.0
624658007,13647.0
667033001,4970.0
663517001,5981.0
564929001,11847.0
607367002,8928.0
571885001,5404.0
636265001,14106.0
604454001,8908.0
533406025,4419.0
548603021,5268.0
633152005,2373.0
265069014,10431.0
497224002,8041.0
611030001,6889.0
667936001,15096.0
668398002,7562.0
622000001,13527.0
546269004,11442.0
694589002,10309.0
631979001,13927.0
593557001,8793.0
673630004,4198.0
399087019,1289.0
568625002,6629.0
500371004,6354.0
657283003,14825.0
675214001,10166.0
604837002,8911.0
679113002,15322.0
659550002,7476.0
584633001,12404.0
660102001,9936.0
638819003,9542.0
634743001,7191.0
301687001,10468.0
584298011,12393.0
594581010,4598.0
640744001,4089.0
413707021,10649.0
646195001,14429.0
578816002,8644.0
671809004,15174.0
648994002,5885.0
423900016,10666.0
612574001,2625.0
352811025,6229.0
692102004,3187.0
606395006,6855.0
553881018,11572.0
326885022,10502.0
565320023,8461.0
579697001,5438.0
599322002,8865.0
678821001,10209.0
681246004,15350.0
618319004,13347.0
608570001,12994.0
555189001,11611.0
696439003,15507.0
615047004,13200.0
679606002,15331.0
148033006,4269.0
293244010,7785.0
689390002,4238.0
620180002,5638.0
477893012,10819.0
578420002,12238.0
656004001,2720.0
642929006,14347.0
586651005,8730.0
623989001,7011.0
581408004,12322.0
479372002,10827.0
624119001,13619.0
642548003,9637.0
628535008,7099.0
556408001,8350.0
678553001,7640.0
657308001,14827.0
622825014,9191.0
483283022,5147.0
564313010,4492.0
649538001,14562.0
671444001,6044.0
603585001,8900.0
623866002,7010.0
670290001,7578.0
648491002,9720.0
620424032,9144.0
589641002,8755.0
481696002,7969.0
331093001,10510.0
594978027,8811.0
606441001,12908.0
624062005,7017.0
633025002,9421.0
552346019,2540.0
527540003,11273.0
425639003,1997.0
368603035,7834.0
614688001,5592.0
556420001,3816.0
592286005,4589.0
567647001,8485.0
559619001,8390.0
688558004,2790.0
550434001,8298.0
491912005,4371.0
567990004,8498.0
638142001,9532.0
617690001,9075.0
678887001,6087.0
514865024,6390.0
608936001,13008.0
575214004,12157.0
514865020,4393.0
657166001,14819.0
111609001,2214.0
639452003,9557.0
637847001,5800.0
557798002,8371.0
620216017,2638.0
576653004,12183.0
619825004,3448.0
265630006,2222.0
586121002,8725.0
430157002,7891.0
475791010,5140.0
715244002,7734.0
681963001,15362.0
568646001,6630.0
645485001,14412.0
580894004,6710.0
526182002,11259.0
619174016,13380.0
667319001,4974.0
679977003,6092.0
544181001,5251.0
655225001,4906.0
636898001,14133.0
629381003,13831.0
657160001,9877.0
544571015,11427.0
558981004,11687.0
507533002,8094.0
652069001,14657.0
542982002,8257.0
619353003,13397.0
399256013,3240.0
473034001,4354.0
615372003,13213.0
570579003,12051.0
631770001,4774.0
633229002,13982.0
549263013,11489.0
666080003,4965.0
559129015,6542.0
582659004,12356.0
398089001,10606.0
695166001,7708.0
660282001,7478.0
658848001,2413.0
606322004,12905.0
620963001,4707.0
484398005,5148.0
514865037,6391.0
600044006,12796.0
667845001,10069.0
691469001,15456.0
630542002,9382.0
522638005,5213.0
685278002,6112.0
667411010,6016.0
656121002,14785.0
623993003,7013.0
624443004,7025.0
608005002,6865.0
646645001,9698.0
613387001,13166.0
643987001,9665.0
569981006,3855.0
495685007,5167.0
651245001,14606.0
691110001,6130.0
453585003,2496.0
695583001,5044.0
674400001,2437.0
621020003,13472.0
637667001,1757.0
615988003,13233.0
632827001,2370.0
547777004,6487.0
265071022,10434.0
662773004,4157.0
627267002,9324.0
650677003,4875.0
656266004,9862.0
692323001,15463.0
634321002,4799.0
610053001,13042.0
604056002,8903.0
411413021,6258.0
359909015,3229.0
477107001,3267.0
665044001,4958.0
665182006,10024.0
606660001,12912.0
658061002,9898.0
624562002,4726.0
636672005,14127.0
559139003,4468.0
576104002,12177.0
664936003,4957.0
611221002,8993.0
715240002,3202.0
639209002,14220.0
552346013,11538.0
574258002,12140.0
237347024,5071.0
615796001,13223.0
636724007,9511.0
567450001,11919.0
678484001,15308.0
633285002,4789.0
639434001,9556.0
578433004,8639.0
213690001,6170.0
562245054,2562.0
548436003,11476.0
622023003,13528.0
603049001,12844.0
666352002,10047.0
689363001,5033.0
484205017,10847.0
474123003,10806.0
525979001,6424.0
567424015,11914.0
632138002,9405.0
437668015,10682.0
311059031,7802.0
598756003,12758.0
502255002,8069.0
468977001,5138.0
596122006,2605.0
655403001,9847.0
560781001,11732.0
608210002,12986.0
661023004,5968.0
592947001,12612.0
639954001,9576.0
690158001,10279.0
664647001,2424.0
710899003,4255.0
597459001,8840.0
638751005,5806.0
629476002,9360.0
548138001,11474.0
584397003,12398.0
624242001,9246.0
626445016,13744.0
597506004,8842.0
625787003,9285.0
198518017,3678.0
426019008,10671.0
612674002,13149.0
617534010,13317.0
265069020,10432.0
641361001,9617.0
625548002,4734.0
585130003,12423.0
642380001,14336.0
623840002,13600.0
609727005,5561.0
398829007,5108.0
514920002,11135.0
537896003,11347.0
516809002,11160.0
293433022,10454.0
665474001,15054.0
576708002,8615.0
645754003,14421.0
533746002,8215.0
653911002,14719.0
586219001,12450.0
659928001,14898.0
453765004,5127.0
665875004,10040.0
570003021,12031.0
661465002,14942.0
633809002,5770.0
438333016,3709.0
636077001,14097.0
582449004,12349.0
575178006,8595.0
393772011,10593.0
553092012,11558.0
404441004,10625.0
378135002,10565.0
663243002,9985.0
569976008,8537.0
666352001,7548.0
653516001,14712.0
581583011,6718.0
523936013,8170.0
611952002,4650.0
617942001,13339.0
615525008,9043.0
411413020,6257.0
589520002,8753.0
669215001,4179.0
624150001,9243.0
552471018,4446.0
509021001,11072.0
643215003,7305.0
616976003,9059.0
610274004,8968.0
640467001,9591.0
508932027,8107.0
600274007,12799.0
551080007,8302.0
597152001,12724.0
564358026,8444.0
574117001,3360.0
651133002,5898.0
218354020,10402.0
578430001,8638.0
664619001,3137.0
465655010,7944.0
475791006,10810.0
584298015,12394.0
627197001,9323.0
643344004,4845.0
559637005,8394.0
688658001,1812.0
626405004,3045.0
611365001,5578.0
567729001,11937.0
577076002,12197.0
618942004,13375.0
698900002,15520.0
619764001,4700.0
542730009,4430.0
654174001,7412.0
619822001,3983.0
452516012,6277.0
624691007,13652.0
648703003,14527.0
589599010,3382.0
649009001,14541.0
594541010,5498.0
636218001,14105.0
583533001,2969.0
665296001,10029.0
548613004,4435.0
641196001,7288.0
607537002,12957.0
568938001,8520.0
651935001,14641.0
457292010,10757.0
635844001,3070.0
648254004,7348.0
615308001,13211.0
638119001,14187.0
586661008,6744.0
626380001,9300.0
522297001,5211.0
684282001,6107.0
620564002,3988.0
685079002,15386.0
568572001,8508.0
579105001,12259.0
573773004,12130.0
564311014,11816.0
612788003,13154.0
579776002,8656.0
625210001,7047.0
633933006,3066.0
617311009,3436.0
610842001,3951.0
586896020,8732.0
684272001,7663.0
679175002,15326.0
677829001,3623.0
299768002,7791.0
671783002,10124.0
639257002,7249.0
658339003,14854.0
567484002,2568.0
619071001,13376.0
575528002,12169.0
501794002,10996.0
649260003,14550.0
617919020,13336.0
651413001,14615.0
652071001,14658.0
564512006,11837.0
672016005,7595.0
666114001,15062.0
633785012,9447.0
596400007,5508.0
622240001,6997.0
635689002,7205.0
554450026,5297.0
662344006,9971.0
674374001,6064.0
399087011,2487.0
237347017,4279.0
586896004,4570.0
301213011,10464.0
642120001,2142.0
664647002,10013.0
616088001,6921.0
677530001,7634.0
655177002,14762.0
597040002,12721.0
555727004,11621.0
640154001,7267.0
574750003,3870.0
581153002,12313.0
563163004,6567.0
683614001,15377.0
586310006,12455.0
619580006,9117.0
501616048,5179.0
662883001,14980.0
618942005,6949.0
650269001,14582.0
713321001,10358.0
293433027,6201.0
543054005,2883.0
630313006,7123.0
577175002,3876.0
611644002,8999.0
625115001,9273.0
573096001,8579.0
564934007,6586.0
485688003,10872.0
652211001,4891.0
673133001,10143.0
556528009,4457.0
686744001,3649.0
515833016,8138.0
628917002,13820.0
675266001,7618.0
692684001,15470.0
621044003,13473.0
639573003,9564.0
676320002,15271.0
621523015,13501.0
632225002,5761.0
616695001,13266.0
637996004,4821.0
623980003,4720.0
630215001,4766.0
600043002,5524.0
552346009,4445.0
554479007,11591.0
633740001,7170.0
585503002,2971.0
389388001,7849.0
551989011,11533.0
628838007,7104.0
715232001,10368.0
619350002,6953.0
584397002,12397.0
624151008,13623.0
640317002,14269.0
599718005,12780.0
183815013,6167.0
511783004,2863.0
714377001,10362.0
667916002,15094.0
539368001,11363.0
619261002,13389.0
593494002,8792.0
498620007,6350.0
606814001,4623.0
652956001,14685.0
603583010,6831.0
591466012,12577.0
659476001,7474.0
619540001,9113.0
666247003,10044.0
627189001,13779.0
565321002,6591.0
567635002,11927.0
657755001,9885.0
535388008,6442.0
680557005,3171.0
636082001,14098.0
701238001,15529.0
505975006,8085.0
670079001,15134.0
592235005,12598.0
647023001,5867.0
568838006,11986.0
622231001,13540.0
235596002,6179.0
524825016,11240.0
649010003,14542.0
660294001,14912.0
586313001,12457.0
588423001,5474.0
639737001,5815.0
451229014,3715.0
629364001,9357.0
567413012,11906.0
607931001,12974.0
630909002,13888.0
605093013,5533.0
681264009,7649.0
665182004,15041.0
651613001,14627.0
620216025,9134.0
606107001,8922.0
671057004,4187.0
549437007,11497.0
554555001,6519.0
582340004,12348.0
560213001,8405.0
624749001,13655.0
612075006,3017.0
563422003,11790.0
714418001,15566.0
568252001,11959.0
508671003,5187.0
544571005,11426.0
660995001,9950.0
399589005,10615.0
547777011,11462.0
623989002,5675.0
632362007,13940.0
504154019,1207.0
581103001,6711.0
611522007,3954.0
665217003,10028.0
611547003,13115.0
520424001,8157.0
293433021,6200.0
548110013,6489.0
301656018,1823.0
551614001,3799.0
554772001,11606.0
602716001,12839.0
611584001,8998.0
582388001,5445.0
619782001,9121.0
611020008,1894.0
597671002,12732.0
293510009,10456.0
537961009,11349.0
711405003,10354.0
615355004,13212.0
658763002,14866.0
581138002,12312.0
656609001,14801.0
533022020,8207.0
491912015,10916.0
607310001,3941.0
623994001,9223.0
673880001,7608.0
657858001,14844.0
642497002,7299.0
624692001,5693.0
548110010,11470.0
559129007,11693.0
589599009,6765.0
673711002,15218.0
515512001,11140.0
632811003,9418.0
625787005,4014.0
587677002,12482.0
570003013,8552.0
528232001,11281.0
537085022,8224.0
548932002,8284.0
626810001,13765.0
451243014,7915.0
663774002,15008.0
676772003,6073.0
660685001,14929.0
581583012,5443.0
620238006,6968.0
622907001,2352.0
629605003,4027.0
697516002,10325.0
673813002,4991.0
670043002,10096.0
621459001,9167.0
647769001,14491.0
658287003,4922.0
635695002,9494.0
603582010,8897.0
701398002,15532.0
525335020,8177.0
572480002,12088.0
548930012,5269.0
456163022,3718.0
570004049,12034.0
552471021,11540.0
641008012,7285.0
681900002,10230.0
657209002,14821.0
634036001,14035.0
673285003,4197.0
617169009,9065.0
638136002,14188.0
626052009,4017.0
667411009,10061.0
685673001,15392.0
650067003,9751.0
595987010,12692.0
552471026,5286.0
594987003,8814.0
655446001,1940.0
541308007,8247.0
668398001,15102.0
556260001,5307.0
628815001,7102.0
608013004,8940.0
585342006,8714.0
655567005,14770.0
627456006,9329.0
522043006,11212.0
555326001,3811.0
565387001,8462.0
703843002,5051.0
501820002,10997.0
619561016,9115.0
306307020,4289.0
326885010,5083.0
563210002,8432.0
585806006,12440.0
579465001,12274.0
612609003,6903.0
652850001,9808.0
596278001,12699.0
621473001,13491.0
501325002,8061.0
625876015,13713.0
689893001,7689.0
597566001,12729.0
595386003,3391.0
471074004,7953.0
305304010,6209.0
582248001,5444.0
655077001,9843.0
523404010,11226.0
529581004,8194.0
655265001,9846.0
597891007,8845.0
485973003,3736.0
577627003,12217.0
671860002,15177.0
640330001,7270.0
626593002,7080.0
523936019,4410.0
535877019,5232.0
640293001,7269.0
526261006,6426.0
519749046,5208.0
635996001,14096.0
365439051,7829.0
635141001,9479.0
372860043,7835.0
595987004,8827.0
666167005,15065.0
626816008,3477.0
643140001,9652.0
672350001,15189.0
685647001,6114.0
656099002,2721.0
649671005,7364.0
548603009,11479.0
516656017,6394.0
632376001,13941.0
651993001,7388.0
557908004,3328.0
567714003,11934.0
658969001,14869.0
643991003,7312.0
671722001,15170.0
625483002,13681.0
609787011,8960.0
670290002,10103.0
468255003,7949.0
637539002,14173.0
669260001,15117.0
692207001,15458.0
681620001,3174.0
660795002,14932.0
395730022,3238.0
507883002,11054.0
649494002,7360.0
654195001,14733.0
651911003,5911.0
564309001,2563.0
266875012,7778.0
633627001,7168.0
366686020,10542.0
598648001,8849.0
672772001,15199.0
620778001,13466.0
590489002,4584.0
647826001,7346.0
639835005,7259.0
399136034,10613.0
570242001,12040.0
617591002,13322.0
533329001,8209.0
607503002,12955.0
648703001,14526.0
665217002,7531.0
617426017,9071.0
573652005,12124.0
671385002,10115.0
646915001,14467.0
680336001,10220.0
618112001,3441.0
494030010,10928.0
599719005,5523.0
652060001,14655.0
549253003,8289.0
593399003,8790.0
579165001,6696.0
650951002,3556.0
634775002,7196.0
679890002,15335.0
592172005,12596.0
651504002,7376.0
401044004,2823.0
639448001,7252.0
658722001,14864.0
485673005,7987.0
622877001,13562.0
615797001,5603.0
664995001,5994.0
638811003,5807.0
656996001,9871.0
591100009,8772.0
627267003,9325.0
669890001,6032.0
569921001,12013.0
504151002,11017.0
580055003,12294.0
627769009,7094.0
677299002,10187.0
576556001,8609.0
657925001,14845.0
666247001,15067.0
514577009,8135.0
613337001,9018.0
681150002,15346.0
610354004,6879.0
596122003,2990.0
621337001,13483.0
584915009,12414.0
241486015,7770.0
624543005,13639.0
592835003,12606.0
663463001,14996.0
610308001,13056.0
401044020,7870.0
500133022,8056.0
629023014,9354.0
514865017,4392.0
526708017,8189.0
634591003,9468.0
631970001,7144.0
523642005,6416.0
695014002,3190.0
632072001,13929.0
570342002,8557.0
537018003,11339.0
633152001,9427.0
617645008,13324.0
625939017,13717.0
584298001,12392.0
724281001,15579.0
413911012,4323.0
501722004,5181.0
451229049,10713.0
647475001,14486.0
639374001,9552.0
594987007,8815.0
637607003,7235.0
604049001,5532.0
638842004,14204.0
625671001,13702.0
575523002,6675.0
698182001,10328.0
601788003,12827.0
620083006,13435.0
587026022,6748.0
616096001,13236.0
452516005,10726.0
629971001,13850.0
439285002,5120.0
626703011,13760.0
631418003,13900.0
333323019,5086.0
555694004,8344.0
622240003,9184.0
622101003,13537.0
652132001,7391.0
639738001,4826.0
657057002,9872.0
661118001,9953.0
606154004,12900.0
639954003,9577.0
523936021,8171.0
566140006,8466.0
651234001,4878.0
556955001,11649.0
657066001,9874.0
456834011,10755.0
554546013,5300.0
672456001,15191.0
560209003,5333.0
551413005,11524.0
683659004,15378.0
607394002,5547.0
504151001,11016.0
324502001,2223.0
584327005,8704.0
633949001,5772.0
586336003,12459.0
559580001,11698.0
705389002,10344.0
624659001,13648.0
583425001,12369.0
636385001,9501.0
559601003,11699.0
403448007,2824.0
176209040,7746.0
568436001,11962.0
626442004,5714.0
619595003,13410.0
678421004,7639.0
484205016,7976.0
579838002,12284.0
618605002,13360.0
619229003,13385.0
658578001,14857.0
610842002,6888.0
577544001,12215.0
598811011,8861.0
580055001,5440.0
446224024,2494.0
639944002,14254.0
666070001,10043.0
623282001,13576.0
380609023,10574.0
453828001,5128.0
566147002,6595.0
610602004,8974.0
577330006,8624.0
610822018,13077.0
487932043,4367.0
578846002,8647.0
559193001,11695.0
676052003,15263.0
567438005,11916.0
307656020,5078.0
553881016,8326.0
537901004,11348.0
485673033,6324.0
456163010,4344.0
492892002,8021.0
652938002,14683.0
618807001,13367.0
690843001,15450.0
642942001,9650.0
620973002,4709.0
241602024,6183.0
634009006,5773.0
653188005,2718.0
617828002,4689.0
448262040,10700.0
616970001,13277.0
610730003,13073.0
636601002,14124.0
566534011,3346.0
545449023,8267.0
655446004,7431.0
603686001,4618.0
594256004,6783.0
535877021,5233.0
662335001,7494.0
543689002,6472.0
624104001,13617.0
677917001,10198.0
611644001,13119.0
640097001,9579.0
533406011,8213.0
634021002,9460.0
625191004,7046.0
508544022,8102.0
562251001,8421.0
666118002,6003.0
673363003,10146.0
476315024,6306.0
705691001,10346.0
647384001,3542.0
696478001,2463.0
507909004,1553.0
639895003,5817.0
554546001,11596.0
571990002,8566.0
648614001,14519.0
624151003,9244.0
572402002,12087.0
686496001,4226.0
693586001,10303.0
672759001,15197.0
579311001,12269.0
655142001,9844.0
560208001,4473.0
560208005,8401.0
504151005,11018.0
588515007,5476.0
665262001,15047.0
508543031,11060.0
546354002,6481.0
651859003,7383.0
617776001,9077.0
607834004,3006.0
655262001,7427.0
516900005,11162.0
621913003,6991.0
458428044,5131.0
622896001,13569.0
593557002,12618.0
631291001,13896.0
630323007,9374.0
624633004,7035.0
601465004,4615.0
651272002,4115.0
559715011,11705.0
504113024,5184.0
637911006,4818.0
663463002,14997.0
618894013,6947.0
539291002,11362.0
565200027,3838.0
519780004,6403.0
452898011,7920.0
602673007,8893.0
559717004,11706.0
656589007,14799.0
672016001,6050.0
559754001,8396.0
661807001,9967.0
640158001,14260.0
611388001,13108.0
575156004,12155.0
380609021,10573.0
669056001,15115.0
686054001,15397.0
519773001,4400.0
677848004,5003.0
532921003,11305.0
564314008,11822.0
579838004,8658.0
580674003,8667.0
552346003,4442.0
596313002,6797.0
631590009,7140.0
675127006,10164.0
455014029,7928.0
560270002,2043.0
634905002,14062.0
648256007,4866.0
327821029,7808.0
564934001,3343.0
646157007,9693.0
673404001,7604.0
634033002,4797.0
366859020,7831.0
576773019,5430.0
609379001,6876.0
588198001,12497.0
626415003,7069.0
632101002,13930.0
393772001,7856.0
617725002,6940.0
650759001,9761.0
520509003,8158.0
543036002,8258.0
611952001,9004.0
556655004,11643.0
510093006,11084.0
522638006,11216.0
617044001,13290.0
470636040,10794.0
581178001,4554.0
573017003,8578.0
563034003,6566.0
561064004,6552.0
648842002,9729.0
636217002,9499.0
625355001,13677.0
610747006,3950.0
617783001,13327.0
652588001,7397.0
715248001,10370.0
673552003,15213.0
293433018,2811.0
635279003,9483.0
627107001,3053.0
324502019,4295.0
533406024,6434.0
579467001,12276.0
633808016,5769.0
542413007,5245.0
522725017,4404.0
648254001,5878.0
488546003,10902.0
668473001,7564.0
536699006,6447.0
651690001,7380.0
647982001,5876.0
596400009,6800.0
572582002,12096.0
569996008,12024.0
651548001,14621.0
567780002,11939.0
487750018,8007.0
564310008,5351.0
656059001,9859.0
619807002,3447.0
485973048,2847.0
524458013,5219.0
226959008,10413.0
624062003,5678.0
664917001,3591.0
565937002,3840.0
652218001,5915.0
632936002,13966.0
266875014,10436.0
643215002,9655.0
639835003,9572.0
626704002,9315.0
625193003,13672.0
665769001,15059.0
360859003,5094.0
671321001,10114.0
627107003,9320.0
632145002,13931.0
675378001,1394.0
515581007,2520.0
497642004,8043.0
618689001,13361.0
648449001,7350.0
549390001,6494.0
558417001,8375.0
552501004,11546.0
564048024,3339.0
666116002,7543.0
569145001,11998.0
666319001,7545.0
598598008,12749.0
612505001,9010.0
495884004,10943.0
538438002,8231.0
617299002,6936.0
670162002,10099.0
625342002,3469.0
668533001,4977.0
575944002,12176.0
556260004,2913.0
594898004,6789.0
684021003,7660.0
608776011,5555.0
685470002,10257.0
626052008,4016.0
617245002,3024.0
671485002,15161.0
626521001,9310.0
612849001,6904.0
582659001,12354.0
567594002,5375.0
556955003,11650.0
156227001,2473.0
672461001,7598.0
637549010,3075.0
661128001,9955.0
604988005,8914.0
548159001,6490.0
545303002,11431.0
643200001,14354.0
628928005,9349.0
676990001,6074.0
646035001,7330.0
575769001,5426.0
662230007,5971.0
664656001,10015.0
641472001,7291.0
671949002,7593.0
633929002,4796.0
554546030,4452.0
651882002,7384.0
575347014,12161.0
608633001,13001.0
399256003,5110.0
647541001,9709.0
609907002,13036.0
686266003,5028.0
590951002,12567.0
146706001,7740.0
336125003,10514.0
522688002,11218.0
607158002,12939.0
558981011,11688.0
686865001,15405.0
692554002,15469.0
426199019,2830.0
652269001,7392.0
554552012,11600.0
624412003,4008.0
511803007,11103.0
631418005,7136.0
657815001,4921.0
224314007,6177.0
570003005,8551.0
685971001,10261.0
635425003,14080.0
671949001,6048.0
400342037,7867.0
565379003,4497.0
667357002,7555.0
648336002,3547.0
667874003,7560.0
606742001,12925.0
634323004,4800.0
626425004,4740.0
488546012,2849.0
646798006,14455.0
569769005,8530.0
646243001,14432.0
485542008,10858.0
628631001,13813.0
634971002,14064.0
658847001,7466.0
522090005,6406.0
675424001,6068.0
619192001,9101.0
646822002,9702.0
648935001,9735.0
695583005,15499.0
610479006,13059.0
551989032,8311.0
651865001,9786.0
548926001,3793.0
658880002,7468.0
615054002,9032.0
586014003,2974.0
611906001,13125.0
644218003,14377.0
629551003,13839.0
643575002,7309.0
349301023,10523.0
636587010,14122.0
639751002,9570.0
624634002,5687.0
620242001,6970.0
640156001,5820.0
571052004,12055.0
633172002,13979.0
714410001,6160.0
630851003,9385.0
644073002,2390.0
337777001,4298.0
687033001,15411.0
523642008,11230.0
657933003,9894.0
608964001,13012.0
624263001,13626.0
375849019,10560.0
596122001,2604.0
598665008,8851.0
372628016,10553.0
595697005,8824.0
626654001,13757.0
591599011,12579.0
485673002,10867.0
653973001,9828.0
641008005,7284.0
567642003,8483.0
601128003,12818.0
669952001,10093.0
640184001,14261.0
399223015,10614.0
526302007,5221.0
657159001,9876.0
396135047,7859.0
585773001,8719.0
605378003,12883.0
660273001,2168.0
658601023,14859.0
655053001,14758.0
515730003,11145.0
578020004,6688.0
636902003,14135.0
670431001,15147.0
619215004,13383.0
626887003,13767.0
669570003,15122.0
638849001,14205.0
616369001,9050.0
215337039,6173.0
564523004,8448.0
610314006,2619.0
621746003,5648.0
616131001,6922.0
537461001,11343.0
485539028,5150.0
693465001,7705.0
514817009,11129.0
676667001,15277.0
635839001,4808.0
647754001,14489.0
593369001,12615.0
398089010,10607.0
596562002,12708.0
612296001,13141.0
687753002,7682.0
633783001,14016.0
575316003,5422.0
583351002,3891.0
633345002,13989.0
588927004,8749.0
466595024,7945.0
555797004,6523.0
607563001,5551.0
693211001,15479.0
611821008,13122.0
652045001,5912.0
607392002,4628.0
693915001,10306.0
522725010,11221.0
580469001,6708.0
653188003,7402.0
532147001,11300.0
554546021,6518.0
566313002,11882.0
534205002,11325.0
576821002,12191.0
600043001,6819.0
517790004,11171.0
599697001,8869.0
617857005,9080.0
507533001,8093.0
651445001,9774.0
126589007,4266.0
584158002,12385.0
612778003,9012.0
635147001,7200.0
598515001,8847.0
667411014,10062.0
615434002,9038.0
625961004,7062.0
668637001,15106.0
597692001,12734.0
519856008,8154.0
580140001,3887.0
560393014,11729.0
657208001,9879.0
550790001,11512.0
632756001,13954.0
545449034,5258.0
665851003,10039.0
658606001,14861.0
620216021,5641.0
380193010,10570.0
578589004,12246.0
557248006,5316.0
656032003,14779.0
672436001,15190.0
673806007,15224.0
649171001,14547.0
487050028,10879.0
590734006,12565.0
513325015,11115.0
658876002,5960.0
394522003,7857.0
543689001,6471.0
662295001,14967.0
567418015,11911.0
622825001,9190.0
679175001,15325.0
624122005,4722.0
620425012,4705.0
568932003,11992.0
560393007,11728.0
538594001,11356.0
526029001,8184.0
608590001,12998.0
526708019,11266.0
579833003,12283.0
657126001,14815.0
579118001,12260.0
677208001,7632.0
685449001,7668.0
626263005,2653.0
682457001,3636.0
582536002,8690.0
649544001,9745.0
646798003,14453.0
595773002,3392.0
620510004,9147.0
617268002,5615.0
508156028,8098.0
555351003,11618.0
546721003,8272.0
616979001,13283.0
567638004,8482.0
585480003,12434.0
697516001,15514.0
714412001,2469.0
678321003,2188.0
661464001,14941.0
589599022,6766.0
635741004,7206.0
644379003,5857.0
666508003,7550.0
563609005,4488.0
597753007,12738.0
706698001,15554.0
667409001,15087.0
573639001,12122.0
589783001,6767.0
676728001,7628.0
572797005,5410.0
631965002,4776.0
481912016,4361.0
569940002,6639.0
237347035,10419.0
630902001,13887.0
625653016,13701.0
619208002,13382.0
653428003,3105.0
633855002,7176.0
597901001,12740.0
503703008,11010.0
550362003,11505.0
608582009,12997.0
458428053,7936.0
575839012,8605.0
597061001,12722.0
506495001,1680.0
594069003,3389.0
577888001,12226.0
618395003,13352.0
620216016,6966.0
517931006,11173.0
594581022,3920.0
625705003,3471.0
573852003,6670.0
630657004,13878.0
627569002,13787.0
650676002,9758.0
366686011,10541.0
523915001,11236.0
545931001,11440.0
641071004,9610.0
656852001,9869.0
551080012,8303.0
589599016,4582.0
324502017,5080.0
648480001,14515.0
392938001,6243.0
582847001,12359.0
663521001,9994.0
386859006,6239.0
639273001,14223.0
613426006,13167.0
594569002,4597.0
634563002,14046.0
572277007,12082.0
480093001,2005.0
661644005,7491.0
651802001,14632.0
596390001,12703.0
569903006,12011.0
651253004,14608.0
682623001,10237.0
620759002,13465.0
579173001,12267.0
555386001,8341.0
624062007,9230.0
556677001,4460.0
569976011,8538.0
665355002,4959.0
666327009,7547.0
638705002,9540.0
584211001,12386.0
536410001,8221.0
234421001,6178.0
610923001,13083.0
619822008,9124.0
669966002,15133.0
633208001,4786.0
617355001,13310.0
602540001,6825.0
602673011,12838.0
596472002,1718.0
455014020,6281.0
488017008,5157.0
625480001,7052.0
517959016,11175.0
624006002,9226.0
647159001,14476.0
351484012,3225.0
646084001,9689.0
679526001,15329.0
632618002,13949.0
615047007,6916.0
512630006,6382.0
497664007,10952.0
537612017,5237.0
578997005,12257.0
598515007,8848.0
436853004,7898.0
543738021,2885.0
539522001,6456.0
623370002,13584.0
623142001,9204.0
555326005,5303.0
652957001,5918.0
652019002,9795.0
607276004,6858.0
623784001,13597.0
565379005,2934.0
606289001,3939.0
610822009,5567.0
562299003,5342.0
647236001,14480.0
446224026,7906.0
585099001,6732.0
581359002,8681.0
593829027,12625.0
621336002,13482.0
662659001,7499.0
665355003,5998.0
585788002,3375.0
568065002,6620.0
693748001,4244.0
633609003,9439.0
593829011,12622.0
687365001,7679.0
628921003,4759.0
398089007,6245.0
586661003,5469.0
585440012,12431.0
655249001,4907.0
679065004,15319.0
224314016,10409.0
589324001,12531.0
702272001,15535.0
658617002,14862.0
695042003,6143.0
622444003,3457.0
607347006,6860.0
612170002,6902.0
624701001,4728.0
661963001,14959.0
641815003,14327.0
620180001,3984.0
654244001,14737.0
600043005,8874.0
504152012,3749.0
618727001,5627.0
584895013,12413.0
589662003,12544.0
526887002,6429.0
588037001,8739.0
561796002,2282.0
213691080,6171.0
623994002,9224.0
503338014,8073.0
585006002,8710.0
557246016,3324.0
628921001,7106.0
586447001,3898.0
586661001,5468.0
618942001,2105.0
255396023,2475.0
572400014,12085.0
666204002,7544.0
531835001,11297.0
638953001,7242.0
454128021,10745.0
567874002,11944.0
644342001,14379.0
649598001,9746.0
669999001,10094.0
585398006,4563.0
669046001,7567.0
562734008,6561.0
617080001,9062.0
587524002,4572.0
664003001,10000.0
552743020,11548.0
501407003,10986.0
512964002,8127.0
595487002,12677.0
688629001,10274.0
626705004,13763.0
664338001,15014.0
704148003,5053.0
646262001,14435.0
609025002,8948.0
686270001,10264.0
548110005,11469.0
567992022,8501.0
649400001,14555.0
669906001,7576.0
331474020,10513.0
671433001,10116.0
649553005,5891.0
626004001,9296.0
510283002,11086.0
565194007,11859.0
631470001,9396.0
507910007,11056.0
640557001,9596.0
602232002,12834.0
621735016,9175.0
512237002,8122.0
663945001,5985.0
540521003,11372.0
645968001,14423.0
607833003,4632.0
587419002,12480.0
316441025,4293.0
596955003,12719.0
625876016,9289.0
685973001,15396.0
405887035,7875.0
656032005,9857.0
666352003,15070.0
647032001,5868.0
641525001,4840.0
568571002,6626.0
588390001,6757.0
301213001,1288.0
573284068,2292.0
615217001,9036.0
552471025,8316.0
623480001,13589.0
651591001,4886.0
617821001,13328.0
637352001,4069.0
680846002,5012.0
573937002,5416.0
646152001,14427.0
620794002,13467.0
579541012,12280.0
669713001,4180.0
458393011,7933.0
661926001,14956.0
609555002,13027.0
580031007,12291.0
667161001,1956.0
610842003,13079.0
380894037,5101.0
496111022,6346.0
611054003,13093.0
515989008,11148.0
592241005,5489.0
505764002,11036.0
509091013,11073.0
634727002,7190.0
504742001,11024.0
644379002,2694.0
586310005,12454.0
644280001,7315.0
594069002,5496.0
466987020,10785.0
657415003,4918.0
615042002,5597.0
663939001,4160.0
626593001,13750.0
454128010,10744.0
560209001,2921.0
583534010,1877.0
618017002,9084.0
611600003,13117.0
656474001,14793.0
623884001,13606.0
581178007,3889.0
689981001,6126.0
678571002,10206.0
500372003,8058.0
665851001,7542.0
647794002,7345.0
537119002,8225.0
617279002,4682.0
620928003,9159.0
491912014,4372.0
692747002,7704.0
657856004,7457.0
673850002,15227.0
609285002,8954.0
677982001,6083.0
675856004,3160.0
574874004,12149.0
599261002,8864.0
519856002,11193.0
671433004,6042.0
511818001,11105.0
663561001,3132.0
628928003,7107.0
567990007,5379.0
611144013,13098.0
574064002,5418.0
628816001,13818.0
601468003,12820.0
622242003,13544.0
536385004,11334.0
592959006,6780.0
606778001,12928.0
634196002,14039.0
643463002,5846.0
562142002,11766.0
425217006,10668.0
562211003,5341.0
621522009,9169.0
632813002,13960.0
635472001,9489.0
625958002,7060.0
695450002,10315.0
611201003,8991.0
525500022,11247.0
421387027,10664.0
438147003,10683.0
585130002,12422.0
593516001,12617.0
617081002,13296.0
664779007,4954.0
651344003,9771.0
568842006,6631.0
663510001,9991.0
369796025,10547.0
660927002,7485.0
589549007,12538.0
523642010,11231.0
480516001,10831.0
586307003,4568.0
657291004,1629.0
553092007,11557.0
629786002,9365.0
689081001,15436.0
652000001,7389.0
660401003,9944.0
652095002,5914.0
551790005,8309.0
657614004,7456.0
637352002,7234.0
574750002,6673.0
536139034,3300.0
703207002,6153.0
651336001,4117.0
593783001,8795.0
547937002,6488.0
589372001,3904.0
599965005,8873.0
648968004,4869.0
702623001,10338.0
660219001,14909.0
378135034,3232.0
518630005,11181.0
561261002,11741.0
542533008,11402.0
657759003,5953.0
575156003,8594.0
176209025,10385.0
611354002,8994.0
653394001,5926.0
567532004,3843.0
575529002,5425.0
677580001,10193.0
613456003,6907.0
524302001,8173.0
604991001,8915.0
577025001,8622.0
616869002,6929.0
611956002,6899.0
564314016,11823.0
501620004,10991.0
626890006,13768.0
621445003,6982.0
645749006,14420.0
703317001,15541.0
634779001,14056.0
649435001,5888.0
485689008,5153.0
629445005,4762.0
559637003,6545.0
653188002,4126.0
610324001,8973.0
615934006,2629.0
652598001,14677.0
620585001,9150.0
548659005,2537.0
634735001,14053.0
538358018,11354.0
684579002,15382.0
633808020,9448.0
648256001,14503.0
641704001,14322.0
625316009,4732.0
624659002,13649.0
619455003,13400.0
674697001,7615.0
233091020,10415.0
510461001,8116.0
433444007,10680.0
515042001,1682.0
487206001,10886.0
620424030,13454.0
661513001,14946.0
644678001,14391.0
625673004,13704.0
688771001,15433.0
640116001,9580.0
545449007,11437.0
652953001,14684.0
642910002,9649.0
490794024,8017.0
643975001,9664.0
652221001,14663.0
661120001,7486.0
629107001,9356.0
578472001,3880.0
647268003,7338.0
522560001,11215.0
575529006,8601.0
557548002,8367.0
655466001,14768.0
525335022,8178.0
596957001,12720.0
665491002,10032.0
621522016,13494.0
667592001,10066.0
519588002,4399.0
610700003,8978.0
615054001,13201.0
484398023,7978.0
567114001,11902.0
632534003,7150.0
642498001,9635.0
635621001,3511.0
458239017,7932.0
706890001,15558.0
598533006,6811.0
375248012,6234.0
651456004,2711.0
454143001,10746.0
621523018,9172.0
671650006,10120.0
647462002,9707.0
540742008,11376.0
609847002,13035.0
130035001,2802.0
389892002,10585.0
682848004,7657.0
607390001,5546.0
635888002,4058.0
568570001,8507.0
554640003,11603.0
566745006,11896.0
621310001,9165.0
634701003,14049.0
633150007,13977.0
526250002,11261.0
355307053,10529.0
653925001,14721.0
491350001,5160.0
616124003,13239.0
714414001,10363.0
665089002,10023.0
635644003,9493.0
309434009,10479.0
540739001,11374.0
610238001,13055.0
594543007,6786.0
702393001,15536.0
488012027,10897.0
652910001,14682.0
640570002,9599.0
572402003,8569.0
569406003,12008.0
502717006,11002.0
625692001,7057.0
482211001,10839.0
637124002,14147.0
616225009,13248.0
558443002,11674.0
648927002,9734.0
690917003,10287.0
583804002,12378.0
584771001,8707.0
579715002,6701.0
400342025,7866.0
625917001,9293.0
156610001,7743.0
695583002,15498.0
646761003,14445.0
673492001,15212.0
648769001,14529.0
625787002,7058.0
673133002,15205.0
626590003,7079.0
578716001,12253.0
624042003,9228.0
695033002,10312.0
557561006,8368.0
555990002,11624.0
628978003,9350.0
338016003,7812.0
665244001,15046.0
614889002,13195.0
688873003,2200.0
582577005,12353.0
540395009,8239.0
690279001,10284.0
526194004,11260.0
613463001,6909.0
629474001,13837.0
558407001,4464.0
605966002,6850.0
635274004,7203.0
669679002,15125.0
673900010,10153.0
488015017,4368.0
683395001,15374.0
625114005,5698.0
528070001,4415.0
626445005,9308.0
632223003,4779.0
634541003,5781.0
584778002,2301.0
606679003,12919.0
495949004,10944.0
252298015,6188.0
582480015,4557.0
649551014,7362.0
559715012,8395.0
673901004,4201.0
652731006,7399.0
648738016,4868.0
628727001,7100.0
593751001,8794.0
638358001,9537.0
578387001,8636.0
519847002,11192.0
659320003,9921.0
621551003,6989.0
584791002,12410.0
670061002,7577.0
654358003,9833.0
655003002,9841.0
642864002,9645.0
619561002,9114.0
623992001,7012.0
576897006,5431.0
657289002,14826.0
545396004,11432.0
595726002,8825.0
225784040,10411.0
670737002,15152.0
633531001,9437.0
611201001,13102.0
673701001,15216.0
622314011,13548.0
569998002,2947.0
577750001,12221.0
350082029,4304.0
379780019,2818.0
585812002,2972.0
413911011,5114.0
464610002,10776.0
610056001,13043.0
569094002,8521.0
512630007,11110.0
522725008,11220.0
634036002,4798.0
660372002,14920.0
617725004,4687.0
380609008,10572.0
584927001,12415.0
540742022,8240.0
595841002,5506.0
485746002,6326.0
213691001,10397.0
445419011,10697.0
613459012,5588.0
596166003,12695.0
586651006,12463.0
551989026,11534.0
620208027,9131.0
692972001,15475.0
618895001,13372.0
651898001,4889.0
580959003,12309.0
588423003,5475.0
516000061,6393.0
568174018,11957.0
625969003,7064.0
580331003,8663.0
584616001,8705.0
620337034,6972.0
660290003,14911.0
684021004,10249.0
525563012,8181.0
674294006,15236.0
618387003,13351.0
654509001,4902.0
612249001,13139.0
567740008,8490.0
606118003,12897.0
611265002,5575.0
611030004,8987.0
493103034,5161.0
572573002,6662.0
591180001,12571.0
551497004,8308.0
567699006,8486.0
629897001,4029.0
554541001,6516.0
652270004,7394.0
609650001,13030.0
584631017,8706.0
633343008,7163.0
656630001,14803.0
560030004,11712.0
637996006,14185.0
624512002,9253.0
681754002,6098.0
630525002,13876.0
220365002,10407.0
548932006,8285.0
557983002,11665.0
590734002,8768.0
485673034,2503.0
584084001,12383.0
657251004,14823.0
644306001,9668.0
575537002,12172.0
571990001,8565.0
589472001,12532.0
661888003,14955.0
699461001,7717.0
626052011,3473.0
645754002,9687.0
662448001,9975.0
657135002,7451.0
654295001,7416.0
632528001,4780.0
703790001,15545.0
585928001,12445.0
628631003,13814.0
625043004,5697.0
647338002,14483.0
633855001,4795.0
513699013,11119.0
534071001,6437.0
640528001,7273.0
532877003,8203.0
616229001,13249.0
571436018,8562.0
645891001,7329.0
649600002,5892.0
601123001,12816.0
601784003,3931.0
581892002,8684.0
644873003,14401.0
657974001,9895.0
636803002,14131.0
563609006,2931.0
625229001,7048.0
641815001,7295.0
456834012,3257.0
611910001,9002.0
629656001,13841.0
621462001,13490.0
617268004,13304.0
600805001,12807.0
478298005,10822.0
682308002,6100.0
614628001,13190.0
482211002,10840.0
636587003,9508.0
568931001,5387.0
591675003,12582.0
559715004,11704.0
559630001,3329.0
559162007,6544.0
675135003,10165.0
567615001,11926.0
642445001,7298.0
545812001,11438.0
578825001,8646.0
625702003,13705.0
660628002,14928.0
654383002,14743.0
442915013,6265.0
687921001,6120.0
561652003,11759.0
627143001,13777.0
479604007,3731.0
632224001,9406.0
588392001,12504.0
583039001,12360.0
601337001,8885.0
615307002,4666.0
610744006,3418.0
684838001,4223.0
604847002,12868.0
612295001,13140.0
464297021,2498.0
616238001,13250.0
636378001,14109.0
653248001,9818.0
659215001,14875.0
698011002,6146.0
468013001,10786.0
550004002,5275.0
594207001,12636.0
592174004,4588.0
493826001,8026.0
443000001,7901.0
595697008,12687.0
620337049,13449.0
620569002,6976.0
615972002,3966.0
670297001,6035.0
615047001,3961.0
540395007,6457.0
628813003,3484.0
598841001,12765.0
560559001,11731.0
677444001,10189.0
623059003,9203.0
634541002,9467.0
650271001,2707.0
671659002,7589.0
664870001,10020.0
507706004,4383.0
637311003,14163.0
608582006,12996.0
659755001,14890.0
620850002,13468.0
637253001,14157.0
695929001,7712.0
439285001,3710.0
630416002,9381.0
587189002,12475.0
658495004,9904.0
657850002,14841.0
564523007,8449.0
559637002,2919.0
615154001,13202.0
622970001,9199.0
466987019,10784.0
570002007,4518.0
522398056,2253.0
577425006,3877.0
624556001,13642.0
215337059,3681.0
622907002,3460.0
626039001,13720.0
677708001,15293.0
664862002,7527.0
593829001,2313.0
587272006,6752.0
642497001,9633.0
683035001,10243.0
572791006,8574.0
627580001,9333.0
617900006,3440.0
671163001,10110.0
690784003,7693.0
663714003,15006.0
270381007,6191.0
678421001,15307.0
572472001,8570.0
629266001,7109.0
608503002,12991.0
558471003,11676.0
665212002,3594.0
586898001,8733.0
610274008,8969.0
528931003,11284.0
610059001,1892.0
652060003,14656.0
655437001,7430.0
627267004,9326.0
690782001,15447.0
507987025,4385.0
700791001,5050.0
648273001,14504.0
599579001,5521.0
580457002,12298.0
704805002,15547.0
536163003,6446.0
620036001,4701.0
604837006,8912.0
596270001,8829.0
380193015,10571.0
586307013,5465.0
619595005,13411.0
637667002,9528.0
605091003,12872.0
635848005,5790.0
687725002,4233.0
656707004,3574.0
640353002,7271.0
506190003,2015.0
639894004,9575.0
568593002,8511.0
607369003,5545.0
683147001,3640.0
493814021,8025.0
648995002,5886.0
636574001,14118.0
622885002,7000.0
624679001,9263.0
568732010,11981.0
315497001,7805.0
668740001,15109.0
620425003,13455.0
611146011,5573.0
543723014,11422.0
641863002,14331.0
633813001,7175.0
624385002,3039.0
630777004,9384.0
646545002,9697.0
553881020,6511.0
595509001,5503.0
594374002,12637.0
619653002,5635.0
621766002,13518.0
615749001,13221.0
684325002,3642.0
628535006,4754.0
616249001,13251.0
655531001,14769.0
592743039,12604.0
502186014,1678.0
658525001,4926.0
662369012,5974.0
580263001,8661.0
619547001,13406.0
686919002,15407.0
620745001,9153.0
588422002,12505.0
494171001,10931.0
536475002,11335.0
651133001,14605.0
556493002,11634.0
543133001,11417.0
395864048,10601.0
626442003,13741.0
655167001,4134.0
630787003,13880.0
639450001,4074.0
572127018,4529.0
664746002,7525.0
617350002,13309.0
501323012,4377.0
688366001,15428.0
660294002,7481.0
568174030,6623.0
646195002,9694.0
529008016,11285.0
685380001,15389.0
632596001,13948.0
478751008,7964.0
656491003,14795.0
595366003,5502.0
624692003,13653.0
573331005,8583.0
606698001,12922.0
658926001,9912.0
585276003,6733.0
627760004,13794.0
637566001,14175.0
575154002,12153.0
628816003,4758.0
587189003,12476.0
661310001,2736.0
501117001,10980.0
664750002,15026.0
622446001,9186.0
611144031,6893.0
610729003,8979.0
595200001,12668.0
628927001,13822.0
596983003,8838.0
666621001,4171.0
604185007,12858.0
657891001,9891.0
581228001,2588.0
670061001,3605.0
516903007,6396.0
608416001,12990.0
603583007,6830.0
540277012,8238.0
608091001,6866.0
629011008,13826.0
601728001,6824.0
628642001,13815.0
588515009,12512.0
598665009,5516.0
578430004,4545.0
667845003,6018.0
552471002,8315.0
654383001,9834.0
611480002,13112.0
606696002,12920.0
627267001,4024.0
639889002,7261.0
640740001,14287.0
633640002,9440.0
614350001,13185.0
669901001,7575.0
525831014,6422.0
653621002,9824.0
585503004,4566.0
573282019,12109.0
625779004,13709.0
599703001,12776.0
544627004,2263.0
548932005,6493.0
623282008,7005.0
569562001,4515.0
582577004,12352.0
569940001,2943.0
607595001,12960.0
627009001,3478.0
626568007,7078.0
646149001,9692.0
550163001,4438.0
695748002,10317.0
656649005,9865.0
153115021,4270.0
482207016,3733.0
570907001,8559.0
552617003,6505.0
606679001,8924.0
457314008,10759.0
639199001,5808.0
324502003,1419.0
551790007,11529.0
677511001,5000.0
662869001,14978.0
598515004,5515.0
635888003,9495.0
508932029,11068.0
712425004,10357.0
610631001,13066.0
512237005,11109.0
707606002,7727.0
654592001,5933.0
698949002,5048.0
632159003,13934.0
596270004,12698.0
626445020,2656.0
585275003,12425.0
588771002,12520.0
686266002,15400.0
662661002,14974.0
660618003,14927.0
635474001,3510.0
578311002,4544.0
653666001,4898.0
651724001,1937.0
595696020,6793.0
565320004,11869.0
633130010,4042.0
315795001,4292.0
652385001,9803.0
566089001,11880.0
542551001,8255.0
524036002,11239.0
586313006,12458.0
624658004,9259.0
670674009,6037.0
580290004,12296.0
639574003,14242.0
684847002,15384.0
663136001,5978.0
563610002,6570.0
612850001,13156.0
647676001,7344.0
346539021,4303.0
634013022,5777.0
366686026,5097.0
577468007,8626.0
405636011,10630.0
653716003,5928.0
488697013,10906.0
671037002,7586.0
539723002,2877.0
639558001,14238.0
599268001,12771.0
551379003,11522.0
637124009,14149.0
655261003,4909.0
537119003,1564.0
707203001,10348.0
658321003,3114.0
565405002,11875.0
673901003,4200.0
581980001,8685.0
696587001,4247.0
594978003,12658.0
661481002,7490.0
623653001,13592.0
631752004,13914.0
606711001,12923.0
659280002,9918.0
646156001,14428.0
622314001,13547.0
628469001,9338.0
634760004,5782.0
671858003,15176.0
627563008,5727.0
692216004,15459.0
632676001,13952.0
581452001,12323.0
682618001,15367.0
633598001,9438.0
689029002,15434.0
632362002,9410.0
598807001,12764.0
408884004,6255.0
671625001,4984.0
542730002,6465.0
501325001,10984.0
666578002,10050.0
503862001,11013.0
405636010,6251.0
621746002,13514.0
549804002,11499.0
568174017,11956.0
556655005,4459.0
453239043,6279.0
646085002,14425.0
654091002,9829.0
641202001,9612.0
639471003,9560.0
567122002,11903.0
612715003,13151.0
613789001,13174.0
639756001,7258.0
612075004,3424.0
464927017,5134.0
638655001,3076.0
610111002,13048.0
577477003,5432.0
408875001,7877.0
635420003,14075.0
621846005,5651.0
622280001,5654.0
578317003,6689.0
516131001,11153.0
443078004,10690.0
524006004,8172.0
624148003,9242.0
596539001,12707.0
636672001,14126.0
575004002,8593.0
452616001,7918.0
631897001,5756.0
643591005,5848.0
640674004,9601.0
680659001,7647.0
616606001,13264.0
669393001,15119.0
570428001,12045.0
670022001,2428.0
523936012,11237.0
567874004,11945.0
687852002,7684.0
290022001,10447.0
497817004,8044.0
600044001,6820.0
625787004,9286.0
564930001,8453.0
589017002,6761.0
570463001,2950.0
549961004,8294.0
698055001,15517.0
542982018,6467.0
641195002,7287.0
616023001,5605.0
561303005,8416.0
552473028,5289.0
674741009,2438.0
640622002,5825.0
659187001,9916.0
569406001,12007.0
364409039,7827.0
591466003,8776.0
707611002,4253.0
611351002,5577.0
597136001,12723.0
650213001,3093.0
643591006,9663.0
674448003,6065.0
545303010,6477.0
600928001,8881.0
587201001,8736.0
554598011,3317.0
531219001,11295.0
560209005,11720.0
620316003,9137.0
605106001,963.0
622825010,13559.0
238197034,7768.0
624121004,9240.0
631109003,13891.0
645646001,9685.0
623891001,13607.0
677037005,1969.0
596296003,12700.0
682738001,7656.0
619562001,13408.0
564358030,11831.0
617249011,13303.0
568601007,6628.0
278038028,10443.0
540701003,3305.0
657165010,4140.0
564786018,11841.0
642425004,14338.0
628979002,9351.0
639965001,5818.0
237347031,3208.0
553383002,11560.0
601784002,3930.0
635420002,9485.0
600874001,12810.0
605777009,12889.0
564309018,8440.0
564546002,11838.0
646961001,14468.0
625653022,7055.0
601296004,6823.0
613702002,13172.0
703046002,15540.0
443860025,10695.0
660110001,4930.0
476583020,1837.0
560183001,8400.0
635530001,14083.0
591599002,8778.0
647888001,5874.0
610182001,3415.0
569933002,2054.0
452898030,10730.0
575529001,4540.0
487926002,10890.0
555797001,5306.0
610602003,5565.0
639834002,14251.0
641704002,14323.0
646753002,7333.0
621343002,13485.0
615054003,5600.0
664904001,10022.0
672032002,7596.0
636407003,7213.0
558402004,6531.0
626648002,7081.0
487262004,10887.0
635050003,7199.0
404864022,7874.0
621523003,6987.0
650037001,3092.0
603545002,5530.0
568869001,6635.0
551892005,8310.0
643055002,14352.0
637912002,9530.0
553881019,6510.0
639091005,9546.0
632651001,9415.0
621522026,13497.0
588425001,8740.0
613938001,13180.0
623950004,13611.0
620337036,4703.0
654051001,14727.0
663355001,3589.0
620945001,4706.0
628327005,7096.0
485052003,10849.0
504960003,11029.0
482130005,5145.0
636892001,4812.0
630690005,9383.0
677133001,4205.0
671550004,10118.0
599719006,12785.0
607392004,8933.0
575524001,8599.0
546269002,6480.0
614010001,3958.0
558248001,11670.0
625927008,9294.0
307656023,6210.0
623667004,9220.0
631072001,13890.0
637143002,14150.0
662917004,9981.0
578589008,8641.0
598320001,12745.0
590961005,8770.0
657785001,9886.0
674715004,10162.0
496111009,6344.0
617289001,2634.0
677967001,6081.0
591334009,4586.0
477163013,10817.0
695001001,15491.0
504155018,2243.0
570892001,12053.0
638642001,3519.0
685974001,5027.0
663515003,7510.0
619822002,9122.0
579105005,8651.0
689431001,2456.0
610930001,13085.0
585751009,12438.0
617039001,13289.0
637601001,9527.0
658011001,7459.0
572955008,8577.0
624535001,9254.0
618894011,13370.0
664022001,10001.0
570189002,6652.0
331072001,10509.0
588689009,4580.0
610611001,13063.0
613857002,13177.0
678660002,15313.0
617047005,13291.0
395730028,10599.0
698949001,10329.0
599963007,12794.0
296366032,10461.0
620180004,13438.0
542413002,4428.0
639471001,7253.0
709702001,15562.0
630646002,13877.0
648713001,14528.0
328480021,10507.0
652596002,9805.0
563577007,11794.0
541758001,6463.0
625522001,9279.0
680659002,15344.0
621670004,13506.0
607074001,12933.0
642643002,14340.0
661311001,9959.0
568862001,11989.0
661023003,14937.0
686553003,10266.0
508931020,5188.0
640467003,9592.0
630319002,9373.0
554892002,11609.0
682854007,15368.0
620510005,13460.0
592932002,12610.0
641926002,7296.0
619528001,13404.0
599718002,12778.0
671186005,15157.0
670478003,10106.0
606743002,8925.0
643460001,7306.0
558996009,8385.0
670193001,15138.0
567803001,11940.0
631453001,13906.0
624724001,9266.0
504416001,11022.0
226959007,7762.0
626261001,13727.0
558244007,11668.0
685933002,15395.0
627009005,7087.0
395658031,10598.0
664120002,10005.0
567413021,11909.0
498738021,10959.0
517813008,5205.0
591618001,12580.0
403994003,6250.0
511783002,3757.0
366859017,10543.0
470985008,6299.0
654358001,14741.0
648917001,14533.0
629772002,9364.0
639207003,9548.0
607392001,12949.0
611503006,13114.0
637667004,5798.0
577725002,12220.0
634248002,9464.0
611899001,13124.0
556589001,11640.0
670674003,7583.0
553611002,11563.0
665201002,15045.0
564219001,11809.0
564491005,8447.0
417088006,10661.0
580469006,8665.0
548546008,8279.0
633740004,14011.0
554011006,8329.0
625077001,13663.0
577992007,8633.0
544739009,11429.0
514692019,11128.0
641704005,9620.0
433414022,7896.0
599719001,12782.0
619538002,13405.0
561548008,11751.0
382127040,10579.0
666327001,15069.0
626703003,13759.0
468480015,10787.0
597569002,6804.0
667770001,15092.0
564999008,11851.0
672383004,7597.0
657367001,14829.0
619287001,13392.0
672016002,10127.0
627554006,13786.0
572691002,12098.0
573442001,6667.0
647416003,4104.0
680217001,15340.0
646846002,9703.0
512743004,8126.0
523689004,11232.0
638533001,5804.0
579910002,8659.0
677889001,10197.0
669734002,15129.0
691890001,10294.0
633378003,7166.0
517729020,8143.0
610696004,13071.0
621019002,9160.0
717244002,15573.0
451290010,10716.0
664387002,15019.0
662145001,7493.0
654932003,14753.0
237222016,10417.0
539514001,11365.0
619739024,13419.0
635023002,14066.0
469039021,7951.0
641550002,14315.0
617735001,9076.0
501619014,6358.0
630384001,9379.0
571538003,12066.0
633668001,14009.0
408875009,10640.0
542209002,11397.0
636868001,9512.0
554540001,11594.0
667060001,6013.0
698191001,15519.0
588689012,12518.0
584580001,12400.0
629881001,13847.0
707479001,15560.0
650539001,14588.0
563993001,11802.0
565188004,11857.0
265630004,10435.0
668097001,7561.0
507181001,8092.0
706319001,15553.0
625672005,7056.0
506495006,11044.0
642895001,14345.0
557633001,8369.0
675114001,15246.0
360950007,7823.0
641892002,14332.0
567821001,8494.0
648624003,14522.0
558466002,11675.0
625642001,13698.0
649495002,14560.0
572280004,12084.0
470985010,10797.0
577321001,12203.0
597648001,6805.0
318914017,10493.0
685378002,15388.0
586896019,8731.0
553875006,11569.0
675721002,15256.0
671039001,15155.0
674096001,15232.0
577725001,12219.0
673746003,15220.0
641192001,14307.0
599718004,12779.0
581012001,4552.0
608512001,12993.0
515991010,11149.0
618386001,13349.0
637306002,14161.0
649057007,14546.0
611815007,6898.0
558512009,3821.0
616849012,4680.0
680299001,15342.0
670645002,7582.0
612941001,13160.0
625153006,7045.0
521817003,11209.0
637374002,9522.0
583933002,12379.0
659143001,14872.0
642806001,14342.0
612132001,13135.0
682958001,10241.0
604992003,12870.0
630902002,7132.0
580331004,6707.0
623990001,9222.0
638189001,14190.0
582047001,6721.0
375585027,7837.0
569996025,12025.0
651059001,5897.0
616849015,13271.0
560213003,8406.0
624151001,7022.0
607031001,6857.0
625760001,13708.0
543080001,6470.0
607030002,8926.0
615021016,6915.0
617034001,5611.0
588588012,12515.0
592986002,5493.0
484205009,7975.0
613339001,9019.0
618770001,13365.0
673214008,15208.0
674714001,15245.0
603145002,4616.0
573498001,12118.0
469562002,6297.0
300637004,6206.0
653275011,14701.0
392203001,6242.0
602716002,8894.0
578311006,8635.0
589836001,12553.0
644486001,14384.0
662722003,14977.0
671973003,15178.0
538592006,11355.0
417088007,10662.0
637149001,14152.0
683458001,15375.0
597476002,8841.0
511802005,8121.0
608347003,12988.0
514182010,11123.0
618690004,13363.0
606115002,12896.0
529588006,8195.0
599680001,6816.0
677930016,7636.0
652000002,9792.0
575501001,12167.0
640251001,9587.0
516656001,8140.0
702969002,10339.0
636420002,14110.0
562326010,11770.0
499368003,10966.0
515030001,11136.0
569677007,5390.0
643998001,7313.0
642497004,9634.0
568056003,11952.0
556527008,5309.0
657133001,14816.0
519477001,5207.0
706700001,15555.0
673901005,7610.0
657367002,9882.0
635895001,14091.0
633781001,9444.0
628586001,13810.0
481111010,4357.0
474461036,10808.0
646266008,9695.0
664897005,15034.0
504154002,11020.0
324963035,10500.0
565268001,6590.0
568434006,11961.0
559850003,11708.0
530165001,11290.0
617923003,13337.0
396690014,10604.0
680298001,15341.0
647355002,4860.0
504631012,11023.0
630144001,7120.0
673989002,15231.0
690048001,15440.0
639891001,9574.0
478279004,10821.0
501323006,10983.0
596832003,12712.0
664072001,7517.0
655054001,9842.0
568041001,8503.0
495733001,8034.0
626704007,13761.0
493810023,10925.0
648414022,9719.0
617903007,13335.0
571961001,12071.0
567418006,6606.0
672017005,10128.0
661560001,14947.0
675489002,15252.0
543738017,11423.0
682623002,10238.0
584282003,12390.0
244267028,4281.0
657203002,14820.0
657174002,7452.0
698117001,15518.0
615503001,4669.0
563670001,11798.0
407031005,10635.0
640567001,14278.0
675135002,15248.0
501820027,8067.0
666031001,15060.0
625630003,13696.0
695129002,10313.0
639342001,14228.0
580769002,12307.0
578479003,12243.0
505429003,6367.0
550589005,11510.0
568836005,11985.0
566940006,11898.0
386463001,7846.0
451744001,10724.0
514577015,11127.0
565200005,11860.0
485673055,7991.0
587446001,12481.0
508929036,11067.0
572796011,12099.0
501619015,10990.0
639258001,9550.0
487051011,10881.0
547367008,8276.0
451229042,10712.0
550471024,6497.0
451744015,10725.0
596934001,12717.0
679100001,15320.0
639574001,14241.0
548613030,11481.0
643466001,7307.0
526594002,8188.0
600380001,12800.0
541308006,11380.0
606132002,12898.0
690213001,15441.0
355421004,7819.0
651465004,9777.0
692705001,15472.0
482031030,10837.0
559645003,5331.0
653145002,9815.0
513257008,8128.0
648348001,14509.0
237347011,10418.0
265069012,7777.0
600229002,8878.0
596925001,4605.0
515514007,11141.0
683549001,15376.0
690624001,10286.0
611351003,13106.0
691164001,10290.0
487053001,10883.0
531284005,8199.0
631442002,13905.0
636495001,14116.0
591867001,12588.0
560419005,8408.0
542143001,6464.0
624122007,7021.0
485240002,10851.0
599494001,12774.0
655826005,14773.0
560208004,11719.0
640989004,14296.0
620076002,13434.0
611745001,6897.0
588608003,6759.0
551413004,5279.0
661962002,14958.0
670674007,7584.0
541491012,11383.0
345830024,10518.0
567699001,11933.0
564934014,11849.0
670334008,4981.0
542672001,11405.0
581228003,8677.0
634701002,9469.0
547841005,11464.0
517813013,8146.0
511828001,5195.0
624042005,5677.0
485548001,7985.0
679204001,6091.0
356174004,10532.0
620188001,13439.0
662066001,14961.0
678571004,15309.0
547871003,8278.0
716211001,7735.0
631441004,9394.0
627770002,7095.0
619280008,13391.0
568174016,6621.0
533022003,5227.0
583116002,12363.0
640237001,9585.0
576897005,12192.0
620625002,9152.0
675657001,10171.0
401044021,10618.0
572799002,12102.0
656401003,7442.0
576146001,2581.0
650122004,7366.0
674681002,15243.0
577755001,12222.0
533404014,11313.0
613460005,9023.0
587205001,12477.0
684030001,10250.0
640989001,14295.0
641822002,14329.0
640565001,14277.0
585812001,12443.0
219075021,5067.0
485241005,10852.0
605106002,6842.0
558996002,6539.0
687717001,15421.0
638252002,14194.0
577294005,12202.0
574683001,12145.0
678660005,10208.0
592858001,12608.0
634541001,9466.0
665761001,7541.0
607541004,12958.0
625265001,13674.0
574080001,12137.0
526858005,11270.0
577330003,12205.0
649888010,14572.0
710802001,15563.0
620703003,13464.0
686919006,15408.0
664891001,15032.0
612004006,13129.0
481347006,7967.0
592771001,8785.0
667411024,10064.0
667769004,10067.0
620208030,9132.0
640467002,14274.0
637352005,14167.0
576107001,12178.0
567815002,11942.0
657719003,14840.0
545449001,11436.0
594388001,12638.0
348168005,10521.0
530535002,11293.0
566592024,11895.0
669943001,15132.0
404609007,10626.0
219075014,10405.0
677501001,15288.0
671255001,15159.0
591334008,12572.0
599773008,12789.0
591087002,12570.0
582053004,8686.0
599378001,12772.0
613279003,9017.0
558680002,8378.0
610173003,8964.0
555292003,11613.0
568800005,11983.0
572938001,12103.0
628642003,13816.0
618480005,13357.0
676255002,15269.0
565017001,11852.0
674564001,15240.0
675274001,10167.0
366686023,7830.0
633378001,13991.0
673882002,7609.0
471714008,10801.0
416961033,10659.0
672554002,15192.0
621735013,13512.0
653716007,4899.0
664994001,15038.0
652655003,14678.0
646811005,14460.0
523489015,6415.0
647396001,4103.0
561542018,6556.0
560819002,5336.0
664776002,15028.0
568669001,11976.0
624050002,13614.0
654436001,9836.0
580301002,8662.0
579311002,12270.0
554555003,8335.0
659113003,7470.0
695458001,7711.0
637307003,14162.0
658495001,9903.0
606674001,12918.0
634404005,14043.0
657618001,14837.0
577249006,12200.0
698943002,6147.0
644432001,14383.0
482031029,10836.0
553932003,11576.0
690789004,15449.0
663477003,14999.0
661151001,7488.0
632832004,13963.0
625090005,9271.0
664647010,10014.0
568069003,11954.0
661644002,9964.0
669734001,15128.0
663285002,9987.0
555353010,5304.0
649157001,9739.0
640259001,14266.0
643502001,14362.0
627210002,13781.0
498619002,8047.0
617114001,13300.0
657063002,9873.0
582252001,8687.0
588423004,12506.0
659422002,14883.0
606250001,12903.0
652901003,9809.0
637680002,9529.0
625958001,9295.0
557293001,11661.0
485537017,10855.0
625522004,13687.0
692288001,15462.0
505507011,6368.0
651465005,9778.0
570003012,12030.0
624063001,13615.0
547980005,11467.0
616339001,6924.0
549978013,8295.0
637521002,14170.0
651964001,14643.0
705046001,15549.0
355072004,6230.0
581113001,8671.0
617106001,6930.0
516131004,11154.0
590919001,2596.0
635513001,9491.0
658509001,9905.0
612182004,13137.0
570174001,5397.0
617379001,13311.0
654564001,14745.0
613279001,13165.0
610869002,13081.0
591439008,8774.0
642189004,14334.0
567532002,6607.0
662553002,14970.0
564914001,11846.0
569974002,2944.0
572202002,12078.0
655291001,4135.0
648822002,14531.0
559607009,11700.0
569986003,8542.0
555989001,8347.0
571436003,5401.0
594832001,8809.0
594978030,8812.0
500846011,10979.0
560625002,6551.0
692002003,7702.0
566370003,8469.0
640251002,14265.0
486462008,10874.0
566714002,8472.0
605230002,8916.0
641252001,9615.0
610730005,13074.0
500771012,10978.0
642910005,7302.0
524412001,4411.0
688448003,10273.0
533393004,11311.0
619595002,3982.0
639261001,14222.0
609638001,8958.0
630339001,7126.0
641748007,14325.0
671631006,6045.0
511924001,11106.0
445419001,7905.0
642882002,9647.0
609787006,13034.0
547474002,8277.0
561552014,11755.0
580684001,12304.0
579837002,8657.0
395730029,10600.0
647448001,14485.0
677130001,6077.0
587759003,12484.0
660590005,14925.0
678558001,6086.0
664022002,10002.0
608572003,12995.0
497284006,10950.0
617201002,13302.0
648173004,9714.0
650506002,9756.0
526029005,11254.0
568149005,11955.0
575466001,12163.0
620242002,6971.0
567993041,11950.0
549285001,11490.0
509631004,4388.0
480405002,10830.0
663515005,15001.0
526250005,4414.0
662205001,14965.0
636585003,9505.0
654434001,9835.0
683375001,7658.0
634013002,9457.0
662344005,14968.0
683211001,15371.0
636452003,14112.0
554598032,11602.0
577468006,12211.0
556138001,11629.0
640743003,9602.0
522461003,6409.0
673784003,10152.0
434080005,10681.0
569769001,6638.0
673911003,10155.0
551175003,1697.0
522918039,3768.0
337777004,6221.0
585809005,12442.0
120129014,5062.0
617965002,13340.0
618329002,13348.0
633345001,9436.0
574607002,12143.0
584947001,12418.0
541492001,11384.0
630485001,13874.0
505507010,11033.0
625193004,5700.0
522398054,5212.0
620337004,9139.0
671691002,10121.0
426674011,10674.0
621523004,13500.0
394798002,10595.0
594581021,12647.0
563609004,8433.0
636452001,9504.0
690579001,15445.0
341242007,10515.0
447694008,6269.0
624678001,9261.0
582053002,6722.0
523707001,11233.0
547345003,11453.0
633617001,14008.0
640317001,9590.0
404864023,10627.0
609424001,13024.0
506368004,11040.0
631591002,7141.0
513325022,11116.0
568020001,5380.0
672371001,10136.0
637254001,9517.0
575769002,8604.0
678079006,15301.0
589662001,12543.0
636587004,7219.0
370594006,10549.0
616269001,13254.0
597734001,12736.0
624325001,13631.0
661308003,9958.0
637304001,7231.0
604052001,12854.0
584496001,12399.0
654375003,14742.0
522453001,11214.0
616892002,13274.0
616453001,9051.0
581807002,12329.0
618907001,13373.0
304692003,10470.0
671999001,10126.0
592303001,12599.0
515692005,11143.0
557241003,11653.0
660830003,9947.0
579147001,12264.0
601636002,12823.0
479823001,10828.0
551504006,6502.0
584722001,12408.0
585136002,12424.0
623820001,13598.0
610075002,6877.0
678296002,10204.0
624658005,9260.0
672758003,10139.0
666327011,6007.0
670110001,15135.0
660320003,14918.0
605379001,6845.0
576144001,8608.0
627408001,13784.0
640850003,14291.0
548603016,8280.0
318035003,10491.0
662448002,7497.0
564497002,11836.0
616733003,9055.0
574310001,12142.0
646749001,9700.0
635240002,9482.0
570573002,12050.0
634134002,14038.0
405887037,10634.0
679662001,15332.0
589808001,8759.0
632534001,13945.0
661658001,14953.0
651993003,14646.0
622228001,9182.0
605872003,6847.0
636236007,9500.0
558980002,8383.0
637499002,14169.0
552826023,11549.0
634665003,14048.0
342345025,6225.0
637282001,9520.0
499802020,10970.0
646749002,14442.0
665217001,10027.0
623745001,13595.0
510321004,3756.0
634426008,3508.0
547735004,11461.0
620424028,13453.0
613913001,13179.0
549961005,11500.0
411758001,3704.0
564312014,6573.0
608789004,13005.0
506495012,11045.0
565481001,11877.0
537085007,11341.0
607712001,12969.0
674741007,7616.0
569976005,8536.0
645638003,9684.0
607390004,8932.0
657434003,14833.0
633855006,14023.0
569978016,12021.0
447694015,3252.0
341242009,4299.0
567413013,11907.0
590523001,8767.0
378135003,7839.0
642009001,9626.0
654034002,14726.0
622963001,13572.0
624249001,13625.0
661166001,7489.0
477507001,7962.0
678632001,15311.0
628499006,9339.0
296366006,3215.0
637223003,14156.0
663472001,14998.0
677537001,15290.0
616451001,13258.0
556059005,11628.0
621670003,13505.0
636785001,14130.0
581951001,12334.0
607276001,12943.0
402389001,10622.0
628816005,9347.0
461414010,10770.0
488018002,10898.0
443696015,6266.0
651222001,7371.0
536139014,5234.0
448262042,6270.0
510959003,11098.0
637300001,14159.0
581471001,12324.0
665082002,15040.0
655867002,9851.0
601187001,12819.0
512385006,8124.0
500435026,10977.0
487750035,8008.0
554552002,8333.0
638705004,14201.0
683148002,15369.0
679725003,10216.0
570004050,8554.0
658166001,9899.0
653362001,14707.0
296366031,10460.0
538133002,11350.0
589599003,5482.0
528386002,11282.0
610178002,13053.0
606696003,12921.0
608941001,13010.0
655272005,14765.0
695733001,15500.0
650067004,14577.0
633174001,13980.0
636500001,14117.0
705428001,15552.0
633741001,14012.0
644499001,14386.0
624684001,9264.0
636099001,14099.0
636094001,9497.0
625905001,9290.0
646807001,14458.0
563313004,11788.0
692687002,15471.0
584115003,12384.0
628499014,9340.0
632189001,13936.0
617091002,13298.0
657617001,14836.0
594541001,12643.0
402382008,10621.0
505071006,11030.0
633201001,9428.0
635151002,14073.0
677949003,10200.0
663133001,14985.0
637262001,7229.0
611144007,13095.0
637031001,14142.0
670280002,10101.0
646788003,14449.0
621048001,13475.0
636421001,9503.0
607338002,12946.0
542018003,11394.0
676255001,15268.0
587832006,12487.0
660205001,9940.0
569981001,6644.0
282832014,6195.0
674244003,15235.0
641666002,9619.0
657719002,14839.0
611615003,13118.0
186262007,7750.0
607074002,12934.0
548467003,5267.0
651368002,9773.0
601128001,6822.0
176209023,7745.0
458428047,6286.0
671037005,15154.0
596832010,12713.0
588549001,8744.0
595696021,12686.0
667411023,10063.0
674406002,10158.0
568652018,11974.0
589086001,12526.0
671131001,7587.0
597901003,8846.0
693612001,10304.0
669520001,10089.0
545449024,8268.0
625619001,13694.0
316657013,10490.0
640174004,9583.0
621760009,9178.0
677572002,10192.0
514865007,11130.0
588675001,12517.0
600941001,8883.0
559619005,11702.0
612854002,13157.0
599182001,6813.0
453239039,10736.0
675662003,7624.0
697914001,7716.0
661650004,14950.0
292453028,10452.0
616552001,9052.0
646789007,14452.0
496762004,8039.0
633042001,13968.0
626257010,13725.0
553488001,11561.0
642973002,9651.0
626443008,13742.0
663612001,15003.0
624067002,9238.0
496111018,6345.0
559956003,11711.0
625483004,5702.0
591094003,4585.0
675424002,15251.0
615042007,13199.0
641748009,9622.0
652356004,14666.0
639208001,14218.0
649888001,14571.0
633607001,14003.0
510407003,11089.0
540768009,6458.0
630094002,13860.0
576653005,8610.0
639689004,14245.0
687534003,15420.0
572402001,12086.0
585277003,12427.0
697531001,10326.0
624562003,7034.0
541848001,11391.0
610179012,13054.0
631143001,13894.0
412964016,7881.0
646823008,14461.0
548127002,11472.0
623285002,9213.0
558183003,11666.0
551413024,11525.0
607550001,12959.0
513512003,6385.0
341909034,7816.0
663518001,9993.0
568813001,8513.0
176209035,10386.0
569973003,12014.0
572691001,5409.0
631716003,9399.0
627113001,13775.0
594681001,4599.0
652957002,14686.0
609650013,13032.0
697920002,15516.0
666944002,15079.0
680643001,10223.0
629823003,5744.0
590079001,8761.0
525581011,11249.0
618844001,9097.0
549400007,11493.0
156289011,7742.0
641661001,9618.0
599374004,6814.0
627116001,13776.0
525335003,11243.0
610931002,13086.0
544914004,6474.0
575523003,6676.0
556560005,2040.0
567424004,11912.0
596643001,5509.0
672841002,15200.0
588436002,12509.0
640530002,9595.0
541519018,8249.0
384851001,10582.0
560203001,11718.0
644486004,14385.0
503808002,11011.0
619923001,13431.0
571739001,4528.0
561552017,11756.0
641413002,5833.0
476583001,7959.0
657360001,7453.0
695583003,5045.0
590294001,12558.0
640054002,7266.0
356289068,10534.0
676503005,15273.0
588425003,12507.0
346539014,10519.0
632307001,9409.0
189691033,3205.0
470636062,10795.0
305775022,7792.0
621759009,13517.0
316441006,10488.0
639077001,14213.0
311059026,10482.0
488016008,3741.0
624063002,9231.0
531615006,8200.0
632817002,7155.0
618894014,13371.0
633813002,14020.0
580469004,12299.0
514134005,6387.0
567443001,11918.0
639738003,14247.0
442345027,6263.0
648977001,7352.0
498743008,6351.0
584298010,8702.0
470985009,10796.0
635839002,14090.0
533589002,11315.0
626405005,9301.0
350135015,10525.0
716419002,10372.0
564231010,11810.0
656658001,14804.0
659387001,14882.0
676124005,15266.0
554546008,11598.0
621939010,9179.0
658287001,7460.0
487206007,8005.0
635648001,14086.0
617700001,13325.0
575495009,8598.0
647977002,7347.0
635274003,7202.0
681748006,10229.0
562814002,11775.0
453745011,10741.0
616964001,9058.0
557651002,8370.0
692102001,10297.0
663140004,7502.0
624945001,13660.0
662076001,5970.0
666254003,6005.0
657852008,9889.0
623284009,13580.0
593829005,12619.0
624638001,9257.0
626581003,5721.0
627206001,7091.0
627759009,9334.0
560436003,8409.0
664309001,10009.0
599713002,5522.0
692554001,15468.0
530096001,11288.0
665500002,15055.0
571960002,12070.0
630325012,13869.0
619580007,13409.0
474088005,7956.0
501722020,10995.0
576620001,12182.0
606379001,12906.0
594534003,12642.0
596107002,12694.0
633458001,13994.0
656763002,14808.0
608069003,12982.0
559018006,5326.0
686919001,6117.0
582011002,12338.0
653082001,14691.0
186264016,7751.0
448262038,7910.0
695733004,15501.0
578487005,12244.0
673707003,10149.0
710908001,5055.0
653234002,14698.0
659314001,9920.0
634393002,14042.0
628331005,4752.0
558282001,6530.0
594264006,8803.0
591345006,12573.0
634016001,14032.0
584928010,12416.0
658358001,9901.0
584298016,12395.0
626650005,7083.0
655917001,14777.0
672032001,10130.0
636140003,14102.0
513239005,11113.0
541705002,11386.0
652045003,14652.0
628978002,13824.0
646756002,14444.0
368038005,7833.0
560030005,11713.0
557247008,8364.0
613824001,13175.0
646830002,14465.0
521269008,8160.0
513699009,11118.0
607718001,12970.0
527392003,11272.0
668097003,10070.0
620337009,13448.0
653210006,14696.0
630906001,9387.0
659362001,9924.0
518158002,11176.0
672334002,15188.0
660004004,14900.0
537553001,11345.0
637607002,14177.0
626366004,13733.0
596877004,12715.0
561548012,11753.0
632768001,13955.0
566549001,11887.0
567813002,11941.0
482818007,10842.0
641815002,9623.0
543689004,8261.0
553881023,11573.0
584284001,12391.0
621287001,13480.0
309434006,7798.0
585440013,12432.0
580041002,12292.0
687914001,15423.0
567644005,11930.0
632803007,13958.0
558512005,6533.0
228257008,7763.0
567760008,8492.0
695601001,1978.0
631711001,5754.0
253448056,2221.0
660300003,14915.0
596877003,8836.0
673285002,3155.0
562990003,8428.0
645606001,9683.0
411758003,10646.0
670286003,10102.0
654316003,14738.0
690217001,10280.0
594576002,12646.0
557908006,11663.0
613147001,9015.0
561217002,11739.0
649331002,14551.0
639208002,14219.0
670533002,15149.0
650065001,14575.0
508543015,8101.0
663160001,9984.0
686923001,15409.0
654913001,14751.0
501448003,10987.0
697500001,10324.0
623891008,13609.0
662260002,5972.0
607284003,6859.0
634033001,14034.0
640330003,14271.0
643192001,9653.0
614004002,13184.0
616086001,13235.0
612064007,9005.0
493103040,10922.0
570002013,8547.0
658223001,14852.0
391750011,10586.0
676052002,15262.0
560375001,11725.0
327144038,7807.0
514817008,3285.0
548128002,11473.0
600932002,8882.0
586447003,12460.0
608013003,8939.0
519516001,3763.0
624638003,9258.0
561560001,11757.0
675203003,1799.0
645230001,9677.0
672029001,15180.0
569984004,8541.0
649018001,4870.0
600643001,12803.0
594542001,8805.0
452516007,6276.0
581293002,12316.0
571188002,12056.0
644797002,5859.0
593829010,12621.0
572546009,4531.0
516903001,11163.0
608187001,12985.0
628331007,13797.0
610601003,6880.0
567532008,6608.0
624066002,9234.0
624800001,9268.0
540742007,11375.0
667534004,15090.0
597753008,12739.0
408104002,10638.0
566321001,11884.0
646085003,14426.0
644763002,14399.0
606395003,8923.0
495616007,8032.0
561796001,3831.0
647221001,14479.0
605571007,6846.0
560270009,3333.0
553092001,11556.0
634480001,14045.0
564375008,11833.0
508941003,11071.0
646225002,14431.0
690926002,10288.0
694692001,15490.0
446847001,7907.0
630326002,9378.0
633153001,5768.0
622840001,13560.0
684037001,7662.0
652998001,14690.0
582239001,6723.0
606282001,12904.0
619825002,9125.0
665211002,10026.0
622845004,13561.0
551790006,11528.0
625749001,13707.0
607552001,5550.0
583030003,8693.0
599719009,12786.0
702032001,10336.0
683255001,15372.0
499802014,10969.0
456163011,10752.0
605094010,12876.0
605672010,12888.0
498743010,10963.0
668012003,15098.0
665500001,7539.0
650104001,14579.0
558493001,11679.0
629551001,13838.0
453272014,10737.0
525111001,11241.0
609146001,6874.0
723595001,15578.0
582030001,12339.0
580343002,12297.0
576144002,12179.0
553881007,11571.0
641497003,7292.0
648950003,14536.0
671849002,15175.0
572533020,12094.0
427558004,10675.0
657669001,14838.0
565308022,11868.0
623248005,13575.0
667248005,15082.0
663385001,14995.0
509091026,5192.0
559854005,8397.0
563043001,11781.0
650798003,9763.0
624730003,9267.0
664995002,5995.0
655884001,14776.0
606671003,5541.0
571436022,12064.0
318238001,6216.0
617534012,9073.0
654215002,7413.0
403844001,10624.0
552475017,6504.0
600544002,12801.0
612182002,13136.0
666084002,15061.0
639370001,4824.0
636784001,7224.0
659285001,14877.0
667534005,10065.0
637199003,14155.0
669670001,15124.0
625114006,7044.0
668041001,15100.0
571982008,12073.0
625342001,7049.0
562498002,5343.0
638669001,14200.0
692401003,4242.0
491913012,10919.0
680676001,10224.0
681246005,15351.0
506410003,11042.0
658453001,5957.0
535619001,8219.0
638383001,5803.0
626568001,7077.0
615524002,9041.0
583728001,12375.0
564314021,6575.0
644036001,9666.0
570004026,12032.0
687529002,15419.0
561303009,11744.0
625506012,13685.0
582011001,12337.0
616849014,13270.0
662336002,9970.0
571619003,12068.0
613517002,9025.0
523479004,11227.0
522952005,8165.0
654951001,7424.0
648449002,14513.0
652711003,9806.0
583059004,12361.0
588155001,12495.0
523160001,11225.0
552743021,8320.0
646830001,14464.0
647109001,14473.0
654647001,14748.0
592035002,12592.0
517729044,11169.0
663477001,9990.0
686744002,7674.0
397068032,10605.0
614094001,9027.0
551790003,11527.0
663827007,9997.0
633870005,5771.0
564419001,5355.0
519222001,8150.0
564112003,11808.0
623442008,13587.0
571436017,12063.0
517729002,8142.0
662069001,14962.0
617102002,9064.0
620577001,13461.0
586775004,6745.0
622060002,13534.0
625117004,9274.0
637312002,14164.0
593829009,6781.0
633960002,9455.0
629604003,13840.0
499142007,8051.0
673742001,15219.0
634835002,7198.0
194242050,10392.0
671694003,15168.0
646962003,14469.0
551044037,11519.0
408647007,6254.0
554011003,11578.0
658852002,2733.0
661495003,14944.0
553023001,11554.0
628499003,13806.0
646798004,14454.0
611569008,13116.0
662879001,14979.0
672282002,15184.0
664880001,10021.0
612204001,13138.0
633603001,14002.0
635420005,14076.0
633862002,9450.0
551045044,8301.0
627019002,13773.0
568864008,8519.0
610730001,6886.0
637940003,5801.0
516712005,3761.0
601876004,12828.0
635336002,9484.0
660574001,14922.0
668579002,15104.0
558512014,5321.0
585785002,8720.0
605093009,12875.0
607154006,12937.0
647907004,14497.0
687365002,7680.0
648452001,14514.0
458428046,6285.0
673024005,15203.0
630514007,13875.0
633343003,9435.0
596909001,12716.0
554450014,6514.0
491070006,6334.0
558981016,2551.0
552346011,8313.0
577033001,12195.0
568174029,8505.0
696106001,15505.0
649684002,14567.0
626703010,9314.0
550589003,6498.0
633343001,9434.0
638945004,7241.0
602409008,8891.0
597420001,12725.0
569315002,12005.0
396135049,7861.0
525460001,11245.0
639500001,5811.0
660761001,14931.0
608952001,13011.0
572480005,12089.0
575542004,12173.0
652016001,14650.0
694135001,15486.0
711106001,10353.0
551989027,11535.0
652367004,14672.0
453272019,10738.0
613358001,9020.0
586783001,12467.0
623434018,5668.0
688101002,6122.0
659854002,14894.0
641550001,14314.0
633378005,13992.0
691989004,5036.0
597524011,12728.0
590457006,12563.0
630069001,7119.0
674412001,15237.0
552473004,4447.0
700933001,10333.0
521781001,11208.0
686960001,15410.0
559616002,8388.0
552041002,11536.0
411413014,10643.0
617878001,9081.0
639558002,9563.0
655446009,5939.0
624066007,9236.0
624688002,5691.0
627771004,9335.0
634016002,9459.0
607315002,8927.0
585441001,12433.0
578382001,12235.0
557248016,11658.0
453065040,10733.0
657428002,14831.0
311059024,7799.0
567893004,11946.0
613952001,13183.0
645188002,9676.0
630427003,13871.0
633919002,14028.0
668750001,10080.0
647468001,7342.0
625635002,13697.0
679113001,15321.0
600197005,8877.0
631749001,9401.0
631383001,9391.0
626568003,5720.0
633609001,14007.0
522918027,11222.0
291338011,10448.0
491070003,10912.0
633608002,14006.0
575955003,8606.0
454128006,10743.0
609650004,13031.0
578382003,12236.0
517813011,11172.0
623522005,7007.0
663830007,5984.0
562914009,8427.0
617523001,13315.0
627009007,4022.0
563163005,11786.0
485548007,10862.0
620337052,13450.0
600932001,12812.0
619918002,13430.0
646846001,7334.0
634702005,14050.0
547528002,11456.0
543151005,11419.0
525563015,8182.0
600868001,12809.0
678660006,15314.0
523555001,11228.0
504113021,11015.0
575542003,6677.0
592668002,8783.0
312878001,10486.0
671249001,10113.0
580102002,12295.0
677515002,6078.0
639257003,9549.0
662108002,14963.0
616347003,13257.0
468480028,10788.0
588705001,12519.0
633558001,14000.0
619777001,13421.0
645662002,14417.0
689807001,10276.0
549777002,11498.0
555351001,6521.0
653118001,9813.0
703046001,15539.0
554011005,6513.0
651245002,14607.0
649553009,14564.0
626440001,5712.0
494428010,5165.0
604988001,6839.0
641010006,14299.0
681247003,15352.0
550285003,8296.0
545303001,6476.0
637680003,14181.0
636957001,14136.0
327821037,7809.0
632429001,9412.0
676731001,7629.0
599672001,6815.0
684848005,15385.0
548613028,11480.0
575527009,12168.0
591565001,6775.0
653794003,14716.0
493836008,10927.0
656048002,14781.0
607564006,2612.0
651558020,14625.0
611732001,13120.0
638904003,14208.0
579637001,8654.0
640258002,9589.0
400285011,10616.0
665507001,15056.0
625482005,13679.0
573430005,12114.0
572202003,8568.0
480076008,10829.0
413763001,10650.0
654317001,14739.0
629823001,13844.0
643273003,14358.0
594069001,8800.0
527720002,11278.0
573864007,12132.0
633608001,14005.0
244267001,5072.0
642643001,5839.0
564551009,8450.0
578876003,12256.0
566941026,11899.0
212629004,7755.0
606671005,12917.0
586336001,6743.0
547333004,11452.0
615525009,13218.0
453065028,7923.0
657955002,14848.0
634835001,14059.0
600941002,12813.0
494428011,10934.0
543080002,8259.0
585146002,8712.0
615804006,13226.0
487206003,8004.0
233091015,10414.0
626446002,9309.0
631632002,13909.0
516666003,11157.0
577359004,8625.0
611522001,8996.0
627759007,13792.0
369796027,10548.0
636585002,7217.0
648891003,9730.0
563610005,11796.0
618538001,13359.0
503650002,6361.0
707535001,10349.0
649690002,14568.0
503569014,11008.0
706702001,15557.0
589521004,12534.0
644678005,14393.0
648921002,14534.0
558996010,11689.0
659699002,14889.0
651369002,7375.0
453345001,10739.0
664647009,15023.0
558788001,8381.0
519863002,11194.0
586014001,6739.0
538634001,8233.0
603584002,12850.0
547615001,11459.0
547264001,11450.0
561316001,11748.0
483749014,10845.0
567608001,11925.0
595958001,12690.0
526858004,11269.0
631121003,13893.0
583804003,8699.0
569984014,3856.0
673390002,6058.0
625117003,5699.0
691268001,7699.0
625795001,9287.0
663312002,9988.0
651034001,14602.0
495884008,8036.0
641008007,14298.0
619905001,13428.0
626445010,4744.0
641701002,14321.0
411758038,6259.0
665410001,7538.0
526261001,6425.0
669520005,10090.0
651863005,9785.0
609332001,8955.0
552604007,5291.0
399061007,7865.0
607882003,12972.0
571598003,8563.0
676091007,10178.0
595686001,12683.0
631121001,13892.0
633162008,13978.0
650759005,9762.0
359909001,7822.0
673807001,15225.0
686461001,15403.0
555990005,11625.0
508903008,11065.0
666756001,10055.0
559426008,11696.0
644322001,5856.0
612050001,13131.0
381038018,10575.0
594909002,12654.0
655716001,14772.0
569974019,8534.0
619739002,13417.0
613051002,13162.0
675943004,15261.0
644362002,9669.0
519929008,11196.0
560389006,11727.0
548467002,5266.0
566941005,8474.0
630313003,9370.0
511590005,11102.0
218829002,6175.0
446155003,6267.0
616333003,13256.0
568571001,11967.0
541097004,8243.0
672758002,7600.0
610788005,8981.0
694287001,15487.0
599773003,12788.0
611218001,6896.0
490793032,8015.0
643202005,14355.0
642224003,9629.0
493814014,10926.0
575630001,8603.0
625671003,13703.0
671668004,15166.0
697511001,15513.0
577494009,8627.0
291333013,7781.0
341186001,1992.0
678924003,15315.0
637121002,14145.0
657654002,4141.0
678064002,15299.0
640740002,14288.0
619198001,6951.0
471714005,10800.0
577912001,12227.0
612505002,13147.0
658287002,7461.0
634974001,14065.0
641804002,14326.0
621522024,13496.0
616225007,4674.0
635130002,14070.0
649227001,14549.0
676052004,15264.0
656616001,14802.0
664323001,10011.0
644762002,7319.0
593783005,8796.0
661867001,4942.0
695454001,15496.0
562820001,11776.0
485542010,10859.0
497940001,10954.0
622825002,13556.0
485414002,10853.0
645275002,14408.0
646800006,14457.0
565430006,8463.0
682062001,15363.0
645022001,14403.0
644036002,9667.0
220365004,6176.0
625548003,7054.0
551045025,8300.0
634852001,14060.0
635144011,14072.0
600167001,8875.0
606452001,12909.0
686406001,15402.0
560214003,11721.0
596463001,12706.0
645431001,14409.0
471566006,10799.0
497358001,10951.0
580474001,12300.0
519847012,5210.0
626545001,13746.0
628426001,9337.0
699251001,15522.0
561291001,11742.0
640527001,14276.0
625090009,7043.0
479549001,6312.0
690504001,7691.0
651649002,14629.0
620208020,13441.0
532955002,8204.0
574228002,12139.0
665441002,15053.0
669362001,10087.0
538358001,11352.0
655366001,14767.0
619739030,9120.0
674482001,15238.0
567567001,11922.0
570474018,1455.0
664312004,10010.0
468695016,10791.0
656059002,9860.0
678321002,5005.0
633673001,14010.0
621445007,13489.0
578626001,8643.0
595196003,3922.0
621248004,9162.0
534044001,11321.0
660590004,7483.0
626263013,13729.0
682550002,10236.0
543053002,11415.0
651882001,9787.0
678896001,10210.0
637004001,14140.0
615936003,13229.0
626446003,13745.0
651841001,14634.0
604190001,8906.0
449175004,10703.0
636585006,7218.0
656749004,7446.0
553881009,8325.0
616867002,13272.0
449099020,10702.0
592939002,12611.0
391750015,5103.0
509999002,11082.0
625913003,9292.0
531273002,8197.0
675721001,15255.0
546579003,6483.0
541997001,11392.0
704805001,10342.0
398814002,7864.0
628556001,13809.0
651361003,14614.0
525241010,11242.0
598780007,8857.0
495573018,10937.0
450780009,10709.0
686515004,6116.0
554011013,11579.0
595366001,12675.0
640251004,9588.0
660320001,14917.0
585503001,12435.0
675319006,7620.0
575156002,12154.0
669570001,7572.0
625181003,9275.0
670290004,15142.0
623820007,13599.0
571487001,4525.0
581709006,12327.0
653371001,14708.0
652961004,14687.0
718748002,7736.0
581542002,12325.0
642771001,14341.0
595175002,8819.0
672568003,15193.0
671108001,4188.0
665497001,10033.0
680726001,15345.0
623277006,7004.0
488697004,10905.0
636585004,9506.0
643725001,4847.0
631842001,13920.0
630823001,13882.0
664897002,15033.0
650570002,14589.0
684686002,15383.0
652596001,9804.0
608209001,6867.0
398947002,10610.0
690783003,5034.0
611032003,13089.0
665082006,7530.0
608596004,13000.0
589004005,12523.0
565194004,11858.0
545429005,8266.0
660308005,5965.0
616576001,13263.0
559018001,11692.0
636721001,14128.0
581187004,8676.0
621522018,13495.0
599773012,12790.0
487750012,8006.0
625105009,13666.0
662257005,4945.0
581583007,8683.0
567418019,8476.0
640054001,14255.0
604971001,8913.0
557246006,11654.0
603584013,8899.0
619180001,9100.0
452898031,10731.0
567874005,8496.0
656897002,14810.0
613836002,9026.0
558512011,5320.0
691275005,15453.0
466381011,10781.0
636784002,4811.0
595034001,8817.0
695448002,15494.0
598192001,3924.0
659453002,9925.0
500153009,5175.0
665538002,15057.0
591100005,8771.0
453065003,10732.0
567806001,6615.0
567740006,5376.0
504056005,11014.0
624684002,9265.0
610776012,4643.0
550589004,11509.0
611146016,13099.0
590007004,8760.0
423900029,10667.0
679020001,15318.0
554598014,11601.0
660004006,14902.0
541706006,11388.0
555941003,11622.0
657434007,14834.0
569888001,8531.0
624063003,9232.0
555946002,11623.0
667463008,7556.0
645427001,9681.0
596828001,8835.0
547845003,11465.0
619198003,9103.0
602680002,6826.0
567732001,8489.0
631427003,13902.0
600044003,12795.0
685671001,10258.0
648255004,9715.0
547613001,11458.0
582699001,8691.0
421387029,10665.0
493438020,6339.0
563577001,11793.0
537688004,11346.0
599489001,8867.0
693612002,15482.0
639769002,1931.0
598770001,12760.0
162074062,10381.0
568504002,11965.0
377436007,7838.0
598285004,12744.0
652365001,14669.0
559008003,11690.0
634333002,7188.0
652356006,9800.0
215303001,10399.0
555299001,8338.0
561552013,8418.0
652991001,14688.0
656015003,9855.0
565430001,6593.0
690995003,15451.0
609174001,13018.0
395864063,7858.0
309509009,10481.0
588266001,12500.0
612911001,13159.0
654321001,9832.0
384482001,7845.0
664356002,15016.0
561552012,11754.0
650122012,9754.0
574718001,12146.0
556589003,8359.0
568385003,11960.0
620337037,9141.0
541706016,11389.0
620255001,9136.0
633965002,14031.0
587832009,12488.0
606800002,5543.0
633219005,9430.0
574750005,12148.0
293510007,7786.0
631591001,9398.0
501616011,4378.0
620253001,13445.0
644678002,14392.0
667016001,15080.0
627554004,5726.0
449570010,10706.0
577150001,12198.0
697315002,15509.0
663034003,7501.0
562900001,11777.0
707111001,10347.0
659885001,14897.0
538358013,11353.0
615808001,9046.0
556260002,11630.0
681571001,7650.0
644412001,9670.0
685647002,15391.0
654951002,14754.0
545375001,8265.0
570991001,12054.0
659243004,7472.0
615042001,4663.0
622094007,13536.0
646789006,14451.0
598795007,8859.0
555990003,8348.0
672054003,10132.0
519749051,6402.0
495953001,10945.0
293510002,2476.0
624124001,13621.0
611144008,13096.0
519749037,11188.0
640192002,14262.0
554450028,11587.0
581859006,12331.0
663485001,7509.0
640863005,14292.0
567657001,11931.0
629473002,13836.0
620565001,9148.0
625280001,13675.0
590165001,8764.0
564447001,11834.0
626257004,7065.0
632872001,13965.0
622600002,9189.0
664405001,15020.0
494088003,10930.0
519936007,11198.0
638984001,7245.0
604988002,12869.0
583532001,12372.0
545902001,11439.0
642643003,9639.0
626705005,9317.0
645882002,7328.0
584662002,12406.0
577478002,12212.0
684947002,7666.0
707082002,15559.0
492853004,10920.0
635008002,9474.0
641005002,14297.0
592415003,5492.0
589833001,12551.0
635644001,4056.0
498737002,10958.0
626441008,13740.0
664779002,15029.0
672573002,15194.0
630323005,13866.0
607031002,12930.0
289597016,10446.0
594630001,12651.0
621735014,13513.0
589544001,12537.0
508932003,8106.0
639528001,14237.0
637676001,14180.0
540768012,5243.0
609023003,13013.0
665186002,15043.0
562092002,11764.0
453745026,10742.0
656707001,9867.0
620405002,6973.0
494291003,10932.0
613460001,6908.0
598691010,12755.0
636972002,14137.0
594741002,12653.0
671217004,10112.0
586775008,12466.0
639257001,14221.0
623275003,9207.0
564069001,11806.0
580932007,8669.0
673813003,15226.0
685406001,10256.0
504743004,11025.0
644686002,9672.0
659609001,9930.0
611030003,13088.0
630324001,13867.0
616636002,13265.0
537461003,11344.0
619148001,9099.0
619696001,9118.0
645486004,14413.0
642882003,14343.0
586310001,4569.0
517921002,3286.0
657497008,7455.0
583454001,12370.0
256151015,7773.0
653082002,9812.0
599719002,12783.0
613911001,13178.0
561078001,11734.0
625522003,13686.0
481245011,10833.0
677982002,15298.0
238197014,10420.0
576387003,12180.0
569093015,11996.0
569984011,6645.0
653924002,5929.0
526261005,8185.0
637120001,14144.0
686266001,15399.0
662089001,9969.0
666577002,10049.0
575347011,12160.0
631409002,13898.0
561776001,6557.0
510791003,11097.0
595673004,12682.0
556699002,11645.0
580600001,8666.0
667992001,15097.0
560030015,11715.0
570004011,8553.0
623397006,9216.0
506528002,11046.0
672287001,10134.0
535264001,11330.0
517585001,11166.0
244267004,6185.0
594912001,12655.0
564334001,8443.0
453239037,10735.0
697315001,7714.0
294076007,10457.0
487050004,10876.0
609938003,13038.0
660273003,9942.0
628340001,13800.0
585557003,12437.0
612386002,13144.0
603577002,8896.0
625114004,9272.0
619623001,13414.0
594921005,12656.0
621735008,13510.0
562795001,11774.0
619825001,13426.0
662574001,14971.0
627167001,13778.0
485726004,10873.0
478022001,10820.0
578311004,12232.0
504881004,11026.0
620216018,13442.0
567533001,5373.0
656048003,9858.0
573282021,5413.0
607421007,12952.0
509999001,11081.0
630994001,7133.0
675771002,10172.0
327310015,10504.0
630037001,13852.0
585806005,12439.0
639405002,9554.0
622238017,13543.0
573452003,5415.0
456032014,10750.0
626199001,13722.0
607704001,12968.0
564311005,11815.0
610057001,13044.0
675517001,10169.0
498742004,10962.0
625653011,13699.0
671617001,15163.0
675238001,15250.0
519847001,11191.0
402065039,10620.0
573017004,12106.0
638256003,9534.0
485115001,10850.0
200761022,10394.0
651902004,14640.0
605516004,12885.0
498674002,10957.0
368603022,10546.0
506166032,11038.0
602032002,8889.0
603584004,6832.0
681264010,10226.0
650122001,9752.0
533925001,11320.0
491912001,10914.0
566549009,11888.0
642910001,9648.0
554450011,11586.0
575347009,12159.0
562637001,11773.0
619350001,13396.0
584633003,12405.0
693666001,15483.0
564491004,11835.0
327821026,10505.0
569984002,8540.0
621620004,9174.0
686210001,15398.0
603582011,12848.0
629897002,13848.0
519749038,11189.0
653499003,14711.0
595194001,12667.0
560373002,11724.0
639349004,14229.0
476315028,10814.0
660038001,14903.0
511971001,11107.0
636980001,14138.0
663276001,14988.0
474915002,7957.0
498741005,10961.0
510407040,11093.0
558980004,11686.0
617534013,13318.0
616966002,13276.0
497817008,10953.0
562990001,11779.0
630010002,13851.0
604578001,12865.0
622513002,9187.0
449263028,7913.0
549403004,11494.0
642995001,14351.0
652544001,14675.0
260736030,10429.0
381187001,10578.0
315509024,10487.0
667362002,15085.0
664333001,15012.0
690593002,15446.0
637531004,14172.0
624151004,9245.0
570002027,12029.0
621827001,5650.0
577425001,12209.0
619499005,13403.0
638736002,14202.0
645023006,7322.0
482643001,7971.0
653913001,14720.0
453239034,10734.0
569498002,8527.0
577686001,12218.0
709690001,10352.0
597524010,12727.0
594542020,12645.0
515833010,11146.0
622879002,13567.0
550535003,11508.0
548930019,11484.0
591790001,12586.0
563619001,11797.0
647118001,14474.0
661929001,14957.0
607503001,12954.0
525581009,11248.0
616126001,13242.0
381038025,10576.0
292453011,10451.0
574051002,8592.0
655580002,14771.0
627769006,13795.0
573595001,12120.0
456641001,10754.0
668466003,7563.0
673933002,15230.0
568570002,11966.0
693977002,10307.0
640563001,9598.0
405636012,10631.0
654854002,9840.0
609592003,13029.0
553875014,11570.0
270382001,10441.0
574069002,12136.0
595124001,12663.0
567820001,6617.0
677537002,15291.0
573665003,12125.0
633148015,13975.0
629027001,13828.0
617038003,13288.0
633283001,13987.0
642391001,14337.0
677130004,15284.0
508638024,8103.0
640526003,14275.0
570450001,12048.0
646798007,14456.0
578630006,12251.0
661351001,9961.0
594581029,12648.0
542743012,11408.0
602252001,12835.0
669091005,7568.0
615921005,13228.0
631409001,13897.0
597639006,12731.0
628425004,13802.0
657367003,14830.0
606742003,12926.0
589229003,12529.0
558414001,8374.0
542712001,11407.0
579865002,12288.0
640156002,14258.0
558513006,8377.0
657852013,9890.0
660295001,14913.0
714372001,10360.0
550004001,11501.0
600696001,12804.0
509210001,11074.0
608024001,12979.0
664715001,15024.0
564314031,11827.0
640865001,14293.0
663558002,15002.0
574066001,12135.0
626594003,13751.0
624672002,13651.0
585580003,8717.0
586310007,12456.0
416157018,10656.0
682437004,15366.0
501620015,10992.0
647781002,14492.0
502456009,8070.0
615205001,9035.0
300024048,10462.0
600864001,12808.0
637149004,14153.0
617927001,13338.0
633130009,9422.0
602211003,12833.0
633135004,13972.0
635945001,14094.0
492897002,6336.0
510484004,8119.0
624998001,13662.0
671438001,15160.0
569997011,12026.0
678983007,15317.0
692443001,15466.0
656304001,14791.0
721991004,15576.0
510407039,11092.0
601114001,12815.0
664934003,15037.0
659199001,14873.0
613459003,13169.0
651027002,14601.0
550827016,11514.0
630851001,13884.0
627113002,9321.0
647751002,9712.0
606455002,12911.0
599628001,8868.0
554208003,11583.0
555109001,11610.0
580054004,12293.0
521471002,11206.0
653911001,14718.0
215303002,10400.0
472064013,10803.0
713355001,15564.0
619287003,13393.0
577648001,8630.0
588927006,12521.0
633343002,7162.0
439285009,10684.0
615182007,13204.0
648908002,14532.0
478473005,10823.0
450604021,10708.0
485537007,10854.0
443696012,7903.0
622825005,13557.0
499188004,10964.0
713789001,15565.0
563477007,11791.0
579848002,12287.0
596612003,12710.0
612733001,13153.0
645069001,14406.0
626257008,13723.0
536968001,11337.0
626030001,13719.0
617038001,13287.0
616127001,13243.0
347182012,10520.0
556589008,11641.0
569206003,8523.0
668781003,15111.0
598623003,12751.0
624048001,13613.0
520508002,11203.0
650707001,14595.0
608634001,13002.0
551175002,11520.0
541403003,11381.0
591644001,12581.0
490275001,10908.0
308154007,10477.0
617470001,13314.0
603540001,12847.0
405887036,10633.0
578423001,12240.0
194037002,10390.0
576416001,12181.0
669614001,15123.0
513701002,6386.0
664813001,15030.0
584710001,12407.0
672017002,15179.0
608155001,12984.0
639177002,14215.0
628331011,13799.0
646706001,14441.0
677447001,15286.0
676512003,15275.0
687369003,15416.0
647907003,14496.0
318951020,10495.0
566556012,11892.0
244853030,10423.0
672634001,15195.0
633529002,13997.0
547365001,11454.0
579844007,12286.0
666942001,15078.0
625702002,9284.0
514865019,11131.0
499807006,10971.0
589526002,12536.0
658450001,14855.0
656519002,14796.0
624445003,13635.0
395864087,10602.0
573830001,12131.0
565090002,11855.0
610124001,13052.0
618395011,13353.0
673673001,15215.0
626407003,13735.0
678125001,15302.0
634037001,14036.0
611254001,13105.0
610654001,13068.0
696526001,15508.0
568842007,11988.0
656450001,14792.0
566556005,11890.0
611148001,13100.0
595989001,12693.0
641815005,14328.0
678294001,15305.0
625532002,13689.0
616131003,13244.0
618398003,13354.0
573284058,12110.0
449263023,10704.0
616049002,13234.0
527687004,11276.0
617426005,13312.0
687940004,15424.0
490793026,10911.0
648908001,9732.0
630710001,13879.0
677885008,15296.0
672904001,15201.0
551943001,11531.0
635838001,14088.0
651893004,14637.0
610363001,13058.0
658129001,14849.0
589825001,12548.0
156227002,6163.0
625543002,9281.0
510074006,11083.0
518529007,11180.0
657258001,14824.0
695929002,15503.0
606757001,12927.0
619318001,13394.0
554477020,11588.0
650122003,14580.0
623289007,13582.0
428291007,7889.0
500435027,8059.0
661077001,14939.0
573716011,12128.0
514482003,11124.0
598697002,12756.0
636178003,14104.0
640528003,9594.0
607154008,12938.0
584631022,12403.0
643466003,7308.0
620865001,9156.0
687339001,15414.0
598426001,12747.0
597763003,8844.0
567413014,11908.0
621555004,13504.0
583534011,3892.0
619280001,13390.0
589835001,12552.0
550285004,11504.0
670290003,15141.0
625133001,13668.0
644218001,14376.0
551044015,11518.0
522992001,11224.0
669489001,15121.0
625153004,13670.0
501149004,10982.0
597753003,8843.0
297898002,7789.0
562251007,11768.0
654597011,14746.0
574060002,12134.0
392269009,10591.0
607117001,12935.0
654222001,14735.0
575493001,12165.0
723543001,15577.0
631409004,13899.0
607664003,12964.0
617103001,13299.0
572280002,12083.0
623012009,7001.0
571436034,12065.0
566556004,8470.0
625358001,13678.0
562133001,11765.0
648448001,14512.0
622878003,13565.0
565292007,11866.0
648414021,9718.0
582462002,12351.0
626706002,13764.0
568652020,11975.0
642437008,9632.0
549477002,5274.0
568498001,11964.0
692467001,15467.0
646754002,14443.0
672568001,10138.0
487050016,10877.0
194270002,10393.0
515158001,11138.0
510398016,11088.0
623869002,13604.0
186267001,10388.0
658323002,14853.0
594143001,12629.0
355062002,10527.0
581298005,12318.0
590156004,8763.0
549258001,11488.0
658966001,14868.0
598756004,12759.0
471074012,10798.0
542209001,11396.0
553623001,11564.0
269342025,10439.0
570033008,12036.0
375248009,10556.0
509994009,11079.0
519863009,11195.0
567805005,6614.0
627769005,7093.0
630911001,13889.0
660618002,14926.0
554227001,11584.0
474471003,10809.0
715881001,15570.0
626650001,13754.0
520424003,11202.0
294237001,10458.0
517959007,11174.0
708531001,15561.0
590489004,12564.0
589830003,12549.0
639573004,14240.0
640974001,14294.0
604582002,6836.0
579844001,12285.0
661651003,14951.0
648944001,14535.0
667554001,15091.0
621327001,13481.0
572515001,12091.0
482818008,10843.0
695747001,15502.0
650664001,14593.0
582030006,12340.0
594177005,12633.0
312829006,10485.0
601126001,12817.0
648256002,9716.0
630888001,13885.0
592030003,8781.0
659531002,14887.0
546673001,8271.0
653539006,14713.0
643161001,14353.0
570033001,12035.0
533022021,11307.0
656890002,9870.0
391750013,7852.0
318951021,10496.0
635838002,14089.0
688101001,15427.0
633148002,9425.0
705498002,10345.0
636475002,14114.0
666606003,15074.0
508182004,11057.0
375585001,10558.0
516656003,11156.0
632560001,13946.0
578469001,12242.0
538977001,11359.0
551194002,6500.0
639139003,14214.0
661506002,14945.0
526134001,11255.0
565036001,11854.0
640193004,14264.0
548482001,11477.0
695574001,15497.0
604100003,12857.0
640664003,14282.0
677828001,15294.0
647490007,14487.0
619612003,13413.0
630037024,13858.0
660367002,14919.0
654215001,14734.0
609570001,13028.0
622896002,13570.0
619601001,13412.0
564314034,11828.0
626441003,13739.0
162074069,10382.0
567424018,11915.0
673133005,15206.0
563609002,11795.0
692155004,15457.0
652089001,9797.0
603145007,12846.0
653208001,9817.0
619962001,9127.0
651595001,14626.0
610693002,13070.0
610058001,13045.0
395127006,10596.0
652179003,14662.0
534181001,11324.0
671973002,7594.0
361531002,10537.0
643366002,14361.0
548837002,11482.0
593829007,12620.0
615251001,13209.0
665182005,15042.0
618857002,13369.0
593254001,5494.0
581563002,12326.0
592383003,12601.0
615215001,13207.0
458924017,10763.0
556625002,8360.0
510210001,11085.0
657125001,14814.0
514482004,11125.0
302334005,10469.0
675135001,15247.0
624062004,9229.0
294895011,10459.0
632560002,13947.0
665399001,15052.0
652050001,14654.0
542049001,11395.0
635034001,14067.0
591863001,8780.0
617560001,13321.0
632938001,9420.0
647585004,14488.0
669429003,15120.0
641760001,7294.0
563113002,11782.0
611039001,13090.0
578422004,12239.0
416387002,10658.0
560183002,11717.0
475791020,10811.0
563160009,11784.0
530096002,11289.0
500133005,10972.0
561542020,11750.0
668598001,10077.0
631632004,13910.0
595225001,8820.0
620036002,13433.0
641840001,9624.0
640662003,14281.0
215589002,7757.0
616978001,13281.0
655091004,14759.0
487054013,10884.0
615307003,13210.0
678280004,15304.0
570431001,12046.0
616124005,13240.0
659497001,9926.0
585955003,12449.0
648491001,14517.0
578589002,12245.0
703631001,15544.0
653128001,14693.0
554141008,11582.0
501616090,10988.0
510407038,11091.0
324963028,10499.0
654339001,14740.0
465655006,10779.0
607249002,12942.0
626908001,13769.0
550827017,11515.0
606867001,12929.0
580853004,8668.0
692947002,15474.0
610641001,13067.0
527693001,8191.0
495884006,8035.0
537183003,11342.0
522678003,11217.0
625672001,9283.0
627360005,13783.0
651809001,14633.0
673357002,6057.0
656247001,14790.0
650612001,14590.0
633450001,13993.0
654508002,14744.0
604526002,12864.0
611907001,13126.0
556527004,8352.0
554126001,11580.0
615727003,13220.0
653739001,14715.0
717130003,15572.0
586661009,12464.0
622513001,13551.0
615804002,13225.0
652591001,14676.0
591441003,12575.0
622127001,13538.0
637305002,14160.0
652361003,14668.0
631429002,13904.0
517762001,8145.0
642667001,9640.0
617053001,9060.0
619782016,13424.0
627007001,13771.0
614893001,13196.0
664862001,15031.0
633150002,13976.0
610693001,13069.0
624299001,9249.0
586503002,12461.0
648995010,14540.0
564310007,11814.0
225784044,10412.0
466381012,10782.0
560436004,11730.0
555362001,8340.0
568013002,11951.0
703558001,15542.0
505507005,8083.0
557699003,11662.0
652045007,14653.0
624309001,13629.0
598805001,12763.0
577507001,12213.0
638976001,14212.0
625145001,13669.0
728111001,15580.0
656749001,14807.0
643628003,14366.0
547355002,8275.0
609990001,13039.0
233091021,7765.0
565668003,11878.0
610601001,13061.0
558243001,11667.0
616225001,13247.0
656121004,14786.0
539844007,11367.0
595130003,12665.0
572207019,12080.0
557247017,5315.0
596955001,12718.0
499334001,10965.0
652356009,14667.0
649721001,14569.0
611470002,13110.0
551462015,11526.0
642322001,14335.0
602988001,12843.0
658544001,7465.0
532736001,8201.0
596392001,12704.0
666651007,15075.0
620894001,13469.0
673093002,15204.0
677929001,15297.0
575001001,12151.0
304766008,10471.0
636586004,14121.0
581062001,12310.0
553905003,8328.0
616193001,13245.0
578020001,12230.0
632803002,13956.0
679292001,15328.0
632832002,13962.0
634068001,14037.0
625950002,13718.0
651506001,14620.0
625909001,9291.0
579302005,12268.0
616985001,13284.0
626410002,13737.0
589221007,12528.0
664776005,7526.0
561277001,8415.0
502718005,11003.0
647977001,14499.0
552473007,11541.0
641228003,14309.0
658461001,14856.0
594186002,12634.0
458924013,7937.0
554541034,11595.0
635602002,9492.0
641566006,14316.0
621914001,13524.0
401729003,10619.0
653151002,14694.0
689156001,15438.0
598665011,12754.0
440811013,10686.0
547780007,11463.0
692736001,15473.0
664897007,15035.0
581275005,8679.0
634031001,14033.0
613465003,13171.0
626702006,13758.0
571342001,12059.0
653925002,14722.0
648614003,14520.0
581992008,12336.0
625532003,9280.0
624304001,13628.0
640675001,14285.0
558392001,11671.0
548930001,11483.0
620569001,9149.0
595272001,4600.0
629900003,13849.0
572128004,12075.0
533022009,8205.0
613942010,13181.0
564048009,11804.0
632803003,13957.0
539844003,11366.0
616985002,13285.0
608939001,13009.0
658163002,14851.0
551371003,4440.0
651066001,14603.0
597639001,12730.0
643995001,14372.0
616124006,13241.0
622522001,13552.0
686522001,15404.0
513870002,11122.0
676207001,4998.0
624445009,13636.0
609146002,13016.0
583976002,12380.0
603584015,12851.0
556559005,5312.0
615215002,13208.0
626650008,13755.0
673648001,15214.0
648173002,14500.0
501619010,10989.0
609166002,6875.0
454128026,7926.0
674244002,15234.0
646705001,14440.0
652008003,14648.0
624975001,13661.0
312543005,10484.0
617547002,13320.0
556528003,11637.0
641012003,14300.0
508933015,11070.0
610730026,13075.0
570309005,12041.0
433414020,7895.0
611130003,13094.0
592975005,12613.0
596365001,12702.0
623283001,13578.0
584611002,6728.0
582053005,12341.0
638554001,14198.0
701247001,15531.0
597188001,6801.0
590734007,12566.0
546565004,11444.0
635504001,9490.0
472064019,10805.0
611479002,13111.0
557248004,11656.0
649665001,14566.0
622280002,13546.0
647303001,14482.0
632307002,13938.0
651913001,9789.0
624692004,13654.0
667533003,15089.0
575533005,12170.0
623860001,7009.0
685821001,10260.0
622619002,13554.0
664097001,10003.0
561370001,11749.0
552866002,11553.0
697912001,15515.0
667928001,15095.0
575316013,8596.0
632665003,13951.0
624066006,13616.0
633785011,9446.0
577396001,12207.0
306847007,7794.0
550432001,11506.0
485546010,7983.0
595225002,12671.0
567816001,11943.0
631170008,13895.0
623891002,13608.0
614316001,9028.0
695448003,10314.0
630339002,13870.0
386859007,10584.0
585006006,12421.0
659925001,9934.0
675875002,10175.0
513512002,11117.0
637894001,14182.0
604514004,12863.0
456032016,10751.0
575451001,12162.0
503820008,11012.0
585929003,12447.0
509653003,11078.0
662630001,14972.0
650515001,9757.0
556059001,11627.0
305775005,10472.0
691072001,10289.0
659444001,14884.0
632290001,9407.0
645477001,14411.0
573234001,12107.0
592063001,12594.0
632506001,13944.0
651289002,14612.0
577755002,12223.0
589832002,12550.0
605254001,12880.0
571436012,12062.0
691446002,15455.0
561808002,11762.0
706701002,15556.0
631429001,13903.0
416175013,10657.0
629416001,13834.0
652365002,14670.0
650734001,14596.0
628586002,13811.0
583539002,12373.0
621751001,13515.0
588229001,12498.0
150959011,7741.0
569974020,12015.0
595411001,12676.0
678079001,15300.0
627572005,13788.0
553092016,11559.0
691287002,15454.0
381038033,10577.0
540998007,11378.0
564073003,8437.0
653333002,14704.0
541491004,11382.0
697502002,15511.0
631418006,13901.0
561879001,11763.0
532921004,11306.0
635579001,14085.0
653499001,14709.0
527561003,11274.0
425639007,10669.0
485551004,10863.0
595558004,12681.0
539878001,11369.0
377277027,10563.0
508543005,6373.0
620425013,13456.0
498480001,10956.0
592304001,12600.0
629759001,13842.0
617080002,13295.0
601777001,12826.0
636178001,14103.0
459756011,10767.0
616975005,13279.0
568573001,8509.0
608656003,13004.0
556674001,11644.0
624941002,13659.0
636863001,14132.0
558417002,11673.0
687325001,15412.0
568062001,11953.0
589521006,12535.0
578243006,12231.0
571860004,12069.0
542846003,11410.0
637561001,14174.0
694287002,15488.0
672039004,15181.0
610619002,13064.0
605999001,12893.0
567690003,11932.0
564065002,11805.0
646259001,14433.0
622879001,13566.0
511213001,11099.0
564283003,11812.0
621820002,13522.0
661864001,14954.0
625568002,13693.0
495725006,10941.0
501886001,10999.0
615726001,13219.0
654087002,14728.0
531862001,11298.0
485546009,10861.0
533172001,11308.0
558514007,11683.0
538946003,11357.0
583084003,12362.0
620510003,13459.0
644419001,14382.0
644649001,14390.0
594978004,12659.0
318914019,10494.0
643679002,14368.0
626650009,13756.0
699731003,15524.0
660574003,14924.0
562165001,11767.0
614848001,13194.0
615197001,13206.0
673281002,15209.0
638099002,14186.0
557276004,8366.0
566556010,11891.0
513701008,8134.0
554704007,11604.0
657217001,9880.0
567505002,11921.0
383152002,10580.0
566320012,11883.0
671800002,15172.0
567805003,8493.0
628794001,9345.0
677501002,15289.0
539869001,11368.0
570319017,12043.0
573459001,12117.0
618689003,13362.0
450932007,10710.0
633304001,13988.0
620180003,13437.0
667319002,15084.0
516000008,11150.0
677130006,15285.0
398814001,7863.0
578394002,12237.0
569986017,12023.0
583627001,12374.0
595147001,12666.0
564551003,11839.0
564312020,11821.0
683162001,15370.0
620337006,13447.0
621939007,13525.0
625090004,13664.0
632737002,13953.0
659113002,14870.0
612345001,13142.0
558981003,5323.0
543053001,11414.0
569206004,12002.0
464695004,10777.0
639833003,14250.0
575488002,12164.0
466987027,7947.0
617891003,13333.0
673881001,15228.0
610179011,8965.0
370594020,10551.0
666743001,10054.0
561101001,11736.0
639284002,14226.0
511817001,11104.0
616540001,13260.0
335037001,7811.0
677121003,10185.0
580684010,12306.0
595548001,12680.0
629751001,9363.0
608924001,13007.0
640330002,14270.0
664456001,15021.0
643628001,14365.0
661986001,14960.0
601944002,12829.0
566592016,11894.0
652413002,14674.0
657852006,14842.0
554534003,11593.0
501620022,10993.0
500133008,10973.0
641228001,14308.0
681560002,15356.0
632067001,13928.0
661307001,14940.0
633929005,9453.0
490793042,8016.0
521471003,11207.0
619782015,13423.0
645304001,9678.0
671777005,15171.0
619685002,13415.0
647200003,14477.0
625908001,13714.0
616977001,13280.0
636106003,14100.0
433414010,7894.0
626263010,13728.0
675875003,15260.0
625116001,13667.0
549607004,8292.0
624486004,13638.0
464927004,7942.0
503554002,11006.0
578317002,12233.0
633785002,9445.0
678974001,15316.0
610590001,13060.0
627412001,13785.0
562475001,11771.0
618172005,9086.0
594978031,12661.0
629381002,13830.0
625722001,13706.0
663672002,15005.0
636904001,9513.0
600077001,12797.0
639331003,14227.0
630010001,9367.0
625795004,13710.0
588571002,12514.0
627087001,13774.0
664647004,15022.0
637115001,9516.0
484911005,10848.0
638924001,14209.0
658627002,14863.0
564985003,11850.0
554546006,11597.0
631878001,13925.0
577425003,12210.0
443078008,10691.0
592839005,12607.0
550282001,11503.0
468480035,7950.0
589423006,8751.0
588565002,12513.0
461414011,10771.0
692226002,15460.0
487937003,10895.0
635537001,14084.0
632813004,13961.0
605329001,12882.0
611039003,13091.0
569974024,8535.0
257430036,10427.0
622480002,13550.0
650971001,9765.0
666840002,15077.0
641277001,14311.0
510407031,11090.0
653499002,14710.0
546733001,11447.0
613264001,13163.0
602136001,12831.0
671213001,15158.0
517046017,11165.0
649407003,14556.0
605093008,12874.0
582695001,12357.0
582077005,12343.0
699614001,15523.0
595311001,12672.0
617900005,13334.0
629022001,13827.0
576897002,8621.0
519929019,11197.0
666578004,15073.0
477877002,10818.0
644036006,5853.0
542743013,11409.0
620139003,13436.0
644539003,14387.0
241602027,10421.0
676091010,15265.0
572799001,8575.0
626356002,13732.0
559162001,11694.0
668719001,15108.0
528164001,11280.0
617091004,9063.0
586336006,8728.0
656497001,7444.0
585398003,12429.0
685622001,15390.0
224314017,7761.0
594921008,12657.0
392269008,10590.0
567635005,11928.0
650977001,14600.0
573421001,12113.0
680133001,15338.0
576958001,12194.0
642498004,14339.0
368038004,10545.0
670279001,15140.0
611378002,13107.0
599672002,12775.0
639437001,14233.0
647671001,9711.0
598908001,12767.0
664753001,15027.0
584631001,12401.0
624546002,13641.0
447692025,10699.0
568689001,11979.0
567635013,11929.0
452898029,10729.0
567728001,8487.0
505512001,11034.0
566592011,11893.0
543689003,8260.0
622710001,6999.0
513145003,11112.0
655166001,14761.0
641039002,14303.0
277738011,10442.0
458428037,10760.0
550939001,11517.0
694723001,10311.0
711694004,10355.0
594581034,12650.0
624042002,9227.0
624941001,13658.0
673461001,15211.0
614483003,13189.0
568937001,11993.0
563189006,8431.0
595487007,8822.0
695450003,15495.0
588460001,8741.0
597735002,12737.0
589880001,12554.0
624612001,13646.0
591830002,12587.0
595779003,12689.0
693694003,15484.0
660836001,9948.0
626439001,13738.0
566592022,5364.0
558817002,8382.0
623522001,9218.0
656067001,14782.0
527958006,11279.0
637641009,14179.0
525500003,11246.0
595315001,12673.0
609023002,5556.0
622419001,13549.0
652745001,14680.0
584223001,12387.0
637028001,14141.0
615021011,13198.0
605094024,12877.0
491912031,8019.0
564866001,11844.0
582659003,12355.0
569355007,8526.0
626148001,13721.0
566323001,11885.0
588515008,12511.0
586896003,5470.0
657949001,14846.0
659563001,14888.0
579423001,12273.0
560217002,11723.0
594177004,12632.0
584282001,12389.0
657497004,14835.0
648769002,14530.0
633051001,13969.0
598604001,12750.0
611221004,13104.0
684574001,10253.0
638751007,14203.0
646259002,14434.0
570319018,8556.0
565379006,11873.0
645065012,14405.0
663140002,9983.0
515692009,11144.0
611878003,13123.0
559757001,11707.0
594018003,12628.0
659497002,14886.0
641263001,14310.0
624067003,9239.0
575533016,12171.0
625506008,13684.0
599893001,12793.0
518329019,11178.0
603585002,12852.0
641643002,14319.0
501820028,10998.0
609166001,13017.0
639893004,14253.0
565292015,11867.0
652996001,14689.0
666508001,15071.0
541308009,8248.0
569974026,12016.0
552826031,11551.0
651285002,14611.0
599845002,8872.0
553055001,11555.0
593829014,12624.0
617072001,13294.0
646015002,14424.0
656239001,14789.0
612664001,13148.0
635144003,14071.0
666131001,15064.0
546944001,11449.0
391750016,7853.0
585955001,12448.0
618205001,13345.0
662909001,14981.0
687114001,10268.0
485539025,6321.0
621735009,13511.0
505071010,11031.0
609938002,13037.0
554811015,11608.0
460363017,10769.0
626887001,13766.0
534118001,11323.0
594581031,12649.0
525831010,11251.0
513739001,11121.0
567728012,6612.0
628327008,13796.0
542551007,11404.0
677707001,15292.0
626257013,13726.0
525831011,11252.0
542691003,11406.0
641748008,9621.0
609184006,8952.0
537065001,6448.0
654193005,14731.0
691275006,10291.0
534071010,11322.0
621522007,13493.0
687717003,15422.0
640293003,14267.0
676207004,15267.0
652780001,7400.0
637980001,14183.0
610008005,13040.0
597720001,12735.0
633225004,13981.0
676635001,15276.0
579167002,12266.0
664309002,15011.0
649331004,14552.0
657097002,14813.0
659114002,14871.0
714429001,15568.0
506166025,8087.0
592176002,12597.0
498044001,8046.0
595697017,12688.0
581941003,12333.0
394292001,10594.0
331474015,10511.0
695956001,10320.0
553271002,6508.0
564312018,11820.0
623860002,13602.0
399061018,10612.0
687948002,15425.0
289597015,10445.0
670190002,15137.0
487052010,10882.0
658923001,14867.0
554784003,11607.0
634712004,14051.0
621249001,13476.0
506410004,11043.0
398074048,7862.0
487275012,10888.0
503338005,11005.0
606664003,12913.0
562252024,11769.0
655292002,14766.0
639845010,14252.0
617056002,13292.0
365102037,10538.0
533397001,11312.0
633929003,7177.0
591061002,12568.0
673447002,15210.0
612481004,13145.0
625939007,13716.0
653249001,14699.0
564045007,11803.0
224337008,10410.0
453358003,10740.0
562914004,11778.0
611745004,13121.0
644183001,14375.0
580634001,12303.0
584327003,12396.0
607535001,12956.0
542051003,8252.0
665535003,10035.0
601026001,12814.0
120129018,10375.0
512385008,6381.0
533639002,11316.0
418545037,10663.0
670334004,7581.0
573704001,8588.0
625090007,13665.0
640882002,9607.0
523776004,11235.0
644370001,14380.0
503679002,11009.0
664715002,15025.0
508932031,11069.0
626257009,13724.0
486186002,7998.0
629616001,9362.0
408104001,10637.0
583486001,12371.0
595212001,12670.0
566556003,11889.0
607886007,12973.0
657166002,9878.0
685737001,15394.0
476315026,10813.0
592607002,12602.0
663361001,14994.0
411013001,10642.0
566240001,11881.0
622238008,13542.0
516000012,11151.0
648414019,14511.0
639677004,9567.0
653706003,9825.0
671700003,15169.0
680020001,10218.0
653127002,14692.0
485414001,7979.0
650768002,14598.0
453065033,7924.0
504904011,11027.0
632220002,13937.0
628734001,13817.0
598907001,12766.0
702982003,15538.0
672018002,10129.0
574987001,12150.0
578599003,12247.0
647082002,14471.0
606670002,12914.0
639670005,14244.0
681560001,15355.0
417088004,10660.0
624062002,7016.0
411758029,10647.0
567729010,6613.0
670334003,15145.0
633347003,13990.0
556527011,11636.0
579772001,12282.0
668957001,15113.0
452851013,7919.0
605092001,12873.0
645055001,14404.0
640769001,14289.0
606022004,12894.0
624224001,13624.0
625868007,13712.0
585809003,12441.0
510465006,8118.0
644754001,14398.0
585503005,12436.0
486723001,10875.0
617821003,13329.0
584043004,12382.0
619324005,13395.0
529012011,11286.0
586230001,12452.0
241602028,6184.0
606455001,12910.0
485678020,10869.0
654984001,14755.0
604547001,8910.0
344956009,10517.0
331474017,10512.0
600274005,8879.0
623285005,13581.0
539368002,11364.0
646514002,14437.0
564357001,11830.0
590387001,12562.0
624659005,13650.0
637976002,9531.0
650614001,14591.0
660004005,14901.0
633907007,14024.0
617081005,13297.0
546892001,8273.0
637055001,14143.0
636587011,14123.0
554141006,11581.0
670123001,15136.0
634591002,14047.0
645749001,14419.0
675771001,15257.0
194242048,10391.0
656571001,14798.0
567645006,8484.0
617821004,13330.0
624310001,13630.0
557248008,11657.0
613942011,13182.0
578876002,8649.0
293433001,10453.0
606107008,12895.0
377277024,10562.0
633925004,14029.0
625545002,13692.0
581979004,12335.0
526158016,11258.0
546565003,11443.0
301517004,10467.0
588086002,12490.0
627165001,9322.0
617281001,13305.0
643202006,9654.0
647956002,14498.0
678415006,15306.0
586503005,12462.0
614736001,13192.0
682365001,15365.0
627007004,13772.0
609023001,8947.0
573716007,12127.0
662721001,9978.0
552371001,11539.0
633589001,14001.0
544155001,11424.0
569206001,12000.0
594591001,8808.0
605970005,12892.0
655882002,14775.0
616896009,13275.0
578630005,12250.0
615194001,13205.0
558516001,11684.0
679948001,15336.0
650614002,14592.0
663009002,14984.0
499553006,10967.0
599380001,12773.0
464454017,10775.0
375585024,10559.0
592035003,12593.0
626440009,9306.0
516898002,11161.0
571369002,12060.0
510398013,8114.0
610017001,13041.0
592035001,12591.0
502024004,11001.0
620319001,13446.0
511555002,11101.0
692999001,15476.0
565242002,11863.0
582138001,12344.0
653941005,14723.0
260736032,10430.0
624599001,13645.0
548415001,11475.0
648275001,14505.0
689110001,15437.0
630450004,13873.0
667411001,10060.0
647303002,9705.0
693699001,15485.0
576939001,12193.0
617547001,13319.0
505991004,6370.0
426199010,10672.0
616849006,13269.0
630037007,13854.0
588330005,12502.0
700785002,15526.0
552617001,11547.0
562613001,11772.0
605379002,12884.0
390512001,6240.0
589520001,12533.0
293433029,10455.0
485591004,10866.0
591466002,12576.0
552497004,11544.0
577034004,12196.0
623873001,13605.0
691872004,10293.0
623765001,13596.0
664203002,15010.0
638204006,14191.0
548110020,11471.0
537961001,8230.0
616523002,13259.0
411565004,10644.0
556559001,8357.0
568458001,11963.0
485537037,10857.0
577253002,12201.0
588484001,8742.0
582697001,12358.0
659149001,9915.0
666741001,15076.0
555367002,11619.0
561307005,11747.0
633750001,14013.0
485537027,10856.0
636355003,14107.0
508543017,11059.0
260736029,10428.0
605811001,12890.0
689049001,15435.0
632495003,13942.0
619403001,13399.0
458924001,10762.0
513701003,8133.0
561094001,11735.0
601728002,12824.0
680499001,15343.0
665587004,15058.0
568684003,11978.0
608640001,13003.0
560030018,11716.0
651291001,14613.0
631771005,9403.0
487205005,10885.0
576775016,12190.0
526158015,11257.0
628974001,13823.0
200761028,6169.0
527239002,11271.0
485537028,7981.0
497197002,8040.0
487050030,8002.0
668961001,10082.0
533329007,11309.0
510398010,11087.0
646768001,14447.0
619764008,13420.0
639716001,14246.0
659215002,14876.0
622598001,9188.0
367372001,10544.0
690616001,7692.0
564048025,8435.0
665316001,15050.0
645432001,14410.0
508182006,8100.0
562990002,11780.0
611144009,13097.0
547618002,11460.0
609037002,13014.0
665192001,15044.0
622043008,13530.0
451380003,7916.0
647207004,14478.0
636746002,14129.0
541720001,8251.0
619081002,13377.0
643858003,14370.0
569903007,12012.0
630324002,13868.0
505094009,11032.0
672334001,15187.0
670535001,15150.0
622560001,13553.0
432566006,10678.0
667248004,15081.0
624050003,4721.0
564314025,11825.0
572533002,8572.0
633135001,799.0
617534007,656.0
691799001,1530.0
654700001,2158.0
687347001,2788.0
592415005,2599.0
576775001,350.0
610182007,2618.0
630141006,9369.0
605093001,1334.0
557246014,11655.0
589599017,12541.0
488614012,10904.0
680127002,5010.0
620134001,9130.0
672777001,6055.0
438953001,4332.0
634013005,4048.0
620686001,13463.0
408569009,4321.0
702969001,15537.0
556539001,11638.0
571982003,12072.0
620425001,3452.0
535878010,6445.0
691546002,10292.0
690276004,15443.0
581275001,6715.0
541705001,11385.0
625543001,13691.0
568631004,11972.0
648693004,14525.0
649059001,9738.0
651558013,14623.0
674681007,15244.0
618451001,13356.0
526512009,8187.0
515692002,11142.0
570843003,12052.0
564787016,6583.0
636586003,14120.0
574722001,12147.0
553873002,11566.0
663768001,15007.0
614829002,13193.0
651345002,4881.0
663285001,14990.0
655091005,14760.0
555367007,11620.0
378124004,5100.0
508691009,11063.0
507909007,11055.0
668562002,15103.0
557275010,11660.0
545396025,11434.0
554479004,11590.0
651787001,9784.0
581213004,12315.0
591772001,12584.0
645916003,14422.0
650505001,14585.0
306307043,10473.0
565338009,11871.0
488369002,10901.0
468977006,10792.0
630040002,13859.0
570489001,12049.0
618180002,13344.0
695003002,15492.0
