customer_id,article_id
208bb6cd425e4daeef3efa7dab8d811fac5fbc7bbabb0ce0c95671ab83203ff6,351933001
334aab614ca38cdd6ebeb668131058c3b9cc1ba94d2e301c544f9112dd5af7d0,481111010
a60d2f9421ae1aa3809f55ca99469f50535cf1312c36e445ac3840c5f033fe98,453272051
c75b28bc7a4aef0ea441af5605a27df0dd2300ba6265688ea85fe0a1958fd9ae,479167005
2d985c8095bf3b133478aad78890cac87b774596acc23c6a3215393c969f1882,485537023
5bcfc751d3bacaf3ac353f280bcba7a1099b3a51fa0a4230988a425a18d5810b,407040001
3a6826eb4c8f0476104174d94291729fc6f034f3b7c771bec567661833e8a2ab,485414002
cc22f85d3b5b936da0a4fabe315efff441b24aca2fc6f20bea00e0c4b36cf1a6,443078014
7b6fa5af091d48f856937185ae9540ff76f4896266444181939305b8653cf64b,378447050
c858cbe6a05e279166d7058508af69f6c5f702ae8caae7bf27d5af0e8b5057d2,402065030
c5d349947c57e3f6da53ddbf65d4a23778663aa7d11ee07196891bb9bd77792d,449897042
e5872c4c8810410c961cdbd986ae254ca1700e5c219c92b95c8091febf1e6311,398959003
5b08173c60279ec79182d48eed3f3d44c8dbae3f76896d37bc2587deda60c0f8,449570035
ee23e305a812ebab3ca4598da7757e61882aa5f56d249c12aa265c2af65aebc3,428291007
0e694a5d4c7397bde75421b8e6e1c00a15a6bb7e320436a01668cf359a35faba,392168020
19c2f145250e023c26c704a4c3442e029d0eee937802718ecfe0921fd0368087,408664010
5f1a4fcde99e81f68e3c21f480b8c3a0838cb497b9e780dca8ac56ac2972ee83,449263043
986c72f18ba127ce30d2781ddf8464e851cb273e6578d522ad063bc1cde5c2dd,464927021
70ca4a682b67aab2242c5f72128e75723be3466e9f2d41a1490226714f615caa,487205007
20dbdfd20b7d11956f5f2c57a9c262ea1cf5e360be53a29188db8f6f57157074,359043008
2224f16315aaee2d5a739d30e316c01f97ce68db0c440727a5392469aec6f77e,416157019
219570b37dc6e4ecd1581867612a0f5aa55ffe9cf411ae52299cc220783aff29,470789020
9ce2cbf0e83ab5707bc7affa436e8a30938aba52bd826324747a389d446db723,459149003
4784a31778307e644d5c1ccbba654adafa0b0399039d1e9811f02bc53ad5456c,482263001
bf846104f7fc8e5b54f01c005c84243d65f0665aa060bd1e73f0c5f4cc316b58,423900031
0a5ab3a2e7fdab89e142f2de3ec9cc57cd97c718f18322b971f45f81da1a9f13,324963052
c01c8b743d3406bf7403a13fb9b99c265cb3586a974dc1c7c4551241613a1327,458239001
5e9c8fd5b497e447ad2c85b5cac5b3d2fb64a1977892d4037a6f023ab492ae60,292453003
58f20ace7a262a7e8732a0a8561139f79c5292b666ac5fbdd029c498b0def178,452717006
0df813645d628eddced39032ba8f1ed0a2f369f8619cad11afb782645393ed56,462435026
682b85bd4f251590748713ff0215fd9dd72c1cdb7fd0c83cd8fff21a711993cb,485546006
a600448518492fc6773ae470d8d68ad10dd8e093f73750c8d4e975e0897feddf,399061023
7aeee7b42f582ca8a72838109df55c59f29391b0343d88f37177a7a3cba69316,324963007
fc17d13380b4426531d691d72bd2686c6ea76a4ee5de1fcc15d761cbbe4d31fe,484398077
04c85c85b588253a1687c452fd2bece823d93d57b001f11bb491cb0adf79dfc2,118458029
c8fc2d2711a70e6a0ca93e2575c442362e803dae43ae1eb6e945d6cbbaebe0b7,466948013
3091cb1e1a4131cb1740594bc09349b8f3580f62c037a340d976b1e11b7de192,292453011
b6393ac402da035b3ea7a1f59daf6ec0d0b4e037dec9bf8f20824240c5d00dbc,487800004
0f6d953e6cfe2fe19ee25bb43daac05d254acccf29316fd3fed1015314d6524f,485683012
6191e01aa038e5462ae3923101589570fcf5ddf80d07e71b55022137ccbb0325,430757001
1f35583b2272f552641178e3920c210aff6e9e85b1ad4a6791b3999ce825971c,408569005
cbc043f9f8c04bf4375b31e25879ca563330bc0d64760e4c59e116e8ca5dc0a0,487050003
c6baeea21bd3c112ec35a6dde581d9875522ef4ad0c8efef2f0b0e33c0057609,427114021
09463c10f9e7ed6c9dcd829c93e99b3e8a633242250d5571c947d9c560355d12,215337059
363975b4038aab17056be0a14c0e022f8e3e95996bab2f043d0a29310d3b8a7b,301687016
4e89b410d563465248d180abbd7aa19d8a5494c88609d1022f4b7ab7b1cce214,454128033
dbd9c5beba1f54da995668aea6fc9f9ff8539ee0c04030bc6bc253b67fac8904,457892003
95e04a8a22a2a8466cedba9cb524ed7fb6542b6c1e8b039b047a7e8959b8253b,457722015
6c1e0b182c908f488acf47cb61b3610bdcba298bd86fefb190edee1d0440b7e8,327144042
c148fff6a018b7057d13d0bd11f775e893d2540de57d85b33f246bb698fec0cb,312829007
b31c2bf94b988cec27a86227e1e4ffe9e565cbddc157bc6ed7c87e7f49714fdf,481151018
f398f9f4a21115cc6ab6c90b392ab83158988da0340fb932efb23db42ad09920,217207047
ac44c9cd41c29ba3aee936798ad3bd76bad0fe924a48094e6d63bc434d6d3a04,417088007
df5afe327e728582db2d5cbff0551a537ec276c20d23505fed4a16a8ed1a3699,447694008
fa9be9243ed6a086c369b50d6c4808417e13407aa782f77b33d0e26112894813,204892024
3a3832ad55e58c24603cbc7f18bdac589b28a663c181fe090a6797719bf46ae3,444404001
6d666930d5ae934479754dcfcf05adf79ba6e9a965f5fd8f1e3d8fcab273e075,485542010
eb11d423668555af75a3ef92e013216b413e3e427a383c9b190865ee8a79cfc0,488016016
eee47573426435ce3baab344918c807473cfb56610292af4c4b8f0ac085bce9a,448515023
603ad957bfca9987e63689981337b16cd9230aee7b7303cbe9b0cb48258c4fb6,405636042
db66337c0102fef25042e961257f58cdbd5fd27d89f41c198edf2c65d254f275,484205004
4699e240d7a7b7436e865c9b157658c3498302d2165de49ec3b3c108b511ac80,379780019
bb13ca703b8bf48756fa081d27f7720f97707d661ccda0134d58341730f5e80b,399061017
e24a03f47213a0f35e44e33d2d61102fca2da4b1388f2b68b611eed2535ec168,337777004
da0e6b6a5512c58456b480f25da362fc335c92a1854a5888a886a77543f6e321,390512001
1d39c44c56f0a8c98e33b9ef3395a3bf402938120c92e0a9a95bf28a300c4f3a,283236020
9fe2659cc3eedef0d16ebc5449611f58d9c319a735893a17011089b31e284841,466599001
0bf7f32a974f78752db9f91a60bb87fb15029691fbb2f1b764732c6a00d576da,479095011
435e140a329ac209a5d33bfe28a3bc18a3cd68f35f5784f8d511858a90f5e43e,395127040
b8d33711862cfaec88c4d69399efd0d22f576a164e6fda996462625dec58cef7,392269007
2a29da36eabe4753545517708913c21cc78a0ab910ef6cb8447f445aa4e09406,485176004
75c01d59cefed1f0417c15ab1f0c38ef58ba456c584c581dd5d0e49912de492e,465655016
0ba8ca03cf7dba2438a9276aaa6e0626163d84c476b02462c2d3ca7f0b6ce1c0,408884003
05cb7144a55729e91fbf1d8fa97a5c44122a39921a7768235f5343b9f8ed61c4,480581025
a5789fc4ffb50b6d169c70c451e882735bf8e28c70bdb69a0ae641359fdab2a7,413911011
e14794b302c59af3eed5473a1069ef00094284855a3f9cc4c0f9e7a97aa1f4cd,295873004
6a39495bbc90df759c7a68d4511713b86fd41c280f9adf4ebaf9e0498210d0b7,470111002
45e57b613bbbc549848c541e9f1bc7beac981c995692417b06698ac5c2e5dcf9,375248024
b393c5ca4dee483426485e9c5a6992f4624fa83456f00447adc009ddad07c36c,406181002
ccff9fe6ffce3614e11c3d734ac35292d86fa0d9b49c55c6c973524b7f9df376,458428046
a61af7a1c55b0c3b746b0df0c901ccf367f0c1cd151889aa49111315b278eafb,447795004
e43903bc941aa64dc628b57c27fdef2805eb49877dec5ce09a5e4ee3f287ba03,400901004
2adca8077236e4dd0dc8d37131e2b6295b85e9a91f3e1f254bdf6d1eff5ee5a7,454128010
c0c171020ff2e47dfbc1f802b150c71e65b71143aeca0e50458d5a190d19f4b4,375248009
6403a5849b15481e2c15e12b07e748693f46f1747447f9f4ee2ab86d278820a1,338400004
c750e026712902fa6de47abb483491a3f0c3c395588c13c633dd93bef117370d,188183008
5d01ac270597ecfa4cc828bcf47241df4aedde8dba2be0c5ecd4add9e7e16e80,411758014
96edd70b545aebe3da7b4b6552ffe205f0b1d65c453290f581ca8d4b4bb1136a,299668015
5c4c9bb911c16fbee32fa0c5d41f4739ec5a18e6e9384906e7dae5826fd456e0,433414041
2132caaeecaec685109bd5d4181347751728afd2f1d638a8233e099185963681,485542006
205b2efbf6e52f54d9324d2491259bedbf97e7b434d14a7ba8440adaf8a40d8d,307952006
20b5456fb2a6da33e0f17d94c207c4569fa6558c27c296148d5f90ada0f36139,488012014
166b6acc02ef55f27312099d780fa2c7803845fd9e58f881358d3c3c96eef3ef,485691004
17461ea289e3bcdb2c3b02ce0b9eab0dfa43797095a4322eb7c5ed0ebcbeb4af,366686024
934230b69a9240801a9d6ece70cbba82bd0ba95759cff96853d82952a434267d,436570026
4fc7a469fce8188714aca3d237f5ec2b8f435e208c0dac1ae8f6f864f4f37b35,457755002
cf9a99f4a6f22930243b3ee70722971e4a05e2fe44dc0abba61bfcee46b26c2b,466381011
0ead4c00df14396469d87c04ebc71a76e2bbc22442521f9d62fef1312e590529,319811027
c65f67680e99454d34b38192e7da5ea0913e2abc121c22a676392b8bb596f56e,386859029
b8cd65efbe69ce4f7697421603f36536fbb80b8e55f108a33c5ebdf9a4620f4c,220365007
ea2cd43a461cf6bc500545e8a42728f75201a9e87f0df81a8aaaf4699c3c6cd1,399061023
36bef50baefac4c20e0d7dfa30765d52d4b1de36aab9877dbb8e1e2bdf981801,380193010
2382ea7af814c4ab3c4af37535df87d5888f4d3f5d2db326ac674cc6ce2fbcb9,486849001
559c84448c164d04db34a3a7a57b975aaa07ca6ab81b59a28a6c984972cea215,397807002
746dafac40a4860ee30c8bce64e653554b6667b5ed5c79b14148bcbe63762471,386859027
955a4c7113da3274192ff084192066cc66702689484b7c434006fde0fcc60c15,370594007
ed3d90b7b4ac7ca7ce6ec3d5166b212180070f187aa1fc556dae319e40b46aa0,464695027
3f62c942c052f659ebb56e694b0a78d0efaebc4370571df08a4cccbdb65e70e4,478992012
531efe443eca918f660694c80fdb3ae7c463a239022301f6edec9e48c02d0c5a,293433018
6c5c125498998c733469933e31652dbc2cfababc5f8a29537f0468c70a364730,452851009
d9f5341dcd015785fd83b3d8d47f024690648c383b45d3dd2731ecdb00bc724e,485552004
d27278a6ee9a49cf06bfc76defb555ed5cdebc920bbfd1ac0754c79690fb3f2c,270382004
1dacdaef9ed72ee5660f208c9673695b9279ff522716f64c9cd6f80edda64b8a,485726008
b2032de253efe71c43078fc7a9a5a179fbe980d3339a6825d813c0833ffd0f56,413599003
c89ff805479588f3060116005500df6ddf67e964aa5c7e87ebf405a42d90533a,480574007
6d90b9b106bfbf70114dcd79ecc0aaf1cbefc8dca691458b75656e6d15b991df,404609007
afcbc713086d2d6b2fdf0fd2d680158cf22677f42a7a011793cb68d702043c06,383569009
c3ebc8cc049ab01407efe931dd4ed28d06c9258c01bae18f6a2be67a1bda80d8,464679010
7c1ac77ef6c9475381894d07ba74a584ef7e27f5184504f45c68f28f3c7e32c5,487932024
b41ed6ac537ad3f28694c9fb78260f15a7e3863514b87c927b8ffb891c40724d,347983037
d3aaea21440a7f934f9eba7dbf5258c01551ddd92a199c05ef0bcb6e05a40194,404864017
ce56e32b163191c41b9d7d690571c9c554aa32a3b7947eead47d1e5187e7a1ea,341782033
fbde928dae700f0fef9a916e455c0a1bdde5300eddc29dd42538f7287f09975d,478549006
16330307d69997c99115e2d8d2c945944b2f00c465a6d3b7b926a7f12ae58369,399256036
1a5428c4b98caaaafe985e172d3eb5c2986766d689ff18e1be9eab4fca6ed148,487750023
23f836dc99fb755d83566547c327cc11647a6a9db16b20ea1e7b91f658d2e7cf,456163083
90dbe3bfa3b64e88794ddace1a40eb14745ffe265e3655447f3d567a0e87fd40,442345026
d4e3b731156b80f6575cbc4c326809db85bc64253beebb87627504d3104d7c49,453445043
954c710b9498f3c42d457330bbd6bbb1085cfd6433f4f7104c219cba8c73ff19,379360022
a884e94b7fb194f811cbc217701acfa93ed42e395e9ab08aa77463dd127c6773,326885053
0687a31cba8dfc76804de69388f9e861dab534abdcf60d4c80df5dfc1265a761,433414034
2ee7f0a55384e56b6ad65eaa713fa083c004ffd6f7b0c1da9073fff4483d9061,249136028
c5a6fed73065c006f13622ada54cc30a3f001e5d453270c094d8cdc738c1e376,377436014
6cc069ecc4b6d67c6bafb6d057ddfc006cb48fe414ad36026a945bcc666b03aa,333323008
7cf856dde1fdaf197b4517b80fb81fdf6d5c8bafd70927fb41403e76e2b48880,457292010
309d4a243d17fd0888de5b1bdb789f3472e7edc1d3d13f306939772dca8bce28,444325004
571a0c812f936c55e55b3dbbcb22478725341a1f5cc3526b124f2d4a427d473a,433444021
90e2a9851ba41075a8ebefc9169fe940ec292c0f266f2baacbb06e416040f11c,462435028
ef41d96c70c576e0a147ad9d4eb5f06c348bb73ac720989e7ff54f3a0654a9dd,456163011
61e6ce83531f04cd96df685afdc4be7bd8ae0aa7fd0e445d8fb47b12e7122c08,484644003
683a63c64261d89ea52ba791c10909867addf7b047297cccf7a3dfd0991a5d61,485678040
13462addb2f0acc49bb7e4e5389afa6a1ad7838cf11a4cafad57772bc835eb9e,485176007
1cb8ffbdd5fa2bbbfe02561d6c01168b94ed900e683a74e723ce83c323e3de80,280256001
11d563dd74c09b1db913762eefe5aaac5d13b03bb777df7975bf743b3645752e,362997001
5719060109910b48dc0fc7c3a75caeddaecdf9497e9dccf15906035264904c33,462435036
f33242cac7bbba0aecfaeba7ac40c5af5e2f752c548c04184710d23c47144f50,386399011
30a2a41d56afd7a28d7210df8c4b95e2f3e2388893339648733e99fc352c7eed,474123001
2e32c00927daf66ed4c17ac8cb1ff567da0723d159b7484889eab4c54cb31fbd,416157003
fb8ae35d8bd026db97673b111b879c98336ecbaea573ce39a21fa97299c86d31,318035015
a3916b054aebe4969dcac69ba91e4b3701b7a444eac5577a21c93582a7bca3ce,485176007
8cf4aedb5b7bbf9a82dcc2afa133d5e0869e18065dec1c43db4166f32a09a69d,485688020
74f585a61a5a2654be39e735ec7f27469d0a3f239b74364b32ec56c643e6bad3,189691067
d70f051556cd8088dedc4837c66994492b4afcbab0e65ba9ff524a5c745c0564,300024048
f87bb9358125f309331aefb4f722bd29f40061208adccc2302a36d12f4f6b09d,300024058
dd209f560aaf8a7ffa52abb05853644c5cb04f60ecc77a7d779d5396b5413061,399223034
97ecef5e6ee741a87462cbbba4ef22b457e6dd75459f7be5f0a23c0811b40523,479372002
0af5e83c3fd26711bdd084ab33095a9ae5cc7e23908e36e94d29c08c9bd96f82,351933041
1425a36b7e677b9bca71394177d8cdac8680a7a2e63b05c89c72981e7d20d4b0,487053028
b2178f2fdcc4a75ca0f54b2a0a25ad81e8f0e66edd27aea54093c72e528f441c,485240010
3b3b40128bebf7b7edef843a5ebd0def1782291d7e902ffd446354312b11162f,325027011
abe95a0527869f2c0ef74f8d90f454190915f5ca7aa8b057c8119c445aab2aeb,481777005
f743467485a95466b793358d9cfbe0666d2d5beafe9b76f441988777ace9c3e1,316441016
af4973af52c0bad129a588eab05534781161ac4524698f328e536150a8010a5c,423900031
94a962d3d3d033b99aeb7c86024a35ca6b5dd001a51e639052738d093f94be95,457466002
3cfb8b368b82c3f31a970563d4757a08cb6e9ada1a95708552e8024b5c1c3b57,391750001
cd0b5a4d619841e2affef8a8e9d171157b71612e42f9bf63c3d98dbf65d1070d,331474038
3dd95839d99d47b9543253fd325bb5a0c2abff1c8ee681a970b13b5265378ccc,449897001
d2980269c936ec6875fa6f5c2cbc55ce23a2be2d97e83a866bae26c4258ac8b9,217727003
0149c04960918d08dca9c7bbfd2f3cf893e39d94fcb16ee58b47f57a1d4c34fa,453453032
0e57824c79797704ea06cc1ad2d5af203ae22fc1520849c5bb26a2b88fecd454,453272067
2e15c7ba8daf3c8f2b215fcf79267f7c292eebece8440e80ef969af8d8e53bd7,457039006
120c5aeb93ffe153e0e8b714ba160125e3a369155dfa46c423d60996f8c62924,396135023
8d7334edbaa540972ba867987108045ed23b98cbb7775d23e5e333487b1e9f11,445400025
19355620c4243ef359e007fa8caa59954d554b11e8376cd20d195456cd40f7be,255396007
b934a9b9492059bf3105bf71a2062287d6f47200ba7175457bfde75288344922,304692003
df4ff8c2cc1f501eb10bfec29527cd45f534daf01e7601758059f235463f1816,484767010
417bb753a7f337a1e83e9a4820ce277aafb423f9b50cc687d387e4912bf7901b,454544001
d13b03847b5f07a72dac504bf11c2c8cfeed16381bc8b020982ec6e53da3e8df,368505006
042737c01c7d42acb84b5fdc26779883a694fb8ec782aa0119e6cef404930f8a,218829015
96e9e7ac8f175c09edf451f6447b0fd5a84539635f8509105aba5ed5e45a3818,453445037
e941266055b1e285d2f8b1f47b637123845240a34c693be42187c282a9370c43,426199019
44e474884d3d2bbcd3ad00102e8441f11c01260c57b82b21f72018a96fa3b693,418545037
c58c0def04a9fad6e87a2351c863af893f94a53c8da966f402c8208325188ee9,237347055
653fef30d11da7c68d9ebcf368ac54a84be7165079c192ff67e9b0360e45cef0,270381007
4668a37922af8d8a8af7d41303156b5104936ffc4f3a8e83431bce715f61262c,465619005
964608ae22d30a4b3ced014c51714e72546fcbb47115111ef159c484675ae443,260736025
c590c7887791d2d8e095c6722ef9bb101e82802ba304556acd5f36e8f511827b,456163010
5bfc4171d02f472691cc318c344fd415508f7c21a9e787d326025a0f09643141,456163053
a32c754d76333eecd1023a66e5cd67dcb9582b57342b9420781706b6f5b78aa1,201219001
b2ea5ec46e5a1003b9871f4b0ecb7f24ea9c50d1187be520ef82adda0d6ca3f1,377277037
eb41634cb23fe993d07543a7295d35f716563dfab3f92b2172e3d3168d41fff2,146706001
a9971184c3b704f7bc76c05989e3c0ffeb4ca78bdf82e3f003fed2d0d3a8cb3d,287645002
d37c1f1b4ab356e48cd386d7dc646495f9f0ae1d8891c614cac476668174e051,293510015
be45394e811e8c762fe7dc8abfe9aaa07b2c971f24a3c707c2752b05df878357,326885046
f22447a64e65b6fe1eb14f521e453c5f53432c6487d1a27c61897f02c8fa8461,464454013
bbd8d4400f8f9c11a74e7c26b6929458b5a8abec4c17d36e986f3c2655433c12,438702001
306888f4a2fc75a4c23270752426b5c4f0df1cf5b8c2100a4630c48c1e9f9418,464927003
fecf72388f3a875afb80ca7ec1153ebc6ce913c11b627699fb004fa827c0d206,260736033
e429a72d9f39caacd95b9ec35e41500d56a4e6d78a283ab6de50c52d06c12dcb,479167002
9b1dd3eaa0630043a2ac4d3655cc75dce3c4342e1ceec381f565920cde600c52,483064002
68765551fc10876a870f6ac06bd35b1ca4e2221c4b84102567850832a0255ac5,453065002
a41a801de380616bb7fe5cb56457a2451c0f6b26bb01a252776f5739431153b9,201219014
07bd8439285bb4e42995bb50788986ef067d1ba45cf0a814cfcfcab1c351edfa,411413022
3dbc3857dbe8e4bf6f6b029feefea98597f47eb1b0c7862ecf918556d6993c5c,473507006
576466adfc67187ef47d5577680f4bc7e4abe57149d55aa3cebb704d18a0cc3a,426541036
3db39b9aabe03f3462cfd0ee5c07820effccc4e3e5a6fbd1b0f7fe018b650388,485553008
0ffa4c4875c14abe21b3a5ab094215c04467ebf9c49b9403dcafba702b7f8be2,441386001
4af4841a98e8fafa3f135dcf421403c0e14b55315a28454548b015c3f6ab54bb,366859031
c7afb718f088db07c48e84f38224051c4b7121e45cb45a55571c6ed5eda0a185,481347003
c61918b0f6332a5f703fff6d68809fefe8bf1c903a643707ad4ba8906216112b,300024037
53f51bb3532353aa50a480dd85acccfb4042a9cb334e7ce78f566dc692329652,349669005
ebd790afd67d9b7f2a7b62270598771f3603933978489badc1515aa16d73d5fe,426199018
19ceafda88892e2da94a5bebd7fc3f6627b0516a1d95f4bca9720c166ffd6297,268450034
21a9c23874062078c0ffe889b5ac78ef6c3ea668d1a95c0ff6c13bd67fa4692d,218354001
1cf8e0b0498383e712578b5a593403d26ca435f92749794c33a30910cbb03a34,487053029
1f3115ec7e8974d528bcb914e034a8c7be37141e72b92b8035344996b9f379d2,342034014
74e8dd5e21eb78b0344bc22d639097a2c0dd99fb4ee056eb83f7740d3feda219,485548022
a26b0c9bf2d1df5518bdd28456ad3eac07d1e7a9781b471cdccd1af0fb167d70,447692024
39180e9299631c46cebf0940c5b6dfc5c62195bc2e5ad9ed35f54826711609fc,372860063
8663e5259dd57f8e019087606dedd41dee9882aa147dd91374a0e2c807a6ceaa,464566006
b02908eab8e67d0d80ce8b5b86d86536c1a92501575863f2945b8e5574ddda47,249136034
26800ab91ed88ad4ac8a1648d6d658b7761f4711ad28858994a7f7100748307d,399061026
ae3a96f0d0cc859c0eb622b567e7a1d3a1e450887f25f3ab992f463f8ac9484b,470636007
48a8c05efd0cbce82f4b68b2375cf0a3361661cae610b2df9ca8a48bcc8a6ce0,212629035
6bfb1b531ea797a0deddd3eef2446b56ac590ced40e92b508a744341a121f083,414079002
af2814d7e557295fd1891bbdf524003a55f8dd7f772ba12634fc14f24e3c4c12,399036012
1a110f9321b131996f249c95792140057b572a9672db423d3e43764c4fb4773b,429313020
5c16da1b7ea16845491db9856d7107f59e944fb8082327573cdc8cd517a6c75d,304946034
7ac78b83dd83eac3c6551325fecbdd67aec22d2bd1f48b62bf853fc11fb8a6c4,362931025
5a2d4caf9fa897eb2f54ee6eb84ef943020195a500d18d6343873d332d35a094,426609041
166b6acc02ef55f27312099d780fa2c7803845fd9e58f881358d3c3c96eef3ef,420387004
ecb2a747ea07e39a3e11d026786c3354f873feef675ce56f3da6a017ec83181b,384851013
205115465ec79c320694ae5931c3e2759c8e02f3137b7f62289a9f29b8f0a032,468695016
b32a6c2aba314afa90827d93409c61b3fcc4c7b71cb0573c24dc6c8bb246c3a4,395730035
0d7d79173d08657e34f2f19e545f66eebc9a894856a056ff6555785d1e042d69,484108006
00f11c30dde65dfbcd83d6ee4bb8e350180edeb31e429c19d98aec2491c35721,424468004
60a9989b989807f230b1105fc0d526456b97969ad3f68f7444a97bb0aba8d6b4,215337066
f71015495caf537b97b0b9af5ce484d35c0abce78b3e572b6419903a302df72b,487800035
357e17401124d84736cb1caf3aa3ed54b45556d100b5ef2e145b0d0a3df12e65,475791012
91de5ff17a44a3159ce6e60eb2749c7ce01df03d30a9c31324421feb79f771d5,396135044
e370aa48b0dfd4113638b9cb411294f065d00244f859a76cf9ea72009a0dcbe4,408875030
2cabce11c8d3e2cad3d33bb11af89dec52a4fcd5cc929a066b7ed4b3b8af4117,417773006
17b438c601bfe81303bcb9cb83cfc14320bf4c700b7fbc4551fbfe41a3b202e8,315497017
67e3a32859e122888e17de7835beaf49d9fa5a5cc220be125d522d4db2e01d0e,443696012
3c629353ec30c3f8f08f1f28f05a88bada8ec02840c3b9f9b596c85c2053add2,445400005
5c68893d128608cbc014358157d1821e34670aef693a50df836277edd0dd630c,253448001
62341e887addb2dadf11f8aae4b0837abb5292d7efb55a34a9303d1a64b7aaac,422106001
3e065432f6951e483ed393427e37b9b9bb59a5bc5c4e59f7037f089b2fc4902a,293433054
aa5fcbc52223b58c84b93dd4a83313ea6a31357f5c8589ccde510fa8a87a7699,468345033
dbc9a1d8ab4a29a0f71a5914c6359db64ee554f5d542b019782945529e748b21,481151014
74a2ac2a8e671c66af5546a0867b9166ceae02721b76e1067e620e5b8fcc6ce2,432984001
1ccaf2ecad178bb622e4bea8acce4dfd694540010298d8c9b62bbc865a277b56,452851033
af85087e85c42934d9b56ea910fe67fe34cec146dd38e677ce3d2211285e4366,422106015
48b03801f9d1ff8684e845481bb9ed8d45481a03bc41deac4928942f1c397a7c,456163053
5708472e0e49ba4257bf6754edc2c30597509ac571745d4e11e42b99364d5258,462435029
6061d151b5735267a14b0bf77cab963315d3d6d0b6772834ba6d31c9be67587a,318951032
7a4f44c3d5971d7dd0486f205961b7ea8fe34159f2cf75fdd75138e05bd1320e,464695004
fb2400285bfc593eb72ce8292ad8dfb46bb374e229fb4c3efd00d518089f2ce7,472064015
73d91b24e75c5e21a84730137b4b389f4a93399287d62d0f0f3c8b51c241e4f1,422106001
b7b13f546b9635532eb99d18cf65ede34820ea87859d7a637b5564ed455be5aa,408884001
e4033294a56138a198708c719c96614eef9d29453d7f4874c154ed175e9983ad,276242021
53e13429f75769224b8d9ebf528ff9b168852a98fe656897b15768ab1fc370e4,318035018
8f9f1975d9703de377ec14c3154c576c407ad19f81d7bcfd976bdb0d1a20cded,433414031
6505961f1a7179686d8ec4f40eeff2ef681ec2d5b586d28945ec7517a84a0fac,377277002
36459d0464b688618112aceeb62141baf824e43e0fd8961e35bacd9a0025b020,399087011
6fcdfda435e20e188fde6ae6ba4f257da3b8f004b7a7e11cd6d780ee0868a053,398074055
00402f4463c8dc1b3ee54abfdea280e96cd87320449eca8953eb06769a5c20d4,368603022
f80db6ab5869b291383f108b727b1e1a41bc1cf0c90041c7d73c74e7a9d9978a,427114015
e3ee412bcfbc1ecbddd84f0d10d7edc9b2ef792e81870f7c5303890845c78359,485544008
7f4eb0ccdc8582d21bc05ab5c4aeba25ce58e1fabdca216956e46f02600b7f14,224521001
258858ecb03aa559f64ec85c3feeb3c3be22f69722353cb76b300c23f3061700,411413021
92b22b4b9b23927ac0054a91baeebf495da2b5b2184b17b5dc3a5a275d13dfc9,487827014
113510c295dc9b562f86a65e414e605af4b66b9c891ce0520d776ae5449c1215,417088003
acf0254c00e38ca2b5d11bb1864f51e2513a4a8159e080cbde9b8ece00087b7f,461327007
ff33b485a87c33ef70f22a8f49ec726eb773ec2b56a17e68160b9e0445a4fc0d,449570032
e7dfaf25f96cf3525f0f510a1a3bde465595f872748be2f6496182f195e1ac87,375248006
568b89f9d17693fe63867d8c80b939940d8b8391b8b363ff94e87613ae7a8d9e,481093015
105057d710c0e55076decb213bd5cde342f8bf8017404990edc224dbf7daddae,189634001
1bb8d780f4b178cbc55869f8019c4328f28fc099c3e01834f9be0d663b423fcb,479227001
cdb449e6fdec7afc358b2bfc73e46760f5ee7f31767a670faf78c6a6698fcc53,465655019
6f08abe29bacb39e85734de560c00ed8a194ac01ee5bb9522085a61143b6a825,452851036
4840fa4e7a5d2e796ab7d393b6ec2604b857bf827d322d1ccc1af94deab0cec1,400296011
924ed47226a865ace737c57a3a5ebbcc1b83858d2b81767191c011f24b1b5222,442915001
4e7444ab1a0e29c7b3b32f5b4c28371b0d87d3fe56a79da18352072dcfbf1c2a,426609041
d535fe36d984822f254bd68b8349a73db6c5593cd41551e6c8d5b55d561fb731,428454001
1e5954962d6ab3cd1ee91838ad58d22ddec923cac4420700190f88163e617b2a,380609036
2ac8c2da832205590f6746a611ae13e0a0451c877021dfef5fae9401f0f2f3ff,452851034
651e2d084f911a9941cff5230bb21a1bfb879bcb981ccef45079a4d196766848,341782034
0bceff6b0574c6c17de59510ae0decca310be1e38c319641f2febb88fa9d3206,213690001
d82dde6208ca8bdd36457e70e49a8daed1264fce7bbd1ae0223ebb2604988068,431034005
5e42fb5918ffcdaae6391f8294d917037a540196795e726f3ca01d27b412c799,462435006
27d2ed0919ac0b3351900e1ed7fb77a196835e6591b5dd2dd310db6d4cc0b251,120129025
b635040b44f05abf3a26100bb58f77044235190c69788f6f762c5ea51322d6f5,349301032
34a71079c21f39133799edb6b9ab38635068ad17b3286f7b26fd6e3dc39001c2,390512001
38eb7f227e3cd222df27dc6954db177169e6cb2aecf01e96ca89ed832eb277d5,362931025
0cd1f01e77528936789a8385bbe26b4ddef8057ca96a5226dbfb601e54f8a034,449123002
d3a432ca948c1326701593d0ddc3ed09e59772f841add194cee14825d056f114,318035003
33e9180af24b1f8b86a710202b8f21e58563802759fd90fdcf0475796ab2d257,316553027
2d772e74b959ff1fee15765e0a3106cc73153679c77e1637cbc7552799a1d577,253448056
00565e0aa059c5dd9681ebb78ad54f931ff180fdf49fb72bc19be5ed61924307,265069020
1c62660e6fb918b8c30cf01da4d86677c45394f30b7928e33cd59c91bbb19426,386463014
f4190b1181bf6bf29981b5cd8e6fcdf730685eb1663420b6ab54609d7b7cc679,392269008
0c6cdabc24b49412255f1ad55fd3faa2d70aa66f2e45cd31cc4856e7025d207e,392168001
9928a545807e665954f34770207b3804e3d3326dba3bce2ef34890b9b3804777,456163034
2ff5477788f963c6197c970b7d5b98b9e7e2bebcabf200fecc905e47d5039a49,397807002
2c39c6e73a73bdc1d7f4d0c6df0bd1c4a3f5787b182c77bc9eb6e0a008c27dc5,153115020
143134d95d33140c998efb5b6f89c5503c432f82fa9fd4f2f84b7f3d554303d4,247072031
c90ee786ee392643c7256da219737f4f97a2d9b7bdaaac9a09b8a5332cdaef2f,443078003
86cdf67802082fcb46381347d2fd1bc95f7c21691c22717ca2cff2cff2eb52d1,338016011
e5dfd6a031b59dd0ec3cb79612e1122f2a68e06afcbd48205b3656e561a6a802,457466002
ebe15688f09764fa6e96fb2d5398f84668d89025ee799fcc669aaec6c54131fb,459149003
6d6fb97dba2fca5755c4a26be6bd4047e586942dedbcf0af952b98ea12c2eef8,464679008
b344af98fd0848579ed50a38bb1781c7c8cd8b5175613ef7bd3eda9905dab22d,437582002
6c9960ba8610725f1596bc517e5c3a412b6893cc5eec0e99c227e862771c6aa4,420963007
31f34381005c0779274db9b83131e43c4bca3966c56eddf9884b64be233904d0,396135040
3e66ceec8593c4a0b546f9ef02116f64300c6b295d86a6edfd09f293b5ed1566,484398026
969f91a18c03a23296e70717f2120bb3c8ceda80ce203cf77f3cf1cc5d391d6c,453741002
540bce64a7bdbbe2f09359eeab5f7cc8a5572a0939b6fa9bb2ec559e16b50454,416511026
9a3580b9262d07799bc5bd4e6f8e0ecbf1f8ff9cc757ce12573aa712e5301fe1,400285006
36f725d3752a1b87391d4799c4408377c16f78e0a2f3dcfe642661625fcc199b,468591015
5505738ef3c126c584fcc94b19ca42ceec62c92dfb1a695913532baab251fb47,400489039
2b5d14ea938aafbab01716b3d018ace86179e2411c65ca954d9907897c826fc6,315795005
b9f3918bbeee1925bb402b79f77f34559a52275d0e92a4e6dbfa3df03557fa87,481912029
f16593e3ca0700fad7541b11eff11a330c1b1d3e03c60142c3e07747ecfe27b8,409730007
9573317ddcc9b7788a3553e19bc05990f3daeba711ac334f73d01516db8c9af8,360859006
77ee6f130eb7bcf69c4081ad281d39aa7590a37099e7e6a17e75b7d5012bd64c,465655015
54d01abdc7f73ad024790eccb658f363b9aaaf2a0831d00688f417a516075078,234432001
d79e1568d3a924ba45248070d14816c0fcf7007090aa77e55c4ae69feb78c68f,217207046
5178446d910c4db1e5075ae3fe160f1616e3c1f9ae0e296bf2f74cf6cd8a2a7d,240561001
a82bd56ea2cfadce4c9f479009f92286db21867c0e4d52ce6d540c903c29c545,398089014
dececbf093aa3092f227177dc262242b9b21420953a897ebb2e16c9cdbdee2d0,470985003
46e5b3d5f0f12a78a38b063969d4b5126fe65895eeba65d75293f56c37346cfe,481781004
b6364e232a3451969b31a31f296e40c7a8ec6359d00164d54cccead7f57d4539,467302053
381c5cce60cc9d490a703c3fbb7b26b5b1a54dcf33e7f42ec60a0e6c9337a32f,485554010
0d095dae4ebc6885192f31ced67dff5710469e4a4cbcce69f98df19938369e26,487050042
37262c3e488689838ee29a25bef711f2a2c9fefa4ba7de559e884c5cdcc7e5d3,485554009
3028f3dadee70e30a612b663365400bbe214f50a5624c110d4961a6dffa4b58d,162074062
bf836368ce855adb8711e96416e83f73b5b89abab5167548db24f228ddfdf31d,453309010
02587f4f566315388f44a3daaa4525146d79d5ae6b2837cbf55591ec1512884d,484398014
72bec99e4ea0634b759faacc887c22ad1eae0ad8f506565d874841508177c398,293510002
a4ab3e77da057e290218a05dbcb24ce122ad97d0189ca0c889e53c8dfdd6cc61,475827014
9c9225b504122003c1bf0d32f54178090c89be21ee1ebece2a827d87b861c273,483093001
0c0c1f013bdf727c259bbc5c075af36f597a6e4f242d3492d45a7ef72a9c640d,483373005
168e872735aaeb36e92f04825d5b0decd6dc28125a18452e1258af4926738d27,399201002
04d058c96d7465609222c9179e2a52c173d47f946b257c9c8f0e77287932237a,450780008
9f13873f1aa2a233eb8b866ced8a55dd2642b14bec0795cfea4d6809d9584ca8,217207046
dde959d4c732deb685a5b5c56bcb9d6fa2e7dbbe038d27fc574997089668d793,338400001
11a6cf446452404b1b695150ea7893124c67d9b24ca127c31df1cd72eb39dd7f,443860012
cf560ecd927d25b7ee03d2b3711b6730f32420852329680b12526b6ea0d95bb4,217727003
4ad94bcdec27782fe541bd5c0739f10668fe746ac224f848bbf4ca2d5a44edbf,469137013
9ad1a6e15fff7a9ddb403f97a5e42e92bc48af96b8050efd1e5f009ed67dbe84,465816001
649fa3cdb264cb77f2f1181c82b4c214fc04390300332d6a69cf74a39bab7b01,339252009
d581b0d075c1ca1fcb98c05e52eef365fdad82b6add4d95a4cabf982034d26fe,404441004
2749a346eb7dd988d260d7919c80cfb2584ccc4c1100a4d3f523182534e0d1f5,108775015
28c8fe0608ada65b9d7225c766539d43655b8663577e833af2ee2eab254feb3f,443078003
7492bfb6b3413ad38759b4b37da97534908b0f8ead647c4bc36bf0499ec584e4,483283038
28bb291c3882d189b2fe87b319c629cbb658250d489e9197629d74057505da43,479095012
dbf528762b58db32b394f55ba2b9c413a21191b1ed128cc4f50a2e20948ac1a4,458239001
7804d4376c91229d1d2f2cdac9b6424235d10bff30d75d4a4d51e9471f690db1,453272049
33c311b9889f1b70588d4341fd70e61d7a26863951227122a810618a71498cfb,120129001
87e874fae9f5a03417efaa51840a61f5f4b34a831d0f8557c31062a7da1fbd6e,482660014
046d18ede21914c134c22206bda0e043526e24e5e54a29c1f7eeebaa2c62c1cf,474471003
dd0aaf7002354ee3bc61664bfd28867532e4bfcc06e4871e6b62621589673e1a,442915001
8febbf71b535ddd2188cbeee49f6bbaae5c6a5829cbc46c026cc5d5fb391d079,484108008
25f49d7576976b8aecbf991fdb72d01885b01521885b24a78f0d48267d45e90f,469271005
5e663448cb1dc4ac9f0ecde7924d70293b47afa3a9d507667a240525476b1349,458882004
df16998bff4a2facf273aed08c88bf0cd2060ba46d8fc658700623385ec89f32,457722013
4e545a98b314b382615138800bb9e12d021aafb6765464f21e1d37c37d58a8fb,448262042
07a1ecdf1cc0d73d6ec663a3610ac4cb8dbb1f0a6c26d3233158d547d4924396,412964016
95e326a65d0b3062cc414f0b4b54d1ccb83a8bb9e759966752ed3527d1aacda0,458851001
ff3f5bba5c48169e7f52c9cc896787ae0f0d8272e61523973168bad2f3f32ead,416511021
e60a08716f4ceaf02f73d5fbda7bc60b80c09042471712db55cdcd12bd06105c,226959009
e7a4ea8d12fbaf973ee5c69c266fe0e4c121427fc65486b5d01c170ead452b2e,309434007
bdefb6223d933ada78c9c8142cb71d09a8212317856b057a8a31fdce329f0b98,452516007
576e1d0bd0c89e80e5944431cd3eabe9fb550e9fe976c21b0969a5e52267bc6a,300024058
080471cae45f5c9de087c1a903f86eab879c8ffc8d6f5cdfbcfe4ec0bb7d2e1c,407663001
b2b622ad0b7d612bb3132695f7ea79bc3d26f44adafe6214293bf9d8b5d736de,408664007
006921cbc876af9fe28c211e267a13bc3e91bd162814614dbaadfdf88c4e3d70,187949029
1eb6fbc9e8de2db30887ca5318cfac1a7d3ee5538b263def88e5181a2f0739e1,464927021
115fc11d6e90f1e224c80d32c335ac11816d71127ee45f8e498a4163cb1bd707,290519024
6e0f28f0a48b4951404ab9234d6aa77a25d6fcb21519930cbe8028f66374a55b,305775041
1dfbf046c479ef45968038e0e2ed23df1a61ab47c2c1eb96e852becb853a26bc,257430032
23db28c4527f2bf48261161933377e022c0bc4628c397e6a367cff76d98cf7c0,112679052
5cfe8c25ca9c1b070d9e27ec2640fe7ba8e80aba0b9ba65dd4913f9c42adce1b,453065010
b5594ee1f012df2b90262315e4bbb3b7cbb0f8acdddfcbec3804cabe182b16f6,454128017
da6678d17be5c9312df36bb7a3a260e6c2b6113bfcf788d66a79850b1e817727,372860063
0c704a9041aaed5e072cf7b6f5b32e98e3854b769f487c2d6b9b755b99cdd2ae,485542019
d2f12fa7aaaa4c6342e2d30fd1a89791df4f1bcf5bdb8003aea48f756a0eb307,288859013
6aef5c7968b945cb8d3641ceeef7fb01e9d7250caa097f720e5119f3f8d4a681,416961006
f90a0f5f6b80fb0b02bbcedaeb903dfe3c887bebac5d88e49e0a06d36079e7e1,469562002
730dedf884dd95c9e059c9020609cabb2a90c2e931c5f3349aeb19443fe2e5e3,395730040
873156d2db7c72548fa4eb0aed6ddb5de34a571286f909044c2bec86f19221ee,462162013
6a2fff7ed3991be5ca3932f06ff88ac9f74296734640c543b9df5ce4c371fc32,417687001
16465d25c79dbe3be48cf13ad817fae8839d1fde40a73864533b9c70a56de5a3,194242050
384959b3e289930050a3c6ed9e9ee6316aa4a15a6af1e517ef2904c5c30cc3aa,373698005
995b93a7a055d490e0cc228055f1a331890ac9a69b84cb397b4c80854a4fb471,250457010
c798db007a181458897519d729f14f16bff7fb6fadada037a8d0d2b3813b7495,394292001
06c3fb5b6954161abf5987fa4ffc840521a252244619bb598af25ee8437971b7,399256013
52f64e8e92d8d7771fdbbd1dc85627a9fe6e056df11e2ef240a3a9e429525c2f,488016012
c95454d45a8c6323ad9d0a528ceb3407ee3df7518a291d7b5180edcce181ea18,341909034
e7a394f7a658089e0f19eef00c223f26dc32f2fa0f18ed41b6a1a36cca3b2b17,260736029
6ddf5442675995f0ac2c9473a9fab877b5906c802d2e3d5adf3e8103e2093f08,417951001
25923a56d63078741bb44d00adfc8b7976438d180b3dec9a92859f240a6c924f,484911005
21447997ffb96164d145468d4df4f49865fa2812ef537e23f75e3211e7b4299e,478426004
5e72447af36442f4352f1a63a3b266005b54bc2b2dc41a544fd5029672865888,243937023
a9f57e2cc46cd78cf82c2d6dc0a8154329b44e933c0e2cc072543efbd5346be5,399256032
e207b2942c90d5edc295e93f20eee46bd2394be6ec9be9e011a215f785a319af,375917001
b1aea9941bc906c69b1488bccf03a485d8dd98b4f384faf06766b51b4790a7c2,454128011
969af7fc8aa85fd5df4139a9c2f27457864d618006ea13a2bea173925fdfa12a,316441033
6362b78ac9bd96260eb38d8c93e98373dcc599c2ba4b22655afe3aad26fafd66,200761022
b00b2eddfb246169a7a483231c258762756cdc54c601d63b4d7203647ab9901e,408554004
fbdf936ade6c975784502352b5eaf7a49ce44e372b7bdac180469aba39863574,402065043
7975d7c69e34bb9a4ef4c2cd9fde3ffe992f026638b76a22aec25e462242e010,189691075
b6d966f6294ee15b7752606845309f3054f63f8c2c29939db4659ca35c779885,203027047
2ca44fc882592cc7114152a90b30c712701d233d45fcf876bcde8fd191061926,423900021
97193875c8cba3ddc33413d843742898afc70b15de04fa9066296a0431a0d817,322017029
b92e7930557c9eaccc7f0761ac0cff7a126e37a0cbe349b88dd84fb859ec7b62,311059024
6735af4a7bed2d84d7685aea6e40b2ff1b241d45096b17e1fb817dd9445d80eb,485683011
c823327fae89007039c8708fe86e214b02bf05a9250a49669064e23f44d2713c,485591001
cd153ff383773c0d3aa20070a2cb1e3574487daee9245f109296f55cc180c6f6,315497018
54094ecb1aa011b081242cebdf79449e49a9e546fe5a9fe098e4c828b0baac94,399136023
4de5906f2b08a7b2ffbe6bedce1b0c00ba0361c68e7950121c7f729192147865,450604021
15612e561bba0301e7c263ee9ce84563c6a6bca463a0bb6f2a42a9d162bb48ec,463970044
2b24029861a1fa632b685cf3d81342a8d592f5fb9db4175a685d4d89c0dd2199,290519008
895733d0d6dc1b975bc6c1e2d8c9f5f30d57b51046f7eeb16c467991be78e4e6,451774001
a3933cd5beedceb8e3e9ea3c76170013d6d3572e4702ae9f9782b1355f14b88a,413911035
1c3c7761ed615fcae1687264d32b59e4e7f6a85324fc2137f9ca8f9867682932,478943003
3382a93794e793c0b6a2bb52a0a7f086328359fd5d27538e86aef2427c2f4960,427114015
f0c541d8531e9932ddd84ac03bf082f4b159cf50f6c851848d379250bdd6b0f2,387348018
a5733976f5e1672a673fc55fc7e2b2642dab9f3d949e13d379c06b759d794ecf,485542030
62c4d79649af72ca663765cd5d571e5dd0f754a11de25e638bc3e336a8b75052,301227017
3d1a14443c6681aa0fff3aaaba3239d6640ba43286af3d9bc0f165ca74a69ae5,477909005
efe243d4dbe970d17912d34b4c9df8292b4679af0d7fe67813a51b49fe602b92,438702007
993d886ca68160f7913e83918213aa6f369d7c00f1cf0cf418a84fe586f8acca,404864030
c4f1bb39cccec457d1eda97997103649d9432dcfcf769a5b76e7729d2351ab1a,395864064
d717672431761904f819a392dc54d22568a29e361f91f2650b35f9f11553f5ac,348330039
55294938a34a3cfe7ba06c601dbf60e3942abf39a766f28b82d023c0892d2388,433414041
9aa01bc63fc72cda6915167a398bbcc5d69f64aa81c480b9bc4cca605a9db33b,402361006
b73c19707df06dde0331993ff8c8f06bf17daca6f34ff7bc467d5682a2b549b1,224521001
77a7ba2242eb516328914ef4337cbdfed8d7c8aa649bfac37c1635b1ace25743,452898020
c70f220f42287bcb17eab95f1e9c06154aab25c59ee33141654ed5301a2863ad,406724002
9244f5b3879d74604c18a94b7773143317297e5177232a2e3ee9062686544235,312829010
16de9256a1e37d2d55e8cf896586eb944be6d48ea1fd75a8685c403cdac73301,481912036
25fc98d7a191095ebcd665db2666666c6894fac10a2e270f9ae1b0ab905b4797,354246002
98dea54e85f4f4a50c71c1f001346946c335aa16bc8f5e61d5506a5a38e5f68b,399223034
af02909c182d0567df5f6a69abb872ed24e4b6ccaf18305ed9d1b00840b278cb,293433042
d049c8b40d9acd702aa40daa2f791a6bbef6f2bbf5f495e66c020c2679b02932,462128031
67f601549c6b36a36b0e44eadb8133f1a814ea92f38a0a5e46dc04301b4fa985,342345019
23b1f7858432cffa3130687990c0a7fb09f73badfebf3c7f353b23d51de2edb1,405636010
5af4b836e6bb869803e165878811a70483efefa66211586253d137f44fccdaf5,355072002
4aaca29fbf6c662fd0ffe8d8508278e86092f02ffce548c1a6513d37a7dc7545,254303056
ddc98e713b502cb153cc240d588a638394bb590a9a5f994c160ef1175cd32534,354041001
e2cc81a0640a1f401c80975d49a9b07fd6801b5bb03c6686a4a6e763779d70be,268450036
e8d5a33220f1482ceed777dc3ebbc35695bf60fe0ccf97dc5b7256c4c8ca5f0e,464927017
ef2beade8127f92a60d7513f806b47ba2c1fee7d9b36bf291a4722de34d1cc0c,474471019
f9f4b6c6bf0a867c76f8ee172a355a0e9abee70cf4c65dd692cc72ae5e547630,237222001
330cbbd4c759fdffcbf66738fe071d7524f724d99d843f8b810afe0c97ce03cd,433252005
315ae9be6ef236187dca572d1ae24d9fa6c02cb8e507696f55a67568837c86a4,480581025
bd06dd8ec7f1c951b800c9d45c1325fe81f76f2ab0506d5d35ef548a8cad1cca,212766045
64d7b3bbcb57f3de244ef634fa71a1884d4c63a85a0b4d740f98de967dbd55c6,225784037
0e9714e1c8fbde6d0ff1375d72ef2e2c56d92fe90cd5db29e92429c04213abe1,426674011
df26dd6d2847d38d2df3973b071fc1a461a485ebf2507ad6c496a803d83356a5,468480025
ae9b4379a4c0ea69df326d11ad79be179fea1fabaf3d0a3499e7b40dd86fa053,310091036
5a9d403e3be5960c906f64afadad0328b7d521735a13dc1e5251793e93875805,299841004
8f79b4e8381ea50cb7827dc219277d6f645a8505b29d787afdb1d1b180e40a38,426541036
75387206fe0e11421631e9dcd8dd5b7ebc0a5618149e76b53aa42932b22ce731,443262018
408f5032eb1ecd9e30d57eb3ae353c0af3bf193a49ec029c8045e6d1571347bb,485542025
a392dad291a4cc7dfd744397fcfea4948ee7a80e4951a9a5b38607ceb2d5f7ea,311059032
9367d429884fd2a8d312321c87b915483dc76f5ac30c1eb21b8763841b786739,449263024
14a9edc6ddd0e902e3415a9a348e7d271afc14c4ada8c58ce2a6a63b31cf71eb,218354045
25918b4e325fe56820bb908418eeabc2561f4df4e43074f280418a4bfe79c682,241486015
2de9d065b29a736930fe40759d09f31c4ddade8b871004bc2528a24a771d4d4e,467738001
40725f9b07215bddb2772e3c5ca90c9391796413b22ea76011cabc1c1b47c316,477576021
5fea61e4531171ba3d1df928c50e055a830ae3afb2e27e9633446b3d57a76542,480627025
656101791d2cf26fa70bd8e4bfa51c1dc4f1fe9f883b91935a0f8bf146a819c0,484398019
8e269720c6d4697fc6b62cf6ee9d3e8287b35721dc96c4932a44e81399ef44fb,225286014
ad3f0f61f71e1bdf425bbdd45bc9c9915bf35e12c7d294cddc5e95a7bfcc9621,482031032
19f5713c1ffcb012a8409f8e335b0578558c359e60c2b27c34d9cef6163f4ce3,443860040
c8281e7c846876271fe950ed8feccf645f11dd1e1b434414022fab5650df2abf,477507007
34b52f3b83fb72ccc3fac28ae038853ae5df9b6dea311a5e1a50ae7aaeba3d64,276242021
40609bc55949059fde91873199b01fff30cb65b7e634cad493f9d3a3fa25a801,241412044
0c9bc790328b2c59d8f48aa94cd97f5100d69a0c40656ebd9d5c47ebe7bcebae,481111010
cb0da3d72c339ea91e8a68651f86b98395a42ba4b30113246547aab6ea5e6bc8,485548022
3489c5ff95d31c9dfe0b2930ea6c058cbfd8ef829ebf4bcda8600eea510d832e,488369002
82a0ae17320e0cae99e656641e3d1c3fb786405e0a17237e6b9cc63ce0332993,456032018
87c8203a03ee85e3384c7fec20665a454b6c62530fe299ee5faf60005baea6f0,478298011
ba208e8414ed07da3ad74b75842b6f0c40d62d48dcf4ee7d83009db7fddc28db,441386013
5b6452b0d5547c813e2a3daba482aef956ae72008edb78a4436a9f4e7ba9227c,407806002
8ccc171eea38bc900e6a6c087f4b1baa44c0ba5e880b564bd3cfa16a8f32aef4,349301014
a11e51a39ca6b84852e69f09c2b6d4f9820c2e992e90983db7dc0482a9c9544a,477893016
a0d5c71152005e088b959a8010048fabb1df1038b88b8468654a6f2651081360,440811006
1c59254ade960ce5f175c122f3faf1c2e5803472b9470e2c463ac101263b0226,407354004
a0061ee5d9c303988809664e31479dcb29fe3433462d7aaa7dcee472ba794ca4,368300006
104e94a376d94e5450adbd7739404a5008880a65f2af6e3e2bba9a797ea07cc2,457292019
89fe4946c36ca1f01f45cd2f0e343f233163123c9675b1e597a13b098ba36991,417088003
f6cddba898c5562dafe5091e4c58d0e682559fddcc9b2fbcbe8832dea1469cc2,484538004
6224cba8f118180bfb6e58c3776a7499d187f1cf7d0b9b1c439b1f33a074594b,318066014
b09a7b86a28d8c2c533210805308ca6eac991e09a268a7103301715ff0d681da,327821034
ae61952822a7af4fdcd7a4dbd0591f0f8e10a12967c044e0da5305da69b25933,278038035
614bbaf3b097784fe7972ece5c18db77147e12345873e06f72b8baf5c6c123fb,462162014
8c24eeb9b48591702d0135a7a4633129fa37c664f020fd75a98a6d4ad63d289c,293244003
24e2726dc47feec25328ec89d69b416df2b6bcbde3c9d077555ff764399d00f0,440811026
0e936c8fbae506dde250ead80dc8bb3ce836792daff4a283e2d5c17b0367a008,470789016
30fdd69eb54fa38b460f6776260c4d15ecfd6dbd72a740abd23cd4db2c0c77f5,464695010
68e11eeb86569f356610e5f9f2e2c98b7f0ec0cccc5f756e1ebec0beced82ba3,485552003
f2751d860d8bb2f19287bba9ec27ae6d05c10b7be6213979b53e2ef57b2de5ae,372860068
19d44cf9e1e1b4e51cdb00572a4f0bd539bcccd14e2e0703a9f87f18cc8ef457,474461031
87b717035a1dcf3fd32e4dca58ecce336f95b1b60476dff799a23cfbae275b9f,326885038
b0bfd009017373d5ef6e3e673a52e96643e9a78537e6cc5579dcbda9652e82a5,141661025
5016ec5855f7ecfa93b4a1f88682d36a121dfb76ae5dfe47b65a9633686072b2,379360022
3877367068d4eca968e8c4de896f7f88244e61e494415548c670ad8fc8e2faf2,486639013
8c15f152d30f8c3df08970b8ef77a7caafb84b284e6cb0fa0e27a2b5b6e31af9,292551014
db5a82e4897ce668df7604db8abcb36a7d6f8efae060faf944bb43716640f006,423900006
a4c61065351736ee58ddd1b29ed92739ee3e1972ecd1619f9e83274691288322,457892005
32b00ce0f6d0f472ccbe989e0aebc0a581afefcc77f429299f2972e95eb3a6fb,431570014
3cd4378690c2c2aa94658c158b5e56d92825a51a82a26f7b7801ffabbe0477fd,361531005
318eb3a5536405a6837962f0f439e27801b9718489b13dd3edbeb6dead184d2a,449123002
28d9996dacc05a342990c36922a276e8db359bce313a2c69550d08a90fd0bcff,408875018
214a44c36217da5dca146a66b4a658a70be609c0ff9bc7f81acc7c7560775252,469562036
041b31a7f12c6ccde9c1f2d9e8fd5cb960cdddffe289b443bb4326a47e506a51,288825019
fd5c0ff65fff7b7438020a28e582f9bf041052e9553655b54dd1e450b40802d9,485539036
afd88cb05eaf5c99a461707dd290ff931005e776e33ceaed29fac632fe0f7d7b,483283022
bddaed570c391736b1fde1124e5e1a563880cd3b38060a08e965bd6a271ad0fd,485551003
935b41846753c895fcbe276b4c17b25521722cc2519c1d933a28a9dfaaa48d3c,455828001
0f90d268b09c919a63ace46659838ebababce0db26e9a0ed85238b4a04aea3fc,399087021
0fdc6e3a5a583209e49fb1272c717a8079a36599c4936a24a2a7bfd5d3369031,398863006
cdf5aea429e114a085f536e0a3e81b05c1d153215ee6401323ff5f41745985ca,364297017
7f1d2acbc96e3a0483984058f03eb7003c0fd2e77b64ff7728435adc8b8f24a1,401044004
70f02e8000cdb5c2bf6b5c62839dc5aacd8ae68dd648830c556878911c10db66,432984003
dc53830bab5cf5c10aa26ecc58b08e97509a750fd4e52545ff3ea920a832ce49,477877002
12ac306a3b5e75c187e35e41dbc0d82cf8d03b32103c4feafd647da5d29eb63f,327821034
94031354f374220f0d2d866cd422f2f437d623b86ea13cb17c6a96604f9fe5b0,433414040
4549071c6be975bede4919bb50228617e3db295eba3d77bb4447f25194f44c2e,244267028
fcfa433d39bb3a4d94a85574b9ab93f5507cb106ea37a6953b3e8b5a4090aed0,488012029
4062b13a40e2b5ab05a63c876e823a5d496535efa73dfc69b7844082ca7913be,480627022
16be227fe8238383235c8c6d0959ada84ead89a22de5ab34c903e852beb31f39,241590001
55c93f504c012046f7cd4a2e9f4faab27a5b197f50d32297c3a45ef7aca0b49e,401729001
38313d70b6948366893072d58061ac4b0400c28f98381a32cb9cc06eeff2fcb0,423900057
d307c0039e5779d7daba532c187d57077fde3bf86db5af9c26c36640ca3ed50f,315795004
d535fe36d984822f254bd68b8349a73db6c5593cd41551e6c8d5b55d561fb731,399087040
c3ebc8cc049ab01407efe931dd4ed28d06c9258c01bae18f6a2be67a1bda80d8,369796007
b2bdc054dd38ce6e5de54fbd7457b9192548d23be3e8c073fd158dbc03f41942,306307019
d9fdba733c82750984df2fe41bf7e3cae9fcee368f90181a54f67b0d9db1df68,485521003
2a2705f29efb00f748b8366de72c36ebf53c986388780dae16e0918b461883b4,458083007
ba85f07ee73585931887ab4d6763928d7e9ada96ad0948be1a5b77a9f34d319d,309434010
e4f4b761c43e2dd3f42ebb8116f9007309479822449286da069b53ea2cc8b368,356289060
1f383ffad500a7dc151b329bb648a88275bd1b1b49388c91d698696c42fb44c5,410424006
04fc2bde9e8c537c21382a74a295efee45924ba2f60b23c0d36e84a9da2722d8,466948014
eed5b42591941f441de5d8b27bb4ba627a96428af374ec989cfcee86540d27ee,392269012
ed6f1232ae60ed7d3a2baf9ffd41e218cd299018167942d78056211395467ca9,487050004
2f707d669325ddada54ab92775979a232d0a4dd1c5a95dc5a19b3c957f65df9e,391750013
3a4c39cd4e271b5ae8e6ca3f2d7de612e94a72f5ca95059e02e8082fd297a9d1,412370002
b2c03ae841817f14e4464316868b290126c9923d57b40dbb41df2e4790ac238f,301687013
81eb04da79dd365ec43bfa5b0167b429d3bd3a96ad56510e914fc6b1f366e5f0,453258004
7d58f4640e84e628344da747bc1a7460d1bcb862cf1d2e1bd0851fcd04d7d8c6,465655019
b01d38b21e6530b4b14e11c5b3b87b2071f2974ee0d4c3df09116d726a7ec2be,483290004
1bd5fd0b45efe91387bcecc3e664a5627e18b0f6edc330e536ea88c89d79b576,369796025
9259e51a3e99fe9c769ef2d8b268e671ec2b149677d479d51f74c80b8db25161,486462008
8629eca88cc02dedd856266e1b8c67626d97e809199e889c946a0659a7277c7d,320880001
56228c5e2f964d561f952382432d1ad6d777fc118459fea27e87d0328ee7a794,443696002
111ae0a7d93adb9b74b4bfee140fa91737db19f4037e16e2303a5596ab691d70,341782032
8dc38a59117ecb83c3a36430f6ca3f316de1aaadf42aec70ee51c670aa60f801,399201033
9f7b572b8cca2bd11496640dabcc2d7a875b75ea6b55cc9e1c5dc7c6905d0a6c,395658033
2b159bd56e31b0083a1fa0a2fbf08dcad51babc626a2ba5a84e21c95497f9097,389479007
31cffb633680d94de389c5b66451b73dd1c1e34ec437404df0debf117593338a,370594018
d0fdd6f4abfc6bcc105ae910b1fcd24ee8e63d946f6768186148c2e7c8a16539,453134009
0d5d8ff8ffec1f82813a94e8e9c98289350d7e9bdb0818ebf86c8f85d1b4c3f5,487800032
78488259ac8024102c8f58647140b58f29076a1cf71228855aa255263f68754b,440144001
3470600e5fec2108a7ff26556532eb8b3b0365fc66ed67079e937c203fea2204,316008005
50631786f4a458324eb97162bd26dd192c3d3226aa1cf668287f49c71ec56b53,467174006
f049d8354f32761dfc68c066ce90c9d45d1f6002cc34455a46c338516efd72ed,395730018
74e329df5c869548974ca821cdbf97c9abc2580ebc3da43ed482b0fb5a514b88,458543005
cd0b5a4d619841e2affef8a8e9d171157b71612e42f9bf63c3d98dbf65d1070d,426609040
1305eca5c01d01feea08555d59e951a98bfeea53196fc6354418d2d33cbb7c3a,475069002
6d1cddbcb42c3031e991854dee1e7c0dac769c51a004a29c2661eefed2f75bfc,411758029
d240370ec473538574ad16683cb1c2767a8b8524f402bb10e391c9111740cc2f,449263041
65bf4e98ef87b13ffa5b36675084eab480d6ff4da63c3b26453fd41d17850e8d,426609038
53f39b5a104816c8a61e72aeef6ffac856a27d69ffa99a3da97e66e9c4f43f0d,464610001
2d63b522bd268991ce0d6c67edd6a7ed2ea309afbb62f0c3280abae2160867bb,445400019
70e2028e710f0a1c814fd9c371f1c6276ab082968c7cdcd7da5736563bf5f118,462435017
5179b77412bf6d8936f557e6d22038b08ee12d554795cf87e5a3a9aa90dbacc1,475997001
8efd497e1791847a666e7fae75ed9e783ab4c63c114715eaf6278b86f6fccc0f,405586006
20e774d06bb95caafe51436ed8b2d97e20f182fce5ea96c06c7662eeae648cf3,384851022
54c3162fb55b9430ccdade6c203b159dcb44cbcf5a34c1ce35d65c33cf57e2b1,462435024
3554d778b5e04a69d681ab5ff2e8aa7df7c3d6af791a7e529bedfddd57ac2ca0,471566003
cccd76e3cca1031804e28feeacfad9ffe920a66ff320b1be7b01d8ebfec00f5a,485544005
e20b9f97e49f6962f217aa9faf8ed568d54d8fd7b61e5d696379b9e2a63ba93f,396135045
b2c1e497a718c51ae4a245d5e9e2387a2079b3bd706fc46fd0e072f55607d5e1,326885030
25f5f98349ca2ef092adf73091ec104aafd042e13c3922a34b32ecb45648ce53,387348012
2c41cf5e77685ef476c3655a6e1bd4a2e4e0299229592fa7ba46bfd83c6ca738,118458034
3ca0f9f393cc15a08d102d0c77f0b7ad7dc281a5135e9393b75ac19fb078d619,405636021
568937b343090ad08b0377c7bf1620497fb532c4e4c863a90fb6d871e0ed2aac,220094001
97baef4ba6c1623af23023d32d93b8c4bf6cd1350a2d58a6e326574f4fa7fd7d,194270002
87a3f6da7198b3bdce78f43ac96c06fcccca530b9882ac2802c59c8776ae1534,477163019
6f1949849562187d4e2f7df2dab2db6096e63658a8f1f804646937485c0d3770,449263023
befc5ff767492e48f81612c74a6d5964e6dadd1fbf9b2f2a7048364db8cb0bd2,464927010
15947a1649e5cc34a70d48d40be6893dcadd5b02958a5d425f1d4c3097600c96,202017055
d586814293abe1d2a0b74b75c49585a07929e3047bbe574472054eac9a859e1a,487722005
c3879e47850bfa8c0cc6df84b221e054e2af704ec551b45d314841b510bd3b47,384482002
7543f1ea252b68c2f45df49f9521fced89892f402754ce8ba76ec5fab6ff8e9f,453028017
26c47eebe4cda52bf77cf791a5d06392218143beaa45ff94a36a119915db1712,316441011
89b6c14ac61ec9ae00ab876fd61eb55cfeea4ad570c8945d676e70b56388525f,427948003
b1612fa54f2c7a6aa30ac68dd03b25f4ddc44b9664564904f03066a5c7093e11,468480015
1e86e04b5fd08e6b3c6e420416b3f8abf4a367bcdcd464768de73ca8562152dc,482638018
0d249937787d8f5f6249f5e2659481acee148c695775440c005f08c339832164,387843037
c4bb3db37b2ec4d2d803ac3f0b60fd26e7f2bf93e290032762b9121fbadd1b74,327368026
13a3d19d29b6f19ff13438a2fa801ebc7ec487e887807efe30c6bb6eeddcb18d,486214006
ca215aa125af6bc8d29cbca38f0ca713bf624adf4743f2cbd7d83b4fd5b0da62,487800026
01790b391ba5fdd55012cfe6eaf4d27766c2c53e65a67d916cb2a3f2752398c4,473954006
a8d14751a68b4cab69fed60b169c03c5d62f1c8b73fb1c039f7a256e54fd2377,487800013
26a83fd2a12340d6fd2d2f5164b055abfe76db72806d57b830251846a3719fdb,445901004
d3b053b68d0d6a2eae65776b1b49b723a89327bf5d597c6e6837a47c0808d322,156610010
8ce3fa1b67bb83b77a911fd80d340b687e1e5239a527b9d3b148a753791b2716,374762001
5d22eb0fc0d75e0347f1a9a866ffce1bbcb21bf32d7ada1ab3905b59f147a1f1,341242015
ea33d66adca6a3c9d8b5d81fb295c38e82525342ec06c9443c909d6927b67db3,378124012
2489b29cafef1e4b02d1be2b4df2dbe01cec9ddaab67b756745decbc686efa60,471566006
f53bc926b23d89949f700feae3e58b48ff2ac381f675e260d0a4b90458537cf9,443262018
85e6f0fc2195abd15c6f8f310d9926a256140fccc68bc66abccdea4a0d670273,466948013
20d79df962142ef92ca17d3ca4ad8c9bf3f987f1ce19dd4d10ffb5baaaaa8e1f,315497012
38eb7f227e3cd222df27dc6954db177169e6cb2aecf01e96ca89ed832eb277d5,426609040
cee966977647cd87e2bf97d5aaadf4b50a99b0493f750d5bc68ec01ddbd7772a,472064004
cdc55f4ef52230547648f1964b985a9cd4e4e37cefc5de9e24bfa661cb7f5e57,228257002
bee2ade8478890128f870889a442f637dadec52beac0f19cd3475f802805a4b4,324963055
5cce3f5ddac878e689e67a23c0c24c76554fc878ad80e969df6ebd3afabec4e2,481754007
b63620c6c9efc92571226ab827015266fa8f3ed2814b40d1477d5ba9c71f03bb,466948030
fd3131861f43d2bdb88ed18f8d70cd5f031af776f97243c24113180863c3400d,322017029
69559113cf6c84662f7d70ce95d7df668baba19260f0d2b3c3bf73eb2def1047,485539032
1f60d0f7b7373676716ec87c8c3775a30832d86c29b81d4074d4eb781763d35a,355421004
5848858453c814b0818575415368dbaa4872bcceab680a0655f5fe29fe5c3e96,356289075
e6ecfc88d6c09b82d616e2a8d48905391b0ebb7a1be24c4019e301835106b2fd,446224026
3b9aee789c6ea692c23f87129a7aed236c57b7e882ad19af82b23f1590a6a409,304946034
9367d429884fd2a8d312321c87b915483dc76f5ac30c1eb21b8763841b786739,426674011
0edf46bccc6e7579094bcba26c86030eabda9e823c4e9e395884b286a51e95a4,470636062
21d9cbdbd00bc2507d6951b736cc46fde76c124828454e05e7d19831900368de,327821035
f0b09cdb36e09fcf347f83223e327cbd24af2081bdb033fd5622f9dd5c044ce1,476583019
dde2f58860ecc3b32875819904f7427a06b14ac5280c946bc7db1be05c9d84a2,339252009
75f4abd154697e7740ff05ee7f2212ebd2c7b4f86df1074fbab232ae27e17ef8,373506018
073b6308a1930490d51db90a2c69af9841829cb60e719b41b6f2a7d0c4693f13,278038027
3f5198a0f57182aa4460088f0b1d92f238dce03c3ad3160a5bded93252c558ee,403994006
071abab7eae8be737cb234c44e59bfba7981bc0b6cd438f4d57e84668b852e9d,483283031
b9f3918bbeee1925bb402b79f77f34559a52275d0e92a4e6dbfa3df03557fa87,445865001
289176783142906ec64011dabc1a129bb4b0bc5f0bcb876e3f7ff3ead62b42d0,383152002
7d01e93e0eeba837851544c711194eb1609c71bdfe82e5d651ed97254155d8be,403994005
5203a4ca7f06cff0481ac7c2064a71fa3494487860a4b02e6fb4e834394e9166,384482010
3fc3d4d29f7662812b2b47adb98a419a32a8ee68fc0d19814b8136d019c9ede8,474088005
08ddd7be3e60252d2cba9dd55297a6ad0bdc1f4e244a16a8ebf61b73c56557c5,449123028
394ecf7437fbe019685ee3e01df2801fd571c2f1c4b6dcda1dfd60913357d00a,408664007
266eee974e444be57074353a3e7ad92fec35c8f62f7ab956c97894a7e200eb31,485052003
8226a553b503bda3809ce56689ca912d017735bc94b845e6fe78a960f7fc9824,453272026
12a4f90c76590784e3da1c8ced4ebbe0b186b177fcd99adc64ded86b5ff6d23b,465655012
d301c48a9baea257794ba1c7e84937703962aa80d5804e0ccbc03b157dd31394,387348030
0fe928e8de78e5c18652bfcbc1cd137bb6b2c8c542d1a1fbdd2fb60e05a82e1c,307239004
8e1f43be832277de4fd65c70bd5ed838e773c60557b5d6f30d98da66e328244d,425173001
9974ec225a11b2ee7b022916587d12b3f43199ca007a70faa162a02e1a5b5771,433414010
5ff00254a6a0fb57949b38ae7cba17e556b9c930688fc85545ede04ac89bd559,487800005
b9d7c4485eda72711a9ee7af3c43e578396e8b01ba3265fada66ff97ae24511d,389479007
48c4fa85723f26221d385dc211966de23cc952de301fb11ef4e4e23a23d95323,478549006
537e00d40a681d328cc62b9805650eff9cbdea19a228ba7143b9a239cb880438,289597015
415a635c833eca2e0525fd673f76015545ad46591e189e88e4df9163d2db6c90,487750038
bad8767c49a0b6322b7ea35caec48116a5108c78e316041fddd657d6fdb66b24,453585009
0a27491e052956c71218af6a604fa1f578ffd0c2e59a9d81078da607171ec274,244267027
62799aef469c4bbd56aed1cd31be03f45f101fff986e181c1938348f4efc9c5c,318951022
02f64c00a1c75904920d7d0ce06c85dc30ce93b14147db8826fab00ab1d7a1f8,224314018
0b8e8f3d0b33a676398cd4f7165dd6b4423d8bae76bfcacf74c738d4c8137b9c,433252004
30ab5e29b3b3e499e02646146c6ee8ff7ff36ec0a7a08f2b0310926b54854e9a,327310014
d66c5eac8e0e0a997a7c7f557e3d8bda7740d70a4dedd0be47b5e2d41b33099c,153115019
2e7dc81c11ed113a5831207ad42fae4ba6d860252c63dacf4ed387173a97d721,467302079
9b33f1564af5d950ba312f9f81e6d00f7e2cbfd985b1844c3ec5ad763b855e0b,486186002
1476c181141e0f05f095ae465c7f118cfa8d43b59a4a2a88c29b292570d58fc2,291957009
ccf22e43bc05c902d697b738eaee7642dc307e955763756138889dcce6cfedd0,442344003
5fb080bfed53192e997c010e8bd951d17353715b65f82e31a460adcd7e9cdc86,203027045
3b68e7af4b8a390ac87678e9da2e10b0738b0d49eecbac9dc1fd9b43a6416f3f,445419003
c5c59c9f772385bf55102f9b733ffc587d91229cc8f9c94db39bddd2dcb95ae8,351933029
e1453ce924c7cd6606c2c65938fdfdc2d17fe46fce7de98b2f19d50d1344da36,327368026
05da6b40ab1e2cd6bc378c4264b315839536810259cb0593c2d83c2aa3cd927b,305775005
107d5a994bca6c027a7438e13340992816044ca750a43aba9a4db3c9fe97d840,301656028
9bbc1fcce9329bab6a72e86e9804fd2b464979da0af8351c3b3079c077f5867f,391750013
2f9a20df24a50229cb35a41cfd4899282a7163f9d3ef10dad5f26d84f098fff3,284985044
398602d623a81254732dbe6a8ea22deba346d7f735a7a4b84ddfb151b68dbc78,443262015
e327591f5ff5919be30e990efd63bc2911097422b3a92f8a084f9d3b94c36f01,487052017
42d9876a6f912c08fe6440076b260173a3552c4700bc923fefbcbd4cfd7128ca,348330045
b1de0e263698b03605848074a8e8071d061c766d2c337f34e65d4057ce0a9d5a,234187001
fb19e8c0df1e0e34d1c668590d397046c61f9a677f13e4c56a6b194592f4f401,405887036
2b79db98990786db91ce76c6e06aa3689a656690b62346061cdf9454c8bffba1,326885054
c980c67ffb144cc389ece76afb83f99bd0afe9605d9d9cd6f181a0d493febf61,487206011
6368a039312b2c10986e87457775bb3b33ea5a459d48fd2131ea629a01cc7dc3,405887028
6084ac7237e609384e6b157cc813b340c5ec0d769c6e8e24de653c8373b4d0fa,220094011
50c9a4c3ac0f08048e4322942e03f9607b6b9ef77a95d7c0fd24839090bf05be,375585024
d281d90eb5f88e678db1d66bd9241c36f344967441ae247a1a63e799c574c6e9,446224026
27e1ceead43f3b06e5e1df0f03e0d5b22029b6815b1ed5be34e57ec619f3f8ce,485553021
3f81916c0cfa9162b94390fb46b5aa97a9be2369423316134582854b6ebbb6ab,464679014
c8c106fc1fd4fdc65e4deab2a816c4521422bde8ad10a7dee1270022aee3533d,255396023
641d014cb10500daf0451630c8ae4e36b9fdea3d320c7075c0aeb47cdd5a2f27,403844007
4d03afc377d0b6b153edddf297be75543f973e0471cba53c4a8ef24be4897eeb,235732024
5f8ac7de9994516c1034f9b944b85bf7a89b9b062b533b14164e766fc93949f5,220365001
8345d6666e7923fc1d46f71a47657c9e1e182b2b7f15cb447ca485bc2124c2b4,337991010
549b5973cf7db76f4ebc57f7b021429b91bc02efb7bfeff68bfcf56c618c2cad,433275011
b3828078a3daa23d4eac390d62a328762fe1a958d7700402e40f4521329df194,176550016
c9167f3ae146c029f1b3ce0f52a21bdd017a0d13f84361e4753d07966e64be46,364297018
1752cd82e027b5bf26615ff2d7560d030edf7ef15304cb393173c2b358703c23,484398071
976d6ee0219b4f8be08176f308ea07e9a6fcf5d16030acd7ec49b1134a12794c,449555004
4cb58ea9fd7cac60b3a78d93359dadd06faacaabd16f09f0e87c97a218f99afe,396690020
4606ae608b828598b4fafa9d91acbfe3be0925ec2edb0fa25fa7293262318ee5,390469005
76708c557aef7db2786184665ccb37e1cd1d56928f6bc32847cb66e750d7f2c4,406724007
d60134dd80ff77e969e37cf884fed6ea6ae18f5fbe4c4e68703e0aaeb7e1d5c6,220365004
8477641bf1b79d3035d63c40491e5c6c6517ccf778058a5a234c065dcd0339d3,433414030
a41a801de380616bb7fe5cb56457a2451c0f6b26bb01a252776f5739431153b9,378135031
66f70129b5b94365e49b149ffd97247321fe32e1c5f44e9007be6c0fdb452310,326885051
59fbf11166fd5a024858cd136345b650ae1b54fc570c63f03ad3051b5019a30d,464679013
71651c0486a9d0d89999074ebca314c8a0dbb995df9c954c398e82ac468cea3b,318951019
2775dd97acf47a6ad15fb927c361a014b5a6d30f5b738665fb674e8bbbc809e5,475791036
31933adaf7f166601be34e852ef7588a4e51435fad4cfd97b6c87619bff331ce,417088007
62d46838ff794f9ee92b0a2b94147aed114b3eb2a250a4459571ead35b0e39af,156231001
97e0c8ae3c84709c3996c04c95a0ab03b4c3af2879d2111b890ffe520ce0f866,464679013
4eb89438aca714bb24f4a844b5b961f3a6f86fd810dfa8f35fe91fd474c902a4,487206011
c053094c7cb36a39988157c6873e49f82a9aa354e5d493d1fbd7a105fbc9c32b,488018001
83a3e80237e5aa31337bd9c4cd19a5e55fcff85db010fc001fba7e20c0a37324,278038027
52d512cd1cfc826949c739ccab7df62f6d3e4b9db4a05583582ce4affb48b462,391750015
bfba7a5f8737628ad92c7d58719773a517f80575c1adb767d503058a4f97b7f1,402382012
d301c48a9baea257794ba1c7e84937703962aa80d5804e0ccbc03b157dd31394,439921001
32349d5080ee27dbc29506e904e2444a543c7b985f4ef22fde8dfecdd18e9d07,485683018
86a050666d7129fd60cf6bc729e52155910379ff52d9a0099760a7a5baaf4355,480579011
15909a0d75e391ecb0097eb3b32756f81b36d70466e4e66540afa81193cf0d79,487050024
bc3e6313e3c2622492795ff8f62f5255a8eba85f33783c8bc5199ecb5daf139a,387348018
28863b0c9fd3970c71f629d8613d83783a6a950551e56a9e9f72b6bd6f69749e,257667055
fee8949d4476cac21c43e9c6e7e8d3318378b49a7a0490ec2f51a8f1e93a835a,465655022
42f63fcd9f4e456c88f52baf11b94e20f2861c4ae5a5832514ec072833a680a5,213691073
a8b1a23ba8e384e7cf144eea4a92833b1c6aee2bd26fce4fcf0ac2e9fe216f0d,399136034
1f13aa64569203ee09b858416033f84d9ef8068af1f5fefedb79f8116201c651,452717006
b1344b195299b6457497e7ff3f0ebfbb997077e797eb9f9e315276cafb16e0f8,448509013
8d0dda4947e079e0185ba6db959564db3d86516c64ba47f10d93a986b4264e95,456163050
9597d90d698f0d1d760eefdfc7c39809c5557108133b3b9c52b36351a6106296,403448008
f7b5292e921e855921125ee043edda4f9882bf50693ea0f2391daa900975b1a5,485551008
0049cd9153c0d3363c12f6b498c32110ef7991c1cda0081f170e6c6ccc8d442f,395730043
ceca280357060cc8cc141f8088b3289f22e9a6fa5c62b7c0f70b153a13386f9b,443262017
4bdf44a08aa4b80a8b4e0d89243e207d7a5832cc26c8215b6d00daa90ebfaedf,483011001
95b696227b79821a4054d7e2723aff1a62e22ae531f5738eb3db1e995581e452,464695010
466c20eb14d6ce08f0183c667f4a738b5e04e27c2ec774ffe8e5b763be8f9379,469658017
aeaffee3efd257baf2c10ca48909c604afb61f16f23b1acb8f6f555f1a742b17,485678019
b983308649999401373664971b3ff44e7bc3a230c918ddfbca968d6c4a37611e,237347044
d610913d589b5b33e82e3617768a6f2797b66815a7d5fe2d45214fa4a75e8b60,478943001
a952f0a8552ef82a8b7a716c0740ac67c0389ba65530ec630711cd0fac43c9ac,402389010
1bb8d780f4b178cbc55869f8019c4328f28fc099c3e01834f9be0d663b423fcb,477970001
39ed3df6890c3699a6e2b30203a27f1aeb36816652a069c180c31a1502dcccda,442915008
0218014619321c250395c5cb9bc9f5323745113f61f3a136da2f3762df5930c9,485688010
ace47b9188dbb2534b5fab638f41b49bea6d5e810cc0b20887e9445b9a4f3773,391598044
384e8670af3dedb7de98a092cf8d4c203dee7fd7a6031372439152519abf32ae,487827013
1d8eccc7950f158fea23aa8e655e2ffc1b8c50c5402326388f7f91be7e95cb81,357751002
c363a6d1e175474e0cc159c247addec3d52b5c7fa576d68df3ec853fc24152ef,449263031
78b5bd88f817e3e31fb3cc749507fb4e47e87c33a668d1b37da29fd09a640301,406724001
acb329e8d57150e69f89bcebe2ff51a10a947200495266ec8815a9e9a3b181d6,485544004
9e200a259bec0f57a3f340aaa4552d478f870a5fba0536dce45a17bc4de66e65,211143037
936be5fe2b5c6367d1fcd0505980bf4c3be1d50ab91b1850b913d8d5dce16c5d,452851027
9ddedb0f0d7f368acd8e2883f8a3240afde86923f0a38b03401db8dad89a1722,179393018
d65a1aff06e5e06fccac5b26fd524ad27b378d3dd12b0e3a4aa7e5acd59bedca,423539003
298db51c42c7e9324fd7f87eb129e849ca03176abada1b74e95cd142ffd310d4,484398014
c5d349947c57e3f6da53ddbf65d4a23778663aa7d11ee07196891bb9bd77792d,454128033
045f7ea13a544cff39bcff4b296602f6beccc24d02f472f2dffc1fe1859252b1,304778008
8897a7cbe75fa3ae500a594d4023a98a73c468e00ea55522b23a93c57416f312,153115040
68fbb3b62f0e1fae5652521fb0be48cc2c9be8f6abaadcc6d830e6efdd5ee202,458087001
f1b52aab4eefc8b20f70b0f2190c4c7676b0900db435505f842349e2486ddbc9,219075014
b5a88bebfb30c0ab5daedaef6d24361f551fcf934311d1a3a2b16ca673629174,331474029
ad998dd19ea35bd3ad72df98149b97a2e61bbd77079fa4edef1c491c955005e6,408104012
7eeb516a77e234ba69b7917e3ee5fbef2542a68c3bd4baafc273835cf430befb,484126004
20b27450e9b17bcf778da62b1c6fd00ab2c3b0b6dea3e97bbdf6e803e5125648,404864027
63d6cb13bf6ae8b02e60b978adf6d9d74a2a2869d70df5f167c63cb12aa438cf,478004012
efe94189037c896b4761863b96c9740c9160d84fb54e2232fda6f20404bd5903,381038032
df0b3aa08defdab246473fae38c4f9c45ac8c8c8e43d4e9e2f219b4b9585b653,345815002
3fcd5706648fd021cd9a93233581a6eea65dc4eda9cee97ee9a755ce45ff322f,453065033
7a868fb010d248231b777b42a21a13989df08a871e837f9bcadb86595ac3fbc7,364297018
3c138857b659198a6384768f91ef8944e98dfb528d9e2b4239122ee40dc4f61e,487932035
5d34f84e6cbe9ec4706872bb65376097af1e53f0c7dac50d763ca495be74b601,436083003
171732348cb7260e19554acceb874c14549e1001a947368f002220d1c5e3691e,453453028
84d77768f7a3b599440d7a019c1180e2e167e4fdd9f1ddd4df53d33eb3618375,450604021
81cf777e467a0b9af8730477434c7237b51516d76d5767b9043a057d7f475e6e,310091035
b9db5c01f918f5c9fd2c233cd518aa92522b2c291378f50300167c6ed58f161d,224314017
1f2266c3d891dcf97a6de5e9e90686e5eef9ca4142ae8215f561580abd2b128a,478549001
276e50125b4bc1da346bad624e038d89cfdd2a35045ba666ec973b9922b5a4d2,482176002
2753f5fa6242b3f103da39982e4e68cd1267c77db5e385eaf67d6177c96d18a3,478549001
c5e901e21d6baf0d3f680bd957b3951882dd993834f57c4f2b00aceecdeb6dbc,487050032
f72b4ce04b5192f0e48ac13ed1529c74dac1b10053ef2da5eaf8f90288b34856,300024009
72ae12f62ebc075244b2152960740e6169a65fc1cb17f61191fd227812d2f217,325087002
605896cbc709994939bb5821b912bc8c7b8efe8b6e20e62360446011d4d9ebad,466599001
e9813f80840effd084ceebb99defaa31015216fa1bfb55ce906b18f7859e53a9,463670002
7ae9e4f6f0107d5717c52d1bd158bdbb950eefad48cfd9e21d51f4a5b35aacc3,484108008
eac97b6eb4fd144ac63117366aeb61c84fd9435a3fa9027b9156f24ef6c7575b,252229001
6fcf5e6950e7088e6fcbbc9315ccc4f6a10458d6ce93160dac26109d65dceba1,466595025
f6bbb349cc28b8bc8d0e7394a499ae2137f5d87275115c1dd86ddae9b2a2ea87,386859044
14266dc80e82c7ac1344881d85de15388b5ae1ca825c617631079ebd1caeae94,485551006
596ef8867561c9f6158d44cac95a2844ebc8ff1bc91535a38591dfdf752f3e7c,466948030
5435181fed51a7fb3adae4bec78ff6273149cc5bd62c0d184e3c8f40ff804c74,342034017
3d6028328e5c1ca5f83041169403678845d9e0a2cefc781984d06a1d12622513,481754007
e1c5a8c64cafaf123a98a273fbe94d796383a9a8765a510e8e04c763a8588ba9,446224026
3cad935927d3f40d2d99989a541e6e1e55ea48a595ef2d84269b897daab74549,387348022
0f595543c6ff3373d18a25746fc576d9825deabbb5dda04ed7f812937d90490d,399061015
07d21b9c8923f14fdeb20788eca5e92ba59ed12870d1959dfc0fa39086e970dd,456163069
f47e5444a659cab1db5c1e1324b8ed6a3f34ad03515fb4e9dd934a8afd4c2cd1,316471020
f70751bb4931cda0f03844ee2ea18fd51f9567f9840fbbea06110a7aedb35f6b,485539027
17cbb352b7101aee1b4ef36fd8634d876d8c73b5080a72068a70bef6493b3680,182909001
1fd1b7e03fdf376fe520fe2810846108ba8fa532a4d1ec093d5deb2a149f2541,481145001
4634b466e62e38452f2da026236f9ac0977cc4857ef60637a0be378dd8e81cf7,358483007
b2cfd587ad81b69a8871ca6994568dcdbcca9a85ba8d5a976a18e8da530e0ef3,308158009
cc2a4e9face597d312008c4d1a770d28d366f9fdc0511c74bc889eb8eee82184,203027048
0fafd7d32ee1dedb7e4874485f7108ae9ed8570bb088f9e66fcfa76aeba898b6,315795004
32d0ba640a3166cbc7d3e07a22534df434e1760e2089cfbbc31f94093ef6907d,318951023
5f0ee6c4c528d7dd0b7b9b65ed13b501c59ba9f8e95f6adb39aa8fdc97a58908,411413014
140facb70b0d81047789d298c09cd6c3ad1cb5e3daeb625bebfd74eac34194f0,432566001
9d049b4f45dee3d4e93a8e55b0642747d9de49bb621cf31c2e385036df601013,401020005
232295da64dc1eb238f78ae2e020d806240d50f81bd1630fd95955add62cff9e,452511001
c6e793efb753a7539355e8df5b862eba403e0c4bf4f1d71f4e48d8b6df3514ba,399136053
0668bd5a953c3df2710447afdacf634ea7a61374276c48251fef696b0ac1f1fd,451229044
cf15b80ca0828509aee27eed52a4abe6d7781d69476d0c6c9460b4da2e1fd64f,373506019
e364b979442ec71bda44d143f6394a8209e0a29fc621cd23f216485e33b0d532,431570016
52b9c9eca8987838920425e37de9302b09d1fbd0b19ccb06da9fd37448940a04,404864023
46c480f89ebb78c74dc5490d63ef1fe70f408e0586587be8ba56ecc295f81c4a,403994005
667c97ee68b59d326bd3b3fe5265883fc504090759eb50dee380960cd1332698,485544004
dd7db0ff7a2243c79a6c5a31e7d15e5463b71cee19ca548757771df543695fa5,485537024
df0d3c6f60085339c0394baa8f1757665b72a8d90f3201f75e77bf2a036061d8,462435027
928ae7cb4220adace328679db536e30f65f7476e98b1192c0f43a1f1c58fa7be,476315024
c95516ea4332f9cc7bc652e923b09a5a2e11e0ca6db6352919aeb6c738f950ab,485542013
0ae269f9cc5d507135847fae9aa4e5bf983badd5900db52741d47be05390f0b5,406155004
1e68a525df9586d4c497ac1cd8f93e52d703305ab5cdca4f58ff8ccd233275d5,438147003
263ef817ca647fdd1097d8c670f2e34a62bfa0c28fc15f3ef15cca8ce9e1e5ab,463601012
83eaf4b4c97daed1b04c91c0e57c75fa168833d0ed93d0cfa982a28a9964bb95,452898029
9708b29a4ea8843d33ec4c5f877b94d6fc4137836a4ade0ca5e8a87cf6d40862,336125003
47c74f26e936c6b5cd8a856b23e1f9313c583c621df62acba1a4e93b98497cc9,463970040
7658a257ec86d1ae2305704d5e9b6a00e4903628f7481918807c780d5225000e,296476008
1a812529f7996aa1c13b07b755ca63caec8c170d43e4553f84bcacef93ecc973,322322010
665588214e4957308a814757e44b90fd2266749f2b9d65b2e1910a5bc0afd9ca,130035001
58b0371e26c9aa6c476189e8441c67567e0527176497ae37956a5ce698aa3617,472320001
626a27669083a256cbfd612f702dd8fe10d48152b16e633f208ad983de68d088,416157011
4d63c57e08f1195cf4c5394b3c423e0dead963daa9c2f6f52b1019e0dbc0ae6c,349669007
3464b63b9442665f7bc75c276c658fca6a7f1efdbe55226f85e92635c4e1f23f,187949028
381b97086ed65385f08b8fbf1b804c8c27550c8930cd14be17a95cb3eea4e54f,485542006
9dedce49045d5cf34319e0f6420972ef36c2e53d811ff77e483b103d81e64912,485683007
c836037f63b897423fe164d9eca81cc555b4a7743fe096f901e708ce796557ab,470636045
c1f4bbf2a71565702fbfe46c9222e112ff3bf4f5fd0d6893d93e58bfa3289d16,466891002
49e11310f8ab406127fb4794c900c1e592a62b04f11ccbef93ab1b24b44d67b9,451402002
9b536601fb70bc22c21bfd1e5e8d244213ea2d44b1aba244bfdd84e476034d16,412707028
1aec3c5ee8cdfcb5dadc6856c2bec3a28c84933fe5e35eefe229175d3a74a68a,272591029
0a45168a9fdde35557e23ab2663ffbd0d565ac380ece7a3b09e7680c2a0f94be,378447034
45ff0a407d225ec1eaf97f8fe0b1e177b48bacce406751d797edbae7b0382367,443860033
88cbdcc74ca199acabc3d5e6d48b7ae7f3d389ba3bc46dbef5053279eec92818,366859017
efe62040142f00f251de0c7f1e02680c9d2d3040f5ffed0b8338fce2d340dd8e,351484014
05ccf3b007ac0bf957740fae0f5061fae0dcbd5d1d3ad505a7bf217f9a44e73b,416511009
576d9a300ff3c3aaba8e250f3785253c05f1f9be60a4955777d12d69dd07e93d,445419015
45d9a537de9000b772c98c7eaf0d4b2333f4056b671cbc2619d29142f274ada7,293433057
6a7f3d598a855dfcaf61bc929c5055a929ff67c8e147f92d9464b81f28573de1,241412037
1513522185243bf6fbc63cd640f6dc2caf3e686ea25872dfbe86dbf0219309a7,316553027
0b92a7714107fbb8fdb997858b874339381008ff06cf1442198d40d6c1e683f5,442992005
e8568d6a2e61023ef298727cca2f8e395cbaec342d792929ff6c06ba884c2ba7,301687016
e7767625f08dcf78af2950a8e6df02dc3a6db3cea809846dd767c48e0eadf77e,476315038
d846c583deaae6dbc626d548416ea4f5f37f8066839cca03f92576f68b8e9d02,256096022
950f7df995b97de9a8efc9c179944ba0bf95a794aeca20ac9e5179c846111e56,452898030
c37feb33bf9fed0dcb1b23e35a1d91d8ec97d2e72a86632d4077ebf412c49b5f,235596002
7822b0e62b327a710c579e511012580259e5dd3640535de4d5b4dbb1bf2f8b00,233091015
24902b58adbfdad373a7077b96180a9931bb7aba7fb503a6463c54b14eb357a8,291338035
05ebd2d8d8d7d9ad68c320946d26b8450757d63debd161a7610ff1a71a7811ad,405887035
671c3beb2f6cbd855b1e116aa54bcff63fa5e115aef560c4bb74d12c27f398b8,399087028
99ff4cac34847bad2c3960e8b65b07f5a7e5bde4a50b5671a3520284e3726420,426013023
3b812354923794711d57866c3889d229edcc629f314046a3801f70f462bfcba4,447596001
d4c6ae07bae2ea1eb6382aae92a1c6d9281d2e14a7d64af2a2737818e21516ad,486186002
404d215daf68e932f47e6226b584132ca0ee8e3ee01f59a9a818b7e016cf40f8,212766045
77a7830c147ecc60d13ace6a3489158a3dd845bb85feed1f7e5dcbce5634794c,399223052
7f28057f8bdc59fa1a51ab10e195dacdc8b17766bf48d9f04c198392b23d87b9,337777013
b0aca8d8034d143737e2456d8610ad3e3f6a76d54e5f24dabd6fe9468c6f2c18,450056007
3e4c3cff005441f58a9641a8f4e38ca6050e772c4b7a9f2ef92448e6e244d5fc,478646002
df1a98ab5d0c4e8f68bb1afd30dbcc02b0f53ac0b8f58795c2151c1fe78e8410,307239010
5879f0585b528937e901555ffe97a1e8d1463080ae8e0e96b6bb133ba340921c,458428046
1acad3ed3245e46d45ae5713c7548b2bd172341f8bdeb97a124c1e76bb6ef43e,345830027
0591ffbce8db0c2bc9463d20d6f1e343f0a2ad2b3b31721138ff3046f13a4af4,480581030
a79ffbe457a0a59b87854c1b8bec6c7595af257275b319a7ccb388240e160f85,331474038
1d204e0be0677298a9326a458b6d89f36ecb584f17e2594a159aa5769e49f174,412964016
8f8e3ae2c47e9df11af37ac7e9f8ef9564b7a2fb4d3d179d9b5d09d37c2a583b,251510001
2ffcc2d71e62921179fd1183cda4bad43823ae9938c4d6f15f9d1e367a68a448,264984001
1ae3948335af96c11695b7d88dd01edf086a3d0fc5fc1f41a3405789ef044454,410024001
7e2a5b828c12cae07732d47ec002cba301ada0dd01c99eaf426c7141b4f3390b,451744006
80dbe8f23c73e095b2a598d3af8229cbaf37ccf22a2ccfcfa65111d1422ee87b,449555006
f33242cac7bbba0aecfaeba7ac40c5af5e2f752c548c04184710d23c47144f50,308154007
547d9ecb04c023f7f6989371e75af101a40035520e24b64427f0e9bc54c4abdb,480076008
eb10b80aeb1dba98fc9a7e65e7224fb43510954b88bbb1590c38edec3810c53d,479549005
e7be13831b2486934b151c664563028aacfeffddfc50896f42a8edca51cef2d0,458428031
f67845090d9b40a12005291c021c0c6b25574cbf46cb9dfec04b244bb1cefe46,417088006
2e4543b028cd07e224bd08bb1fef988a2c4db3fe1a22e650a273207333880949,118458029
5f16fd7b9269a80bcf5c199923c474c85d4b758bf18b12b7dbdd938a9f37c80b,399223026
9443bfecbfabfdf920362235862d3df1247268d794f11e9f377b87ed2b6a8cde,308158008
71289a88967a755ec72c092392ea2e8bca8bb8cfcbcaf028dbb382907907e633,253448003
48993aefd82abf9787e41edc93678a027ff7287e486648c90286cd1467b7159c,445400013
676b52f2e0f359203841ce8cdb5d92de2d30094d92cf13e744692ca9ed482da9,469039047
e7d57cfb25884cfd51aa3e9357e7e7a21501efd2413236962201b02be0678dfc,387348012
2368effea52464dc50dca47f85db896b43615b74fc0beddc02e602fe3461b779,351484014
adc12a598fb59cb546cae9013a289f905d6454be34613208d7583b2453b2b7aa,375849026
71b32bf78d69eab5d0ec9266782cdae7bbd9d30696b6ca9bed313ecd2813bd79,375585001
e81d428a5b2856a5cd337917dfbd6a75ff081e4abb796247f2b3da7d66f32280,293433047
d40daef20c1f464cd2afa8b9e4f471c67166205a85f35dcabe826c9c9ba3e450,386859019
1b2d1f456eacb91f409b1d490988c26786f9be731661edab6890c73edab2223e,487207005
ec13053c13b4eaebe1d6a40df4594d9b1d0682d1c71e259ee627f844327dd8e4,405636027
c69ae61d87e79fdd3068862aa331f556a81e0f7a6b80a67241c9c2fa36bbe0b5,400901005
1b65d5996ec52f9069958d567118f9fe45ed508f339010bf65a9eada00032768,293433043
59938d911e1d2e9101d52e37ad663b1df7c6a4a9370966c6c2e26297e6f419ad,395730028
e7a9451a4214fd4e733d0879107b976f2eaf01b8a32b050432f81b8208647fbf,319906002
76598edaa4b934a91077742f3d52647d296a6c91426002236f231dab81bfdd64,331474025
86271503100c90a104fccaa738864125af3d35ffa65c5267276f605dc5ff621a,481347003
1062ef0b8ccbc2f7eddc045da996713b4fb986f45575096de63afe548962ac38,485544005
f7ef814497fd27ecae425ee476f8204fd5dadd94f862033fa2fb4a943bd9678b,315497017
030654e7a0c6b286996114368a92fd411cfa5f9d4afcbf4086b512b8b1fe6fd4,188183018
ddfe9e510295e8085ab9c12f85ec4b957db9dc880d0a3070be1489e06af0f62a,360950014
4994727553bedacd258d63e227a30acd0ebab470226bb575ad3352f3b87cbc3c,265071020
1c8e361209fcfae24ede0767726eb5504cc8d1b9ef8ecc6caf5207e203bd099b,356289065
7f5bb6ebd02608ce31aeb41cef0a18537d1ef2c3a84fce57ef6b3b35be8082e5,293433001
28a1386f52afb2bf7d5fbeb7a38fcb42da02919fdffac89286d9dcb50d9964c4,424254005
e5ed607b0790429f0918dd9cc436bf738aade57205437fc390a66af8d787b26b,453745029
3ac7d3cc9a0ac907a2ad793b303167b867e16372021510cd5c750cd858238bcc,462435008
fe410acdf7953f93297e523b229f30d6bea0a203c551a69c99e5650e6ba1e8f1,377277014
2c39c6e73a73bdc1d7f4d0c6df0bd1c4a3f5787b182c77bc9eb6e0a008c27dc5,488016013
4643adeb2d0951eeeffee01dac9b0c16acca5bcf99d6793fe07d14b45d0863d1,307847009
fb09611dec38ca29b3539f5dd2b0b313cc9a43007cd1ff302973f6d41e074387,488544001
2852e1452f8aff12b9b3c224f6f08fca79525c402aafffb695c5bfac809a998c,406724016
fa00abb8232b75e6b613de567bb6a72d350020223e4382acd7e450197253370f,293510013
a945ad2a7bb45c42b9cfd68aae50f4bb1879a40fb4475271bef8be19306a169a,342840001
0659a913fb91c8e0e43def59a3130ac7ad45770186e15917e26796b888f12aa9,426019008
85bf147d900d91e2f86e858c31aed07521460a473f29c3c1b539c7ebb4b56094,327821026
b959103a592b852d2234c9d9123025ca535418b50847feb96d1899d2cbed1481,425217007
da9550a9b95709c99dd740adb2d35d5bd922e4d055395dda15c4529f2e60f323,355072031
2d00a86258b1956b7bb5ae548aae8a0f63c3f63b0166448f76f9dae8fa31147a,452511002
11a2446f65cbf95f87838d38bac684a4d8f4fde108c515dbfd99e59fb3be4604,308158016
7354c5bbc154cc2ecd86792db1ebc30a9954d319357feab5f3c22bc76a128e9e,342034027
5e1aec4f30227baa952c1668cdef6f52ec84e78899fae4ac72c8206cf66d8e24,234421001
0b8cf332ccc27e9918e883958c3de8413706b481e0f953dbefc9eb3f3b8c5157,453585014
5477c4f13268d538ceab0008b7570b527713fcb40dd65a3e261f3fd264c4bdde,475791006
2e0bf9ee4ea1eb4d0ca2ed12f826d3633e6a3a463b8328e88d03d438b77480c5,266168003
e85987a18d3cac719cae19f53a3f943e05f07c805ce84ba44c667185cfe20953,442345019
58195b3e8656ce228e52f747fc53e27736e4a1c7ef0be5a76c17e3bd006369c8,453065026
81fbbf1ccb6a90f06bcd7e865eb86ef130f1284f37fea4c7a615c4de76f9c446,300024047
353627baa8d5d77ba436ceab16f277c3e0fd0a028bb76693db211012e7a2335e,421387025
e8ea50679eae55841d7a90311f13ce349286262bcd62236fcad03b46d2278978,485551014
dbb9182c19910371db229c140134582b10c67de65e443828b28a73d226aafb73,408104001
aa3338af1fc01dbe93e41a95b9fbc5890db5e1cbea7c1ca161332c2d67bf344f,312829007
aee0d35f8906348e9f5d64c92cc3f2c0b55e8c6df4da83a57735447b7c3d48e8,302311024
f048c54fa1daf042354d3eebe0ca4860696e8d0cdd6cdce8c735f29c55cba23d,466381012
268c45617ca98e025aa3deb6ccc98974b5a40d9313fadad74e59dda66b4bcb10,485552010
c69192dd66bb5761793688b6b52df8b027c7bee5faa9be43a5a8d9745d5fa9e3,400296011
f4f6bbab92bbf4a9862adf1c830d923fa5455ea9d096bd53047a2a81b7941d0c,452851016
b8e0f5219f8226d76f41fa4489a4075f31ba4ab6129aca666a7cc93671c76c63,485551014
9dd13dcef63811a3170a39170fe03c7836278a669d21390c6ba3819f6d7c5d41,487053019
4aa97a9dbcc8b2c2b44255486ed0d7ae2dcad55f3c25ea5fc72d0ca7782c3d75,187949030
49cdf7307b6f1ea1f163e3138c8db370c6a2e47641ef9526978f6963f095220d,456163011
66373417f8c04fcb68130fd723ac01ee09058217da2f6a4c8cb1063c5690d010,485052003
76d55bccf2ffe28b38d9b2e3d976c86048520de1d067d9dd2a5d17c418437832,423900057
81d78431552b2c7fbd7a1660786690ec65095da6e3ab8254c327a0d40dd96a33,480581030
aac460a687cba09a445a8e08e4234a2483da715f32c58abf4a00ced5dcf18b44,464297028
2956b1d70bdce1ade1f6753e0f0e63cef6d9645b453ffdc4d4fa19ae60b15d73,447201010
7a0b365d413e55353a2300bbff2d82fce42443ab9a358093b5ce11c9f4534849,474461050
05a1943019cd09350d46e7a622035ebe6c14932853c34d208e5072b26551f844,369796024
7053cbb369afa0140c77daa9c84adce0ecb93d8810856f40d275ab20b1c15850,404864023
ee6753082492bee65894d026276b4cd5d9b311ea8528bd35da64922605f87fbd,331062008
0384f1a2abd76923b5aba3c1614c6a3845f3b5dd585ca782ed537817f57e9db5,466595002
8c8a0e61503219c4928a5ff6cee8321e1efdd257a0f46700f14ef1e79271e9b9,470636064
2719608f328ee9cdfb7fbd3fd323273cddf16b29dc4f63b2032bc8365746fdfa,479823001
00609a1cc562140fa87a6de432bef9c9f0b936b259ad3075eb2a65008df1dbab,467302054
453b1cdfef99d663b32189ff90815ff6c0a460e5115077b0d8ab1b0a848e1284,454128030
59af96fe2caf1d586b61c8c76b3868ff6ab5531a66a024a33a78e2d6d81b2e9c,450604008
47060561355667f0348f5b109209d517a99d3e522db7d3d5c1711e675f5cdb9b,454804012
674e50b94d3b5b44bb0a59b1003e43c04e26cee8c11eea21b351eb3b47cc359e,477507008
c0f4d2e65255c90cfd42ef3ed4d4c5ed88b7498e59505e87fdf25769174ecf21,372628019
9fb409bfb13e5b35d7d8aeeea46b2abf7f3652ea546c97ca1084401ea4445f08,296366034
f87c5915a7a6c2d71a4c059f80d57f1d7bc691db525bacd1ede14f3af333090a,408104001
c4ed5ba048219770b813f60ae96afe3405a68ba08cb29628b00bba78ffd0bcef,249136034
7678f1b2771d7743602fad0402ab7e315062ab61fc876722d83ff24a1664c5b0,395127042
7fac902ee6ef6b917d94281d4fa7b27f3e905c8ad33375525f1091b9832ff2cd,176550021
6df9c2d2cf5d2cb3bcee1bbe121cbb19c498e68891260f7ee47de6c38db32632,237222001
912d870af128c422a7ae9cd3869edf1bee06689d6acbfee92a74e6010417a1be,240670058
e7ae220418940efdecfcd8f9dbcc2c5af2a55ed2c8a967319f924588a8106f65,203595048
d8d7db906c977927997182f7a4d6d0c2f748ea559574c6bb9beadb3c994ce561,153115021
7d259ec67b9e08f2a18a54d5d9c8ed4c8645ba879e47b2869a05be24125f0a9c,485683012
29b26cc415b5271eb0bcafa5eb5ac34f4787d9afe0a55a9ad5136b9f6a471ed8,477163013
1a23eebc051c69f1bf49d261d58b4cbb157a7209b59ca6efaffd7bd2355f4deb,362931025
9bf7b3268586ce2095f9ffb293dab6844a4adfe3672a49ac0ee8a9f6473d066c,449897050
0d83e51a3f7b529e2efeaa84c820d92e11ad3a8f4ed310642c53543223848916,316441024
33614866cc629d2b803846e1b2b223469d3b000792dfdd008bb0effa5de0a59c,326885038
03a3533b8d81b303b6883d985554fe86dea7e32f683bfe4ddfda2a6ea18801cc,485546009
9d615e3c14607a7e548070bf61c0f5f9213be0ec150e500d80b84ab7e6cd82e0,462435013
e1c8b84ad83abcd701afd19636298efa3e1ebdb407e0b02232d40f6456599366,487937005
2d946d71c658b7fee51a47b87968edd6d551890ec76ddb6f21ddc6b96334bdbc,309864011
f8f679fc984e1b6ec307366280892689e1f808f1a2ece7d718f9d92a2fe1a8a1,449192001
541783eae09977ae4d4c30af8b8a4b07ed0da78147207d0cc28ce2d2b6fe22ae,487275019
f34807c798bf641cd440a1c7d63c5efdf5ae7093b84e4cad3ca783849e77d360,453272025
33eb365e83ec3cda93fd2d02853829f0ee796b725ac263750bcef4cf81ec33ae,399201035
d75012335ffdb0c855543bda6550f9090b44aaa62145d9c786682d344a68a208,292453009
a6a978c9ee3288681d5903ba9d7a9ae1c2e12f8bfbff16b1f3906c17e08bcd37,485537028
33b0dd8b145e09ebb758ecd0ec1ed918310a142a9a8de60c7f4cca97ea3cdf90,384654009
77b342e971fbdb5f5c85b0125ee6fee4b050552e5152e1fa3ad9e4c9e75fab24,393772011
9da73684264b5c34549310e06ee3312694977ee80d1120714e9c5a3f9c05770a,269342021
02a02c0969c67adde90ede610a54b365c31187872585eac40590c7327ebd7783,160442007
b0eb45f30a78714a0f2e2010a5868932c394b42484f6e78e6290e040c8bbed25,480574007
e5d3ec1abe4a4e8470efa135650daf9121ffa3aad8a23cfbda99ee5d53ebdf25,372628020
c14fe8a047320bae1bd48af8f366c694bf8e8e2e52a57c7063ad82eb1978e891,405636020
9156e5ba89c48eaf3d19b1ed385d4c12fe00d899a789660e53b7b305c5cf3de0,198714001
b1f5a2ee731d56af3ba88155a3b981b17a0e9b385c6541bd2b3188a572161665,464679014
e014dd6acead6fdba0203a162d271d6608a4287483f7efe311d0918b29ea51df,458428031
b515803ff8d14e84d393446dacc6fb8c8f06d1a162f71ea8b01bef8984525d54,390512011
d163ff37afa3338685aea984475d4d44f94007912348dfa53d6ea52f7085ec6c,485554010
4027b119da4af22535065680bf20c0fceb08eb3350a4e3136ecbdd12e367f617,378135029
e6bc3ba132d96f0565d9b5f1bcbf0f5eaf1e8677c89e9f6934d5f9ca4cd8c102,452898009
771a4e99b783da0b860c45af002015c39b306893e29447e51a31e391c005a662,470636041
e5ecd452268db3501f5fb03823df41b167972988e0821873f1cc08161df014b0,453134009
08b52cec660b307a795ced4d877aa48c0be4a2081e1d464a929db0bb4f4f539c,463970027
81a542117ce42bfac0564999f1bf303dc37a661c38b02fadf96a1af9301fd924,456163060
881a0c3f576d9f4025f615d3b3ff384c7abc27f750dd30c4a6d9b4738dce2470,482660016
d48181dd724264c2b3882fb668f4db9f88e5ad72557bb60ebc037183c1422dca,423900006
0c8b1b7bc5953ee663782b5441a7ada41feb622efc9dcf6ea828887c359715fc,485683007
bca8431a71b36c3219885adc4abb7d38d0c3985d8045a782ef4f9fcf0f2f697f,449897015
2cb23f3fe5d1b78345f1473d4de71e21ac893411f505ec08ad99ff8d70e4dc96,479227010
4b83bcad0cfa03591aebab41f3a5c40c41f39fa8f914cbd336b19d86fc052013,449263041
81b283b91dde7a4b13b55cc071a5af2591cb4a9d8f0deb2595e307a1a3cc32f3,399256005
84db66e5ea83f5e2469c4afae4702a02b3a7068aae9e41657bd1fdca5d78e69a,445400024
18e050002494f9fd67dabf6987e732c1a7314fc8efa5302286871b12a9618428,390469005
81b7985a4c5c496f02a57cb7a9051453c023d3566dd5f5e13264c3e91bb9e397,451380011
cc1612ac9fbb755d0d0948f730a4d233292307f75b072883ac85de9f40f3c373,214844001
2b35ff5946e28ef164c2d5f49db6d394782c8a68f560794e65a5268199d9c847,378135003
6fbb9432e3ccdebf18c187613ceff52d79eb3d5bfc6edf71fe04d035f48bdb11,319906005
19f5713c1ffcb012a8409f8e335b0578558c359e60c2b27c34d9cef6163f4ce3,372860051
fb8c96258c968d86ae9dc19ed26e8b34ec9c0e4029ed84a889a8927f84cdd072,485546025
57afd41e8bc3786129a0959870c713cb1ff0dce74a04cd90dc4f3772ffc989fa,334077001
959236c9adac8eab03b8063b78e5865341c4888a5db381400e69527841210f10,412664020
5ff59d066516f7e1b319010be666643527bcb3a21e015126da6d9f05d644aac3,462435020
a155126ae54f070b32c46e20a1cc5c9af0b3ba7af22e3cacd155ed5bb76c6a2e,399061019
f7c2b4820ebe00d512de7f4089b1dbd476a1dcead5c879a3fadcf5154ecf92de,326885046
869cdd651639ab0da782efa3067c6a3dc31497859e9fec093857747d64f7a359,174057029
66cc1f19c39f81223177dce9e1f12231a4b418340168e2f37362293bd8a010f8,372860043
501d36856483501b9f3f10baf6a2e5dc17f0623274dd4145bbec5f02749f75ba,396135035
f22447a64e65b6fe1eb14f521e453c5f53432c6487d1a27c61897f02c8fa8461,181448104
e103556e2112b9551d6c5158a8052e54c0b6c0cbbb9197b911e8122ac72a987c,266873009
fd58ecd4e371a6f8b9cc8f0872ec7d2704eb82d326b6022623b53253697d5cd3,375248010
ec1db4dba46092da6c77b6346a0a2cce17b8d4734d56f3c56b92e1c2a69269a5,395127011
bcefa803dc6ce4be9b7b265b2adf8e60288acac9a24dc6ce67aaad5665d6adec,464695018
e77d9b981faa77b9bd12b28c00e5c74ad29d9bb02167cc3d1bd66586083806d5,425218024
fb1d688ccf071d97025153a2bb1e00d352789e95b8b1720fbca0690babf09a54,400285006
8812e8fd37054e324abd47e1d7b3bea173175a7ae7dd0029271a8a2cfd424a83,368603035
b1abae252713199e005daa14ba435e1cbd854d90c3aa57c5717775bf2a17ed53,474471022
f68f92a2f4433465244e2c1ebca4ff4ba0e52ee83ed790eb76246c5f667f26fb,475762003
dba574dd891548c9c72f264fe0a5edfdfb9a5373ff990ae6fca9f8a97d89b108,399061007
77884aedf8416404f2a0b5940427bbd702407e7bb8120b5fdd2e81aa7bf8ac95,296366006
1a58e4aa0c4b6ddd5679646338600c0ec55d10813a36ca367f6f454eeaa2a1f4,378447024
29a5773da1accdbebeac55aa80da6863904668e8d009d5ee57dd92c53f43b7ea,352811033
3aaf6bbd5bcd4263e0b107e2e792c72af9bd349f58143e9ce2c57f8e0a02a29e,395127001
287acc214cc627f991f3e6f3ac02ab3e190a3cc2a3bdb562bd9be02ec6da2848,479294003
f89e0e8ce94e65e08e562080af152c5dd1f300609d6c4237a017516827671e2a,351484012
d4174523241db800a6a1a29ed3c6203bb2c016076d803d1b6f16236a2a007e02,369796004
d20d5215208b1d6c76d79b741d037b8945f58e80d6d8eb214b806325d9897f50,186595001
8d485c02c7597c7033c54baa11c2a0c49d07df31aae9bafe315bf0846b38152c,237347040
7de2502e45939e61805c698960dd74205547d15926b6cf18c019d80ea32389b6,488015035
3db0fe84a7ecb76afe21a0afc575d05fbd3a87592cc13df1de2915df71273c82,468591015
c1a4ecb5afcd631b6c83f2079e5fa4ac5cadc8922dbe87768134e7f57517424c,374762001
f6337d6f7b69c5b46511e2757ad84a18914e722b596988ef853ccd1f8c5d733f,378447006
e6b70b5535c48ba458fa2445d80b52f3ed394642adf722b05d4ed8f9b2a5a52c,399256001
64b39b1b2655cfebf2e16e8eff6f7d0e6ed4871c95ff484acab279dbe8b1fd7f,293433024
4e3f0ee81121823f7249968171a622257d9e5ca4f7e01263b303246c35bd3b2a,126589011
2ee381da7886107b2e575cc0ffd352d0a8dba924133cbac37b27879771a90e40,337991001
bbc3ab0812859fdaabb44efce9835be0b88027fc8b949bdddcc609ff3759756a,341782018
039a233e1ac9e61e448b081c0cf50e1492644e3c71da1a01ee42fc504c1e9dfd,319906006
f3e808accbd47309ff867fbccf546f59a521dbba3aea843c9cf61e1dce4189c2,488068001
cb86277759e90afb608c176df919cda85c5859beffff86eb983dd2ad086f48fe,453239045
5dd2ac0cfb21ad63ceeb388e0bfeda2a957e63a1fc8bff73f3bbc66ddb5795a3,488016033
d9dad17f8c363fece2c5421303575801c8ec0f519c5a44276ed614dc45ee6c8a,399136061
8c7317c2f13ce9c177b9f2a2e0f0dfd53ee04003176eead1d21b0ea702ed35a2,354246011
d1fb630e200955096ec32335a9efdbfacd0042c0720057b6751a6956e642cc04,452898018
c6387a8dc10f94806b1800ffb67c01057d0af6c0485c0b0267ec5fd443833b90,368038011
3f6573ec30928ffaca6ce60807a1f07e9e3c99835bccf00ca9e3786f25d7fb46,482733006
034f0c7ca393e5fad0a9d12f71c54e346fb65e9fcb2df69c081eec1e554307a1,485544029
c4cbcd42b123aa6d675b78a1dbce5ea80b186e5a3e629d915895dfc2f12d3064,484205009
4d5749e8187dda20c4dea45a4d6bb21ea0ed73f17074447214df1a8d0bdfdb2c,423900035
800593096f20cf9bf8cd7f05d6f1fd6470ae23c2a676455cb4d9de64ad587cd6,473507003
f4f77933dd6f73153253dcd587ac68c756736913de6907e55915a28f263e5fd1,254303057
59bd3cc15f2b224bb2908bb71cb524389c05b4b70199347be5ebdd4f3a711f9c,324946001
104dddd377a3542da33552b3a65752d03e196b4fdf8f3650974546eb449db0ff,153115019
e4234ad7a29dc186381d95615c563f9298ef77a18a170c4cc3bbb8e99a0e2a6a,310091018
bd2f13cee494523e2b24e34df2b5b85e7137bcb9185e71979906bb9b628c0b52,449570055
b34ca9bda9654241402091afe5858a0a99044d392f062c0bd0d4b23971008f06,485549004
19355620c4243ef359e007fa8caa59954d554b11e8376cd20d195456cd40f7be,486214006
8962a7e20692461c8361c259b21d4dc50df4d2623e63b56f8b27ece76594b0b2,413707001
abff34b9cf9ccdad5e7741bdefddda69e5e9dc84609192c2f185880d0147d2d8,443696021
60735eb04e5e6540a5ef0e6b28f4961a82a9a3efef3da2fbea1361bca5a3b99b,452898029
889e5c3c2fde66be921641732f955a77b6c24d4ac9de1f52c14826c1425d5f9e,398089023
7e6c50d2a20627e490ec1222094732f1188d27b1f7e291f3f6f010e8c1cea266,451380009
bd551ea4a624e3f0a281ac1a74d66ae0d04d38765ab25884984d01e8069a95d2,341129001
3ace4d9b13fde3fd2d4b8c2d0fc0b31198c5b178e5f15fac44b4d0b3600c6241,414577001
ba920eeac0c1d69d8d63bcc47fdeb839f3dbd18b5b7c9881f9eb3bb3fa5a3f08,253176016
fa751fec782ad7d364af25dce33a7467b4d14cc3d1f247040bdb416b5895010c,465619010
5ca59c8ba77d43a0d70ab52f467dc74c4ffe82e1fb090ebca742064901125b42,309864014
39cc08941fd464477af538444ed2c6db96357f4c21c751700b3f8b164830fdc9,384851001
952d2f0bc429c809cf5b2dda3f1fcb27f5788cd3abaa8749245b381c69bc9e5d,337991007
e1e4827d9fe6518166d11b608bb57891e27952cecd385cf9e9d63f2d7fc073a5,395730030
ecddcd20fde2fd1a3e35117a2d53bbb4a0471e6c5ef753a805c74dab30daa2f1,262277026
75d44a218abde399899bee2a62d1a26882c7286fc3c980e4891d21783e13e983,291333012
8046b15b2dc4e19b96bf4c0373875c7ee9a878dc1a4a269b4ab6d0f9db27f728,215589002
6983c8b15ecbf8ba8d69bdf4794869f4d334c3e0183774875c0f86bd1231a422,485973013
1efd27d779fa2a5dde1b77d7913c1df9636b301708af944d46f7205553fb5282,454544010
ce7457eb1041dfdfef9ead82845cc6049d19f773f8636106ae6c72cdc8666149,481912023
f12bc882a97dfa990258ce07056bad85dffb404525dc567d2f1059a762699df9,413911013
940de766a9320137697e9b628c0ec88ac467ce99af72c438612e72da4de5a45f,398074059
7f4404b30421a1a41e71f884a134e9fed97f8014e24a1252d1c26f11e1bacacc,307656023
d529931856d46862e80f0195434809bda18fe816094e0eb939d60047962e7c20,462128028
1a4eaa2c53368cd138b183a5185c46066c46121b0bedef43c6c1586ee5da1775,289834016
2ce1f63368b81b036c951e2124d249876f30e9030377a6e681f4cb1a7d3527bf,377277034
540bce64a7bdbbe2f09359eeab5f7cc8a5572a0939b6fa9bb2ec559e16b50454,440811023
a15b726cdf5c0ec1c5b5841c67ffa98d8b784cc0f8e7b3d2aa7e473756a31205,454804007
2ade6fc31e5cd5d07a4c2cbc83935c6598a9cad5903f590804147f0cde4218a5,355072031
ebf90d4580214e6ec024aa9f855387131341eef5fd0dfcce919b19e96041f463,470789030
fdc71510e7bcb7b4cb2eec3931bc15b4de304fd7820508140f12cca5ae629add,211143021
19b7f29ea14d61989001ff94c5c11f8e4c1e732b9b30bd1b5c9cd4fe97bf02c8,473507002
69bd0d6fd51f42d487525516e76fc8b66ead893ec6197f7e12cc50b36b3a18b8,294008047
21bf6e4aa86f275eaa09a29219ec1326afd12d4e1feaa0f9081d028a3fe1a7d1,316441001
c169a96b9bdac1e8b1c5b91057513aaf6bbea3cebbe01f3d7b5e2413b05c5d9d,389479007
a184947e33e0331650c6f200712eb07da2dc30937a15379bef5e02901605c2d7,311059026
59dd2750e5d805be09cb692b58f2f902ccfdfc28da8732b6184cf2227e2f75d6,257430027
3ad547d760132dc5fa9d69565875c51aba1270e01d216df0b375f6f31c27148d,372860062
0157179e65d9394de74d06dd4558456a016a537c55e216a2236b90ac49101d2e,433414030
487e6084b66bd73a099f613ec3f924f593f18b1bddca87873368b886355c306d,278811011
b9143d6f04f93509e1a127b30dee2ca7fc3091aa84159bab7e821d5f084e862c,217207047
0e9d397b2a217366fae06c7f7ad40ad2fe42721ceb14e2cb19c3e6b30229408b,456245004
5863ac20a3bbfdfce355368e78a814f9da1f3146e32afc383ed3b34aeb500a11,466948004
437785dd833c82032f26d8b3b7dd53938d344df2b549c70b150cc4b67c72f109,483645007
2c4ff81589b8dd304ccd5d7aad33cbc55d5d4f5147c74fd4bc61b499c207797c,487206015
678484e5fe63a7f6f6e419bd5c450908060e633526142c5b958c3d5f68c935fa,218829015
5fc88f7cf7a3409100aef64839df426b1140960f40d0ee24200763425662b622,487050029
0a45168a9fdde35557e23ab2663ffbd0d565ac380ece7a3b09e7680c2a0f94be,485673055
fa39593994e861e8befa858988f08fe115f366bce488db23d1d871cb1c4c68a7,485551008
2b5d14ea938aafbab01716b3d018ace86179e2411c65ca954d9907897c826fc6,407147005
73dbf5213cc4457de4acf27ac3fcc41d5eaeef6fc6d39d6ea14e0eb45b5614a3,458925009
513d5636449a7083111a5685f8a21eb4f3d1b42ab55d1b3e2850c59929861ca3,372628015
f7e071218dfdbb56a40ba819599519fafde10062cf7547e4a509fdc7c94a170a,342840001
f2f23dadbf3acfd088abf57c7cacb88dfc70269d7aa1c091c40813f2354881de,405636022
b7a141d81c529ffa6fc778e47ce60fac2597e5ce130adf5b78dea3dabdbc4fa7,425978006
511de39941fd15cca329d2b24843f4c4c8bf552aa4af9bdde929786211e9d3e0,304778010
77b0f55d9c159ff98834cb30c8038b70785f288ce89824d8f5ff3cb63986435f,462435027
274b1ff88019a80fbaedc634d53fa8acb1aa91678d32cba649e16cc9f0bc7140,450333003
0e9d397b2a217366fae06c7f7ad40ad2fe42721ceb14e2cb19c3e6b30229408b,372860068
75f2f590016df09dc8a8ce527b9231d2596a91e438fe8d0e2ec2e3800477c175,300908004
c884b033c89f8e8607ae0f453d20baae3b56c8156fdf6d6e9d3d778c35258824,464610001
8f98cdefb9ed70bd5b73e67edb23b66550212241f37f7809d0bdd5910337e62e,445400025
830a6dac5039d8aef7ec7a260c2282bce9def644a1f1961f3ea47d677c0ddad2,469658019
071a8ab25ecacadd228005e73df60319a4411f3e0e0c5253927eab1175632240,451720003
32f68e5c2ab1d40a9922ce4121427e862a08132f7ea96809eed1c3b9b4ba131f,477893012
9a9962dee230401d60116e09614058779b3ac46771a2b4275da1f0a632f71839,472064022
a7eb0568aca6575526273a93acde3db64680c6498e931b2b8e1cd98767fd3149,333323019
b76a57571d2e6877909df8c34b4c173bdb2da8a56d119cd2aab29ff01890b5c3,487050001
13510e681901c89034d078ab28c8c507033b80226e0d346dddd052aea6590cf6,448509015
88a8809c008812973eb162647d0f739f7c42a28142662d0abf6eac156d6ba2e7,228257005
cbb6d0e9f4e0e3c5da6b0f4e395fe929c9ba3ee4d63039f19a41dbefa9930d0e,464927017
feb216d65991bbd01c5f198b17ad99909f9c2c889b6460aad294cec00ab3e2b9,454143003
0f842c357ed87118b993838fdab8d0d1ba074729f6535cf39013e842b5828c61,342345025
d85f332b6b67ee39771f8d64010d1cb260611f8ed735a6058ca932867088ddae,108775051
481ab64ec913dca1b3a1e42cd5859901b683b175d329d383a1fde620a33d20b2,487750012
5ddd1ec95346f63705b2f8eda27c63f68d6a2c457c5160cdcc761d54b8366095,403448019
b21cd4527eea1484dff8a0c5810aa4ad27228a7e9a364c8f57ac781b8577487a,290519024
905befaea73ef44a334884afb4918c239490a450ab0755e622e2a2a2dd579976,189691063
2c1a90983888e11518a9d56e331e1ef17f026f190573938190470f1b78220119,471714005
3000f3bf51296c70972004644e85a8e085c434ff70ef0e4cce9a865145c3d90a,341242012
b67575e624d34ea5c3faf4776657e2030ecf734d5a12c561cb0367e657794079,456163070
75d44a218abde399899bee2a62d1a26882c7286fc3c980e4891d21783e13e983,485549019
542cfb7818925f26312d323f3507f0e8bdc6949a3940253d503c85141c8dcc1f,485689017
a762519730021ec544eaae493b060339de0720dd8bf0059bb32f39ed7507b66f,410024007
5f54db6aa151f0642cb6da4294d467260a7104167ea6fe3af2cd516c61e9294c,220365004
5a3279e460ae9fba555cabb777dce3f19a5dc4ed026e5fbd2448e341256f4c27,396135041
91452c9aef69ecb36c703998d63b389d844539cce6b0c30dd973b2cc103da915,464848009
413a9256f81f156db8af579641cac7f1d86575cce3430b637b95bfd6927eb18a,398089001
690a5da82433fc8ba25425c7a4bc9caf8d87991b6d6959ff7fc5629617d5e625,486774001
c8b0b9e7863cb66b5137de2aa0d3cd912636c124f7cc453ef191e9c8bd5427db,327368019
8455d61c6b46e58380653805c1fb46d5927ef3cf903ff9c76ed27d69e68f379d,429313008
dd0ae480e627d1fc612b341949165fa50551ec8c64155c12e0898605d722039f,305775022
5c7cb35be159a421257949a5e23ff5e2a0f0d95bb210f47b9172f04da5fe2e0f,425217008
09d3a7f8b8591b043541fd2cc501e621b6e6de9c5a1b504898fa6653fc77017e,189654001
0e3d13393f0c09069fbd6daa3bae5195b93bd16370b6fe1fe9f2a7360f1a924b,449897001
98e453b119351532b046d7c6894ccafe2c6b140f57f9a11a3f269ed1f936150e,375917006
31a38dc054a6d28b2887d72ae1d350b53091bc13ba7eae8c941c3f16bae04980,471566006
be00dcf7bd858688b75ab9e11c05a3009c58b095872e7a94bd5f40bead6a5d92,465619010
cca2ca1e1aba495c989844a8197369641a039789e2be7ca13dcabf205fadbd39,452516016
e3424431ff274a1db0a754f43bf3731832b796898c9d57a88901a066b0b9a5ae,469271005
1ae3ea37ab3a37d7fd319de0b73856444a7578e5a28b214341e410190b65cd0a,485973002
70ce0c49b7df77235b3001cc155f512516b608a93269fe5439653fb5306347ee,474915001
ebb5c4ba679a9f0fdba54b37f4a2b147d46183c8fc2e19cfd574a4852e18224a,300908010
4820d30e2599148d7a749d8aac4140848cfb012c287d6c0ea26ed63abaa256b1,355072045
6682bc83961690d5926c34088baec9b5911d482640c97ef0adfe1aed538ace8c,478751007
4b773308ca4b095460337e89bcec5c68c8f665b0cde63a48184cd9c80ca262e7,464927021
6b76e69cf0ededa35a89b1c15839f860653f70e9ee63fc6b49979c84be555d8b,375248021
4559796476ae32eced45cf75a40228ca9f414248823aa71dbc13f3aa8aea85e3,406724003
233e015211136aac006a0f4229a2c82b2c5c009993e5b344214883f52dde4465,201219016
32e90def96c4b6de2cb2df11250226e31a5e239e8846e656a2c9b2dc4e14151c,189616007
c798db007a181458897519d729f14f16bff7fb6fadada037a8d0d2b3813b7495,480627012
ae1b2365dc1fb97a0abe1deacbc00f062829b8ec169910fec2e86bd4e256dd6e,478641007
cd2b4c9a1649872a99bc014c7cf80b8aa52f70a55cf2318b2b1ccd7a27e0ca4f,449570062
f8b7621061f959e46a235536f50b8d637f6ceba0f69bc672682b99a0cf434318,475069002
39064187144c16045dbb9c75b5ffbc70e7fcf5533592c1b1890aac45d2221ea4,405636018
aa150e06e235ce460f6312b020ef94688b7da2ba35f20459a2e1c31cfe7f4ca5,413911036
c555156a6064540939ffdb921e8ba803627bc056fe889cfa78c5480be39bd2fd,487205004
335d0c998cab94d164402bf845ee34c81d3e5645f88e9d4d3287f034b0bda298,347983038
296284b962bfcaf6b41b4e48eec423f0eb5b8fa7f3e6d64a0921db368d01b159,365439051
03127595f492083f8647fa7a7fe0ced4fea32ec7ecc7b249d33cdd3787532e8a,471714037
1690c4c0a83d594903d57414531cf158d8127f639e0572928f44c6ab27aa43b5,348330041
4ea4811e12e9639306ef97fd3a9eda89f092a929ddbc6041ce6763298fc76f49,439793010
6d5ff2baba8b704f035c6afa1585a74fdbe5d00f636c6c93b1d46dd62d688043,478549008
481a99c586e729e4009320664577fff93b3949458847f45149b550ddd8871a22,416387001
80c5353c1bd09fb34e371eb521c5f53851397e5677119b79dfeb56a11ce3f710,443262017
a8a0602690ae45907386631d10e7bfd1ace5e72cca8a292daf4cb082d74821fb,485546010
fc2d519aca8770d681f510bde0c8e6c8b45a5c3ba50fd2f3b9772d37cae62f63,356289060
d5361bf5d82ebb697cb7dd9af7687c5d786e4f7864b9a54f1b97ddc5ace13247,408875030
9e913540c55a57772da2b6ee9f92b5f8ed9f58a472a4cd8f0da592910abe1aae,395864064
0a832dd1c3cca2eec29e2bebadf169d14b0e38717fcb6826f6ffe941824bda7c,485542016
b0bf7b7a5b8efcfb301ac2c6fe15293a785371b1ed31cb5a81c9f7888f55cb28,400901004
4e8879525dd499e50d39a47632e5529bd8dd037489b502a94c7ee417ba2f17e5,401044032
bbe8ffd3cce1e5be36e416dc2d232c1b50483d3592a972bfbce74980c4031577,214844004
cde26b12203531783553e55393dd3ca1f3d532c304e0007af9498619cf00ed3f,485973018
f7cf5f5964b1d68df562f500dc37d64702eff550a6b4da9f5da0885deb455d84,487800032
0d36d5b349c6f4df726da279bb6ba083cf62c42b2a4101f9a8af73164d1d9f12,355072004
0f2c38259fff09a8484646370f99a831029e82b20c94ba525a3c702709aae633,466948014
f674e41ccac66129efb5947817457bb0ccffc9912d95ab4e267e07ee53798f7a,318914029
9034f45c55018d81e67d7d1298e4aa2f27b8cc020b47572cde3258b040c47382,316441036
572502a8e30ffb32cd749fa60c0c39a9d375325400ec165eff96ba3bd84b7827,478566050
4147c96efb05dfb1d88fbb9dbe3b672f4e377c0714978431aa0efa3a9278e888,290519014
df6cd87d2c59b105ed6d026df36dc3eda1f35226b5f1262cfc92a26d28096899,485689031
28c55a35d82328c278356d87709e20979017d4bad01454f963de2a84407dea21,485537021
5ffd00f17e6effccd88b49c56c265c4d0150e4a4514e87470ee2923110bfb96b,451243004
0eb4c53ed46718ce3fa4bbf58e9d7cfd3805e1205bb995f7476bb5d168f3ec88,283236027
83392f5724fad3a511d1b5cee08b052bc1b5a2f95fe90fc63b4c9e69d1353ef8,439285002
4fe2f3131051875fad70b64a806867cf33983f4f0c923079674d425c74318670,482207007
ae605befd1f158466b3e9878f2f50b4844d7a8bf3d072b7d0689f9733041491f,118458028
58a51a2d8ca049d60218558fef8fb8f225c4b53b5eff8208d8e55e42d19da15b,309864002
b7e22902222af7171f98a0fe774ac50c7aca0d99185da2ccec5412fa47aee588,387843036
36d51963e6d138eb4eb29290e8b1eab5daa7572ddd34564a9c4f7f106485244f,433252004
6137a3f9571c1f2984aa06dcf3c837ef099662a7f5bbaeb63d1e36318cd35f9a,447694017
e3df5df8293dd9fb2b49515284e02a2172c1066c2f6b2fdce27ab090be1d8835,174057037
6813233240143625981f5b4231ad4e5a36f9ec6e9ee200286b896e891682de76,387843037
52f14af47ec2eb569bcaf593c680fe496893001367b2de662181a5b36cf070cf,401902013
9cd84e88c0521dd864e01fa5acde073d505efb5c7be8f98d4020038f0f59143f,449263003
3598215338ad26b82fc4c54d2bc3d6b1520affe99bb9a587e9aa21659ef5d64f,358483006
e9e2374daa1b86abdc0f9fdcd11494d67e56a3958ad501ffef0b153dad39e479,451243004
d4111c5038b84d05fc7e539719920663165d1b24772dac785f7edd20fe850ac9,464908002
ed210a81f1b79e1e73c1b6f91e14e2a357e36d9edfdedce94326822e584f9788,404864030
9c3d424df6c65d4ce4e99232871cb61902ecd0c5ea319db3c600d58242a7e343,189654046
0bd235001307bc6118c580dbfa02df7808c323ef65c8de0abfaf9cc02f4b04e4,375585023
3c75c45e3146afbd5b94af65f915d7cbab38bde4ce10b2aca56eeb4607f48b58,331474035
af7643b5334b8fd7632dd48e16bf3401f6c864a44ffae8d52fdf6f40e8cd7903,384482010
f0f73bea918f691b87985c1824b2691b0de6aa086ccfd65107761b8f6ae64179,474471003
0b8d1fcf2cb53aa802bce8cf4296447577a78745eb02a55a3709022f44f1bfff,465655024
1e5c2901fe4677a84c5ca76de678df6da97e00fbd7605a91625bae7b933fefbf,342034017
756d927fe055a1cc23c8e6d535acea115b6a69212006876da27be4586c624958,299733007
d93f4b7b9c707c6a6ce343a5d3ed80be7219178dc7b6bbe7106d3f0a9c86118c,349301016
4101a55016f48b464e7dac09142ee7e2ff466c5a3bb83dbe4e56dea842016247,447694015
f7fee35db764b9dccf08ba228fcc114616650a3fd978e778ff121dc110e8961f,482638003
f41e7481b223e6f32d54949b5c36c3584a953b523485047388d3abe5adb97a00,386859029
c235407376ee2bef50c8a470e94f69ab4bea0e7fb25a7bcb4ed03369cb2051d9,475827011
7dcb094a036f979b9c2a25077fe3dd9bd03420be70f2865bf01161e9fd160686,445419001
a7a96bc49c8c3498e8ffdaec9b9ed18b6b4617b401dba42768ad3202bb72b735,296476019
40d072ab3bc78f3720c798c561cf11667f1f46a70551bb751fbf42a5bb43e89b,364297029
75ce42bec533b03b72ece7e27495cac865bc399e3e0f5d9a9e4e0b6ad24b113e,485973034
cb191dee604f4858ab3ae9469bb738a3a5679fffbdcaaf42ee84f43b93f1425f,426019008
d809d5aa78a6b8798da58a725a465cf478e8b0f288dbd2027022e61a4425bbfc,481151010
cbd75f59f380f8150f16c49e62379e8e60f7e0173d86458b822630b55a7a4cc3,425639007
0f29711095a6a276a5e0c30c2f8bf8bbf4bf0ae845938afa6da9d34acd4f79ac,392168018
a3a89129b9d82fe54bb2e2f215c66e01bbbfbe484016c61f269c64b07a9a8d60,217727003
81754df2337f64962e08e77a23552f1130559a590f8052f0f550a96c8a98ad9b,474471012
94068880bb198eb032588bd4cca04b7d35d32e20fd979255f119424f88ccb4cb,453988024
b2b622ad0b7d612bb3132695f7ea79bc3d26f44adafe6214293bf9d8b5d736de,448509018
527f7ca73b73adf6f73b9ac6c31a3ac530d15c1da53a1347b102b5e8bff816e1,293433029
38b27c6ff6d52c664c1fb0ca5de1d57c81316dc2214e380f3d9fea2a6db61349,278038036
74cbdcc93fb5598626a5f141dee4ebbdd7612344bcb2c5712369e0b8310478bb,265071020
5e4944b924b82a6f1de8b29cfd46d071db64864b30d4414e2b43b9a0f324f89b,480920004
8ce8116fa7137ee425dc0de40e377b06d8c645989fd0de55e864b798604a74e1,487205009
8a5c233966d03cfc50726f3ca44b141a5b8d248f49328157c74c83655f314bc9,483290001
0b6f46def0cecfdb34af6bc60c58376bf5dc9cce43ecbc40bc6081da47f21508,220094018
905befaea73ef44a334884afb4918c239490a450ab0755e622e2a2a2dd579976,458543005
66cab2018834550d693b5ca911e0bb8db540fc134e951efb98b625027415c662,359909030
8e4be086173ba75eff0d41de205f04c904c5dc29cb3a9d9a67341a90f5545e13,260736026
6ba314171b33804871fd1597023d79b4ded38f5349df50097121cacf1014ff6e,469039047
08b6baad5514a70d5d06e3e5f0ed9014fa3b6c4b210f8d024b7097f6662aa400,485689024
afbd56217c5d678cd3d1e08fe776d2be9df16e12e392801eb72d1c0edff3c93e,288859018
c66da1a4d5a457f203167ef69356183ad93fbaa3ce5e177bede345efa5934d96,479167002
dcf25de2dbf92e9e85b9e3f6dae079d27de09b87d894faaa3a761ae546854511,381038018
cee1891b4f833f1d1bbc15e73b33f7ea48bc59ebb1b1904fcf45c46b65e5d240,475791036
660f29d69c981a2d55ed93fdf7c3af5d45ff8e865866bd8289e5fa355cf12430,482263001
52a71a004b817cc3f6a3a2b8884d52b0d7ace8d5eee0dd1ca43d5826859ba194,425217008
bc152f52be00021daa21438e8cbd187ec34727d7e02b99c5acc6ba3e695257fa,485542005
3e6fd7d0018d41389f9132e96b2dbed8e3465aa4c0518df1b84c3e8d2f603396,411569002
59db7c71c998654da3f9d23ce89722a7d9fc91f7239e7cf456ced7f4f8b15d11,408045009
4bace594be32598d8a40b1fa4cddb57c7845aba5b9439770c71871e937335feb,452511001
9623e8ce61da62401ad4039489784e87048c4d2bb4648df21e9bc27d4fb1edd4,384654023
9fb409bfb13e5b35d7d8aeeea46b2abf7f3652ea546c97ca1084401ea4445f08,181160009
d26cfedf0b2285b5b801d41005efafce200054b790603cb872127cfd0ecf472e,387426012
5f75ded4fff172b6893bc192675e09d16b1e37e416c0eaeba020a867f5059ddd,454143001
13578b5d75fcfbe4e61c28104008b05cb81d120a566f73a24c7bf9e6cbdcc379,448509029
5ab626255abe1b07c0982d35fb6a8e8e442b6b4038d5f0dc145e10df308aa47c,422106042
1c8f04e2819c3b2a1ab2c58865b4aae0015329852607305b5df9d4b39d700384,445400030
69d5d0dad860a8551cddec275618a78956c04416f432ab56ec601b4204d73ca4,487800049
286978e9e5c959c6f954028aadd6b40432e029b676d855e1dff9fbd28f153298,386399009
18e87a84f5a98f8d8480a9839e5e3a34914ab23e33516d7a88d079f411d110ab,329052020
4c7a7e00cf51b386a9546efd2c3898cd431b0088885dd0bf4b450a14967e79fe,411013010
f9a1fdf333470146660f605939bb143801e5e45f72a4375b1295f4cce075c1f0,293244001
5f8ac7de9994516c1034f9b944b85bf7a89b9b062b533b14164e766fc93949f5,479095001
999442919aeaaee08cde31cd790e8c33df548686e6a306b0c02ce7a97a2bf7eb,481912034
51c8b5722859e2075d27ffa8b743523874fb1c9ab665715aeba8082ad0facff0,474461034
6a7f3d598a855dfcaf61bc929c5055a929ff67c8e147f92d9464b81f28573de1,366859033
2b63f0b9a4781142929504c6b9935c26ea249770ed5dae2fed9c8b20fd91a938,413707022
d645911dbab7c73d1b215a90684ad468ffb956ab2a8b06588e7af7ce2f39d09d,406724025
7f49eee8c5d62d9ea0b536e0ba84e2e693f5a7087521bcc25bb00a643a219b7e,397068015
ef9a093033e4dd660700d99d946a70f1c1fd4451ca7948def6bf3c5b3c4b8311,294008042
926623b7d24705c6870cd8eb2075df66d232d090e0fae87206f20bbf6092e83b,455504002
582e8d6b1a6e4e291785c921e63237dc83ce4e3c9fecb1cfbd91a93e710a7002,462435012
94c4e561edefe113a9354e518e44245f59a713f493d992d6a1c11853fec82045,477893020
b17a234a7e04e1a4e91e85829936f5207ffb53b10bc337ad59fddb8461332951,454128011
eccec1261bcbb132f4df72d0f56061c513d9ba063c8180b658f0513d116cab55,317812011
2e4d9161e9648e8c1bc7ca969825068bef9231cb4761b9417417c6dad7d13734,470111002
f67bc793324c58d356ff17e81db7715473d30db987ee2d5c33e58748f1b82769,426199027
173a75c956c18ae4989136130a8570c95dd8ed2e67a42dc5dce3bdae54b5e1c4,266873006
1faf0a261deb6d52c11014666d37d7d0e1b0dcc65b290ea81a21230379faa735,427114016
d436976d60cf45fa0e947b8aae0fbe7754a4c23cb7a93245e0a3caa11188d55e,469137012
ee4acbdbc3072b41345ae52715e94f44c18270a38dfd26cba7484959e5bcabf8,341782023
f4f6bbab92bbf4a9862adf1c830d923fa5455ea9d096bd53047a2a81b7941d0c,462435007
7303cba4926291f2b30da44efa689b669cfdea1add82c38f760257a2b17ba85f,447664003
4f3d20730eea11b1803e4f52c31cf8202a42926588e99b52d56509cdfa8e8640,450333003
ce89ba89ca1855e1c13aa867cb27254e9a588273e1b6a699a6d3c7d1c0aa2911,386859027
0c8ae0a0603fab2bf360dba6f3c931be18f71458c2b69b191a2487a095ff11fd,203027047
231cef52edd61562a1d57169d4f1452cc79114ca301db500703f824da49f5f93,349301010
9f5a82ad149c43c61192ce8a308ced0f0d70473502a2ce988e5adcd528b7da15,387348023
2d01debd5c4d3102de7332f01e8000918edf6c96fb6a315391d309cbe5943e3a,333323008
60fe1320011eb209a42c6fe8e78d19f11cbfe5dda6971fbf75475f55e58df113,318035009
1cb4a3160af8058627bd12c51b85527d18c2dd68231e23e03224b379865dcab4,341242013
ecb4e3b7aa3dc547677dd2f1a40edac4e62b09c8ba07f7a5758dda503e72c764,265630004
5355cb1688a957252c13fba86a611e0510215f92dc44622dc8b58e4aa2e0a41e,462435019
095a225935ebd4b7fccbafb319eaf11e177c7d06952331502b15b8a3c78a44d4,373506011
f1a1ecb3d0614f9e245d0c3776dc43d54d9223a769f962e8086df948ceff16e6,452898024
34a2b5e923180d92e36c00350276608cafbb9f0a08059d2978a3f9891ecec637,386859053
e5a95b61a3574f9988f15dee987c32bc52d14c44cb58aa1950ee4dff9c76f65a,186372042
365d866c4dcfcdf9c7abe4ccd9a0c3beb8e145db7a952424469b865a82da1eb3,276540021
7f167fffc775872fb9294e8f69f17467961f0c5a8b9a0a057ac037fbf5e48dc3,294895015
1ec8d5045c9b0b499a139a0e12f4c5e261f5ed4cc6d263c71652ed214b5d5a7c,487800002
c12f86a323b313bb078c71963d7456860cca451fe00e9b45777fd7c56d295fd2,398089023
2368effea52464dc50dca47f85db896b43615b74fc0beddc02e602fe3461b779,266875024
7a0b365d413e55353a2300bbff2d82fce42443ab9a358093b5ce11c9f4534849,485539029
c1be1720d556a01880ee0ce0f0f3fd9baee924ddba86ad4283adc623eb112a9a,469562034
fdceb9ba6c2541fd3b138d04db9a8322e91b544970fe5086b0db776d5c85ef8e,194242050
577bc5bfb2a8d280292182def807f6359a477a20c434bf79aeb2421cf7166b9d,453445041
0d7e67467e96aa04eccd364db94dec6abe3b16773bf1012941781d9305525776,378447042
2da18a9026baf2c56283d93e89c656e01fa3c12e34f198801fbd5dee3ac26066,452898029
7e6af8102d25cdcaa058df763bf8e9c7171fe10ceeb9380138da06bf2f2a7f6d,481781006
0d5791cea8ec36e28faa29552c3b188b7735dc02fc17fc6f0c2714a39bbc5577,345830037
4371e590928f4250b62570d8af69b9ef96749daac7c672fff66d61bdeeda5a3a,377277033
454b0419672ef08dbcbfea46bc8813bdc2cc7797b2d787126e6757a5cbb47bfc,487050041
6d5a1950cc2c5ff33b45cff2348252d6db205532c6e57cc1208f3b2f9b078058,380193014
03e0137c07011e066076e19887840fda73e675ee2b096e19ff5c95dcda116b8d,390531007
ea8b0125d7d978295793aaaa5775bf9bcd765a68ac4ce6c28b3cca5460e67204,399256019
c2bdbd9f23898945fd11606424e0b516414333366b7ee51cb5ef08a873c60667,361531002
cd49b9319a4c245df315693c6889854234770ef30c727b68bd4d289eaba5ec03,461327007
cf66b37d22d15d6e93f8846596d203ecac2d79d80e781a9bef7a1ff973209c58,399201042
ea46ee38a67426a6c4b2f661cdae365346de35744ca0e1b259ff5c44fadbba10,453453029
3481ee714ab67e3623ebbbbd532c17f225ae654f5ecef6087d1a19a4332e032a,306847011
32415ecc398f9e3fc4ccd726492bc82df70978e998eaee123e4a1b660cc069c6,355307053
b238294863c989346e24171c60076c60c91e3925a1a50b8e677afb7c05b85991,337777001
e24e955a3205586e78c787d0906bb1c9c25cf1a3d22e09d642b6994cbd6eb52d,477515014
c1b1037d626656ebadbddcb7bf911e04445f42d34e90f4ed97b634b5c7370136,217207047
19d0db7510aa4783a3a4a32bf5356e96e96ae43ba40e15c4d0b514093c9ec8fc,188183012
90381e11dae742013a64d54d7b596c83a9f8d4576a9f7ae2a67e188b88119d63,358483009
082caf669f6e20aa60548e8e781c96a7344483444ef29327676ca24440917623,355569002
1c9d6bf20f212e494910f034448651c7c9c8ddd7dfea59a4e65a6144df21cf87,386463001
ea5d8dc0490cac34d9ae3dc4c4719afcea40411f7f84fd60a8a6f3dbe0fe361d,460363016
521c0e996b3242ee266fb9796efb81727d95a9a9e7d12d17d0eb7d0bc79a488b,458239001
12e3f2f937cb3dac68931df9226c67d6cceb0bac8a53266db5b3cc457ca647a4,332055004
0d17501b09341e1609c66b8762aca222d98e863af07579722674e4de443186dc,278038036
45d9a537de9000b772c98c7eaf0d4b2333f4056b671cbc2619d29142f274ada7,413707014
93f7f4274ca47ed3c93016dc116b2bc5a570fb6c55d944264a486799372d7ef9,401044037
d4c9fe42808a7bf61c5b9c472e934dd55d6a7021713d364bf422bd0ef800f9d8,225784039
ca4f7577c78f87f9a5e44c2753098cc0a8521d8a4af080459d85dbea08d4e30b,351933038
367c5863b64f384a70b7f944e12a05a0f309b2e9dbe83161fcc3e17be0fb7b20,306307002
1b03c527349ad9f87c39133ea646ddd1126eef80166b55e54f49f9449e545fd7,485521001
78e6a842b8e60d9173ecae3676b2a2ccd7df452efb41467631a98b16f1267ce1,272591029
362c97d134016e61ae604cd39d7497a0322789aaa3ce2d44c3b866b2c9690e32,463970044
5c345c36e2f46aad7808d71ddfb4c5bfd7373e963469ec8756ff25c7b7dd21f8,453065010
162557002ce7ae8abe11e271048de5779ba6222cbe7b61ac4bbdb1b2356719a6,470361001
869da731ce34fa221c0f04d048134a2f32ed5b87e84d826632d9f73a24c13bf7,446224019
551ab5a675deb8a344c83332db4e4820372ba5d611cd97f771416a9191d0e470,379360015
43c7b6d082bb38ad84d38bf6f790fa504a3d7f05b04f9d0ac0ed9f1e9ba0d515,462162014
2696e69771b50e6902908647cc915544151554ca38c6935fcd422b191e647831,306307020
f39ab297a8a3d4c34e3bafa1cfdd8ac21ced32b1a01a80d2f2c19e5c6f79a1d0,255396006
a6bd7bbe9a44f0464cb1936547becf8d5dbc4338772a41fb4272d2c3b154c01e,284985037
832a23df3ea35026fb9022ec1128a4318c139672e84246d940b87ffd2499b85c,481151018
8253f97e539d2ec8c574b029ea11b8391cf8deea001c5a499008e37cac1b589d,400342025
2c4ff81589b8dd304ccd5d7aad33cbc55d5d4f5147c74fd4bc61b499c207797c,433414038
7c2703bc23a23f25041b0703df107352b4037f9ce171c36dc9bbeb8708134ee5,483737003
22490e8b0952b9b0d12edbaecdb34c7f3de8ee6faf1b3f14e1ff8948bbc50a7f,457292021
7b15320fa021012d94b5d161a2d1704e758de8841d2387b8cd39eaf03f357590,364297029
d06a29ad65f81c4dcded8eff78d0f8f3465562451d4a034b1aa85d22afe6dcde,311059028
1ede1ef02603511b8cb09bb5f84c52483dc468738e6c30eee27360e7b0e3480a,189955076
1e0dc27b3d6acb77d7dc5a953e52f18a0ca6caa757d83e7ffca99afaadfe6591,482178001
140206abb3bc287e0e9048ba9dfa03c24d780d4432407b2add2fd7895de310d5,449570038
05df6a37552e8b59cdba6d58ece5ba5fd47996537a5de3013d500f7fe329ac0f,485726009
8237bf88954f53c2a006eca355787a97bdc5a5c3219e96fc198e92ca46392f8e,485748001
0ff81aed33add0d2938b7339ee6c9bb8aa0e6da6072b82e15edc35eb82f8f380,296476014
0a94838f3a60c5cb3c00f5cf4a63e668551edc49cfdfc4e4cb2856ffcf40f467,393447013
2a1c03d30571e9203186976b5a9e9c615a0aaf76222a0efdd05ea76b5d38617c,364297017
26211808a3fc47ac41126e66952703522efaee3d43054dc9f595b1e9abb78549,324963035
67614ab65e506edf99d39e14976715ab9115d93fdf7e7219c55b5473d702a409,459428001
195067f63ebf74338c786023a5c57309653ba97f14b898988c4ac66d14cf79ff,478566050
c0b90f9ba7216b555174d3e8e37a0a67f4ab4d0b5a9dfcd62fd7a9de29949501,399223033
4fc00a5508e34dbcce757f18b5da0cd4967de3512b105849a8f8ce83b263c9b6,484760002
0abb28759aa82f930e73dd99b2df835f2173768c95a9a9373df86a273fbf8868,472064019
f8f9021d21e546c73280fb92d63475b9bd27c97696807f131ffefbda4a66f65b,472064018
ae41d5f4ae1a3ec81107ccb68856f6466251515f7c3557c194c93ee4eec42315,379780024
468e1ac84fe3376bce40ab019571bbb9496ef7f0b1a072ef13fb2e4554c74e2f,453065005
49a7dd1d14d804117aad8f7793e2a30943214567add9963b46b1675f67ee1d4a,464363015
e9e0806a29ea359c4cf07e0c010d013b6ac84715fa9c642ef8617a914139e9a8,176209033
db279c4c68673b07a310f70e1d1ab1f9f8472edc35dd65aa417d7b4e05c4d3e8,301656029
66b5b6dc0c84f82eecc7bc103195b6d7d857ecb7af873812f634da7add9d6762,326885032
3308bfdba80384ae3f7b4eb6c90a759d1d30bc36e570264c7c70f69047133008,266168001
a97d760e41c0cad53bbb2c1ae57c735ee44003723343ce804849039054b5a1c9,449175004
ab7c94c6e7df202b0fa34b857990a12c9aa862c1a6a118472dfd32b15fd5344d,451541006
10ea51e2773e649994c0e38579d3906fe952341b0678f987a0218d536cd0498d,487827009
8685ee26258761e64439e5b9188690199026c0d8ee3ff12bdb8a53f926f27f1c,198714006
f8825cb1ea8a2014f8bdfa179c6590f71d3a0b71a58e41b261d8ac112c2553c1,487785002
5adc5591340a46ce4822fde7ed13a983402f0711da7f0783cff9d5c263339a49,464277014
f48e40bdb744da05942d8b924281a2655eaa4deb1679fd3f1d333b79b82186ee,238197030
da72b140cf16f94008b1d6830834a01ac93e5b3a32e47225b657ab2995a6c890,439793008
84bd2f38f87d0b5a06029d07abc38c1bcc3ffdc5f980a50d1b0a2385e33ba9e9,261606016
1dc76acc280cdaf07c395c51053a0148201408f1e9feede9470ede5ddf51a3fa,480581030
e1bbe09449e48336fc27a367a6c49e6fe5cc36fc6582b7f3a9cfaf757df948d2,305775041
02722fa427178b9ca33fdaf1050d1c15472432abd33e0048207701534feb5b20,342434002
416708c44da75a499d36ee704a7a148a3d2b5aa713db919e7d890df1fb0c7200,453445043
7d53ef8a60d55fd63ebf14a2ef441cc9300ad8e7a4985670574d19d9faad6f02,472064012
d58bc23ba226472c6db6032af69e63adeff5bc25d754e51dfc2514d70c12544f,446224043
07844c2a58fc152059c02c62f90cec8097c4902366968ad0cea957062252e758,487050003
f214f50b272ac37bb4c6c723090042a553e143a23f891bdb38c1a886604170fe,466948031
eb8e4df249b1d1c2257166291bb12163d3958b749117c9df56e492ba6f96d415,233091019
66fa67a372ff71bba24308b3650549eb895791545b50a3ef4fc7b3591c467344,470789031
dec8355bdbf777fbd09d0ebae3331e5eef0b6ddc242142916b4f035ec43fef79,390512001
ee9e91f01bc6c760c0b1a2e0b7b016ecfee0fba90fdd5765be436aaf7a581676,451286002
5db9ffa8c1f673ae4fbc1f4e8bf2d1793f81cce1db691ce1a8b46db8bdd10f35,445400008
eab4cd86bd7d84417893f0a92b0a0e1332c7c917dd5171a7ed42de7596ac86f0,397688006
d314701643a59e122b32b492384640434fa618afa70c9a59ef304fc0e4fc5075,249136022
2ce30f36fd18893c20ab9fbc9a4669ab7297d61f1e1eff909c181a973245c622,265069012
08d5c6f7f8b3583393e8551cf5443132468a0b482c38e6b26996172a722426cb,376172006
b801a60064dd0be01e6ce3984cdc5f7632a125886956d3f2b78dc8d05ff45a2f,452898020
aa6c7a278202da66ae023b7b088cf52b12499b8a592568d81a01515634219a28,485726008
15a1e1f7b9f0a064eb7204ec06779d5edf80dce20470a83dc9d41a9dcf79ec5f,240840032
3f82ee9a43275c40809b96c9c1607bc0a11997c84ef1139d8514b8983d79a3cc,488015001
6b90676de1b58cee94b36de3e45ec3fd06c8ec2a93d69ebfb02af50953bba427,487932032
80b3c8a38ad17017fe7d8434e491f5e5d5ed48537ac3b87198ba4cfdc877be0b,301517004
50e4d1ac10bf661b829cf45300167acae7407a8d1503444de2864f395517a615,399061007
226245096bedf66ca3ee593a1478e809c83dc7e3485303c2eae47de120a75e66,386681014
b202ade15088b93e8e5dc0512bb61b80d6965ecbcbf6640c8e9efbd510380e9e,302334003
0b9fba642ddbce1a73bb4387778c8032cdf5e2c3e7fb6ea1225ffe025eb5cf1d,485678055
7edfd9c3c558a16c27feff03012bb4675a5cde246cc8741e897261c8cc943c76,470478003
0dfd804c283ff9b72f438c741cfe6791f668391d27d319d73c8c5c5943ba6214,482207016
51956b3f1ef9dbeeef95c405eb591a30078c97996b31173ec68c73d07bb336f7,337777014
719b15e8078d84628c7d4cf5c32b2f28022b0e9d0a74aa005ddceb8ee84690eb,318066006
103ca43805d50c3684101c67a5fc1531f82872d732d2295ce4249ad4afe7bed2,256511039
af0b62c942c68ad21e2bab7f6dce819bfca59b5abe66f1fd1f4f7338795dcdf1,469137011
5fc98cfb2f3537f16ce4091e64d424dfb9c627247045f397ac1712465f231286,443696013
39feec4ad61f682dddb00dc8f2172ee5dfd8649c4cc2c178606900ab21fd8f0e,307239010
04db9585ba4e6c6bd7ab2f633736fc68035ff1001fedc075d7f22baf62c44098,485746009
bdbfa2c9ae06d98628591d8ddd1370e8b6de6e5536f763fe808b6849509edcbe,237347069
6fa0ab85b689d122305447793b5c0c7ab8c00e840304a1f0f0d6d13bd31da68a,430757001
97d3ff415a37ed7b832e3e9c7093d6aff348519cb78476837c4088cec36cd5d2,480121009
7fd4c5702e9783b10f46b53408eba1cba719512152cc26eefceb61a021b36667,453741002
5333806c1c6d1244424f8166f441870919e9f54a8d772a2822d414c6048bdd03,395658042
e595926576c9bd137e51be01e1496ae9afab6a2fff80aab06d0dcc36a2ab0700,426609042
3e6eaae0affad841379f8483e022fd32495ecef7880acf83a685db91bf85de17,256513038
1eadf21591e07a2cfc919aae279fa149aa39237d1d505a871614e0edeb8e2a13,393447010
b3a6eb393d4106755a32ea195276818a5d09382d350b2d0d5c3f61ebb28fa248,434773001
049ffd6e9bfebb73ed9549b0520903ad6b705971ec0f471dfc1837e0514b7efa,441386001
392d4ed7fe2b4b6bdf61f4ef1b6f9b614ce7c7d8052c606f3338e25ce3c89292,324963007
ccace4c4226bb2925c2d49a6d6661df7f3057fecf1fb5ffe074cc21faef4be01,340546046
e1255b90c2f7e04d5394632c696c1df8ea8cfea23899e6be1041832a30d9438e,266873009
1fdbd1a20560776fe15c0487ef1b6ee7ee492cd91b3a9601901a150905974452,462435020
17b5c3a2d6fe91b485f0f3f0e778468f8dbf11db2719b0609b7ea132cf42686f,315509024
4c016fd7f96d96627eb1cb38b4538bd1d7358ae4ac1448e4b8b9a3ff0f9b7116,325087018
d96600c50c2cfca25c1dc0ff9b1ad42f1e6bc3a8e9af6eea8371584a19575b0a,379963002
92ee7b9e2ae84a21addcd3e6ca0e2f245c328960a299aab0599d9caff144b7b2,312543005
81319ae4e0fb83acf557a3418c9966199ee866aafb5046684332103d186c74de,402389014
31c302746e6b228215d5320c40b29032794b18e20e460409bd79dc919d963c98,377266015
eb9e35e656e9bab3131e67cfcb34fd05dec29685185a933744087250f8475353,485688011
32e0b92532a09ef896bf7a7cb85106a7755839a0fb659f268d5c691e6dfbdd62,453585007
22e6af1db29893dd7c1db55d05894556589205d4894d5ee647e2ab73dc193963,327310001
788ee484d28e4d42a9bf9befa863020eca355980cef0f68db72a1b9e2e7584c5,425639007
c7711721ef429db79dc04a5c07eb1610a00e3d97b18fcb84acc6049394e38eef,338400005
eec676c453aac89c7a6947f6c394db34b61806198e22f2f69ec2879def98617b,212629047
05093b8ac9f0d7654940a04b2a889ef65ddc94d0905bf9f64b419470a9e07e2c,423900021
1e4b08b6f52d06f07f75194d7f982a4ac71df3b7f6ab8df3355862a4199435f5,395127031
3b303c64d74cf5a02909f017a25a6365bf7c67279006eae4516479fb30a1b24b,293244003
a9da1ce9c67bd427e4388464d5d3c75b4648179c3b5d7322b429362036d26098,485241005
e2e868f59fa63949d4913b9bf0770130146dd72ad4b5bad7845ba949acba04ad,218829015
288f48d9075d57367e96ccb8930ec68389373dbe56c8b4439dda6f707c026fa5,372860024
5b921a94e7433c3ae338bec2398dec931d7256eb7242fb13af1a22c33b6d642e,453239037
a66a637ca9e07659084eda0c77a0ee66ae3bfe4914edc4d62866369c811e3b0d,485542025
6d22eb6375ffa15ac1b0dbdb0bebdd1fedb1e5d86c62606ecd6105aa844d002b,485548007
cea47e023fc899c97ce0162696ae3c0bb455a7c46e35796884ad3fc2661ccb6d,373506011
f267f5c704168bceaccfd9e5611421df5cd0b3445611f22eec194d03e33993ce,378135003
99e519b51603de763706aeed20a503d57ca345500b04a2334a240d01858a9ed0,261526010
4fb4a6fc46325497a42f6b1e6db6bfef335a02ce33aea4302b898b520f7a9a84,225784043
cef970ff033b02a005e5a3098c8d811ee80c34e95926d29479ee9b50e6f92b29,395619013
1e5d176b5194f19ee702c2aabf548167927a58900863de4b2404927d6b175b72,482031032
85515ac949d51386f5273d3e72262a14f6949b7bf5fab9f5ddeae6dd2d1d2b21,459617002
3953398846634b772c8c671d9ee43fdbb75c72cc2cedff3c46dbce04cea20fa2,447694008
86d090b2593f80038b2553a52511974bd562c0d5da5facb357a55fee4921290c,347975001
8c23d3c5248bed076ddad999d6d7d78e7553be3423216ab25fe54473c3343fb7,488546012
ce0616f4a8711dbe0e4584beef2c434a596f6866a2807a55eab2937f180c3e53,324375010
107eb0aabc9a19e0c85c67e9a7cdf455c9bd4725a50527cdc029636241dc22fd,375585001
66ebf38b0140c07985ca800bc82f4781cbdcd6deb946e8ece31053de11fa9f2a,377277001
1dde5b2fc72a424f65097fe7436f414c75b7659d5cf0dc06ae2308f8c04d30bf,484538006
9e78417360f6f9070f086ed1b40e55287ff9240e77cd9ca69999134df842602b,395864087
909c555ab1652b5fab84002d368b7192b8afca6bbcbb97f73b9554e41831d573,451019010
920fa076d8e1e553740d3a7c81cdf8d6c3a7f046d79e184bac7754b6642e0e99,369796007
e53496122b98a68f319d988c97d03b34dfed7811c01fac96e89ebf0ea60edddf,481781004
55762d18e7e408915890ebbbd93ac0a120b2e6d0dee267f72f3b15cce255492f,219075017
04902de6a42ca59a6a1875d072df3342c9993668ea9214b0ce186786a066b913,450056005
f9289f6fc2fef10d301d98711a997c8abbc0d2aea6bfc1f39f98d92bcd33ca4a,305931001
96db1ab4b1f4730d4fdb63fea6906596172cbb033b4ccaab7c079726b27efc69,455014020
714c0120a5ab742ec25c6f260a02cf2f6cb7816d1f00a295b8619d77d5c64a05,384851013
3f9365501130c9ea3ce00289d1c38eb71c4f513ff3505bd53d6e7922ef49080f,470167002
bd9659b9687550709b158d95644644b4b3e108bc7b00e2029aded13ad2c66821,359043006
05304640003b36ca4ddbdb0f8cd0a69fd9e950bcf888182f04d57eeede56cbc0,305305010
0926cbf11e02c316f26d4e0a3359226fe3a92464cd549e13b6ff6c8c6d64ccbe,355072045
5016019fcf32c9d199f93aa4177944df97bfd34b83155af68f1f941d1dcd89b4,447694002
5cb6997b49614f8cb9640acd70dc9e2764e203c17ca75fbf77e97c2daaa8fbe4,237222012
01a39571fd15b542ac4832adcd4b80962823ee855a398a466632607ba634e9a3,473497002
03d846993ebe0cef03c8fd8475a960ca78cff866e780556e8c6613ff3e3c0973,426674011
b2c1cf529a1909887781480b76ba30650082ec62f1e8a5516f5ba08db642a3ac,379963002
f68f92a2f4433465244e2c1ebca4ff4ba0e52ee83ed790eb76246c5f667f26fb,405887037
742c9db923b8a84803366ae52548e3af4ad00e5c7ae10342b0231328c208eb27,485549005
2c0bc8e6f01a5cbd771e5b4780851159dd05923c24183c5883ed954d03ba1f68,456163064
d79ebbc41493f719849bddbc76c7f19be09eb2a1619558f2193bb050223a876d,485973039
1fd1b7e03fdf376fe520fe2810846108ba8fa532a4d1ec093d5deb2a149f2541,487800032
15ac3e17d260f13cb72a59518b6d6bebf7d71c114e483e7cbf7269ac21f3fefd,407663007
2f2871d34d18a47a397c5011af351a37f985128a4ff8d7cac9523eef24ad687c,200761029
1e2979185d9d14af8cd25120a75e853e0fe83355b7e175c795b048986d1a938f,468591005
be78c68549d57d2b6c22fbb80518f94a88726addedb2bd9246f0b088bedf3496,327368026
9e5f5f51190c2c9d9d166d831f0fad877b1e7cbd4ff3ead148e1120e3651f678,351933052
9b52fa18d27aeda6865b890e4766dff80f9696bdabccd254fd215846467942f4,487750036
a28443b1f9e921850ccf6ea6e6f3a439a7d46496acc1ed870d346717b2636634,484205004
c494ea29ef3d86d5d8e6c65795b6c7faad213c40b68bbb2f13a7779cda42a031,260736032
c8738f72054d4162f1e182c978f17824adc4162405052fe24f83991360174902,399061011
fdae96a835ef1fcbd0654550725a7c4e703717ac2b36913983241331be2f29ed,443078001
2346d71f3621f797a0b11a35b3cf31464932578e469c4c9796d9bd30e8c9b094,366859023
966de5fe371170471caf5be2b999684438633cecb136e2076d97ff8790546a8a,467302066
cac7609dd6826ebb3efe45748d334c55227a82c2a592d2114168b25119eb3faa,146706005
ba36b8be139a96b3b52cc70e1ccadcce2a57c050a8774fbae526b59b06bfce10,174057032
aeef240a22028b610a094d15bc8075a6d1cca898c6ce21c97963aa2917dff178,244267021
92fe80e08f972dbfac39ac4411cde6148f400e5f386c6060de6ab5cade34c23c,403392017
f7b7a04a1b14221e529a2b5f1404a905a00d0b330ad74afc126d801941fb4e67,310091035
c9b7e7147dddf44426956ac428b32c321049679db15d65dc1c54eaf83ed98342,290519011
e8c3da1afbc8a532df2660e8ae084ee9f862f356482bd217b09e583cb04bfe8a,485539032
1106e95384176f1761ee2f2be478e9c01d8892c22cb4e927680aa824041bf58d,450780008
0702bf31a70b0783e876ae39ea24c0271294e025313df7f87b1b23c68c989d8c,368300022
64c061aecf63ac95941ad190acf668e251adf5ce9fa3f7ec8f8283b6e603c4ea,488012025
2124e12d7a216b4116b7997ff21672010b9c87af34beb63a54f27a51bec7e0df,326885051
9b25b09683315c72287cb791b3296db50f45019534d3fc3f7f9170cd46658a4c,486633001
5c157b2b988378d0c2fa447809a23beacec4e277a7ba91b122e4faa8d55db8b0,393772011
52b1ee637c5335086b4f46c2814c5ccaa4c7e5783f5debf547b1a5c0b77a38c2,484766006
60f97a9860e884e87d3a27363aded4106ac4619c3234b4be0bf18cff4b761ae6,405636031
7be1e04775d2146c4a480a10f2fd99a1418d98e1cd00027dacea45e7c6335d69,380193010
d80c38fc9c7623f0057a86eea863f784991383a16255dfa0701f6c32d90fddf3,474461006
df4d6c1167dfaca03af9f7a359073726ab800ecb373b49174233d52d6347cc1e,453272033
832a50fa04abe6d7128a1ee8b049515b27b38c3c689a80a0eb1dbbd03bcae01c,174057022
ccbe788f30f4b96f09ebd7101e9bef78a1f32f7824a8f543d0466c2bc589fe49,407653002
54c1f9fdb1f5b4602d79c258f1c1fd572e3e1734b8e9b609f5fe54201c853e72,198518020
dd5d56d640243249ae60a3c78185a19d13a287da505bf0fffb76d773f445dafe,453239021
315ae9be6ef236187dca572d1ae24d9fa6c02cb8e507696f55a67568837c86a4,390512001
340fd29fe73759ac7e5da35a2c39e50b437d7bb70664365d6bfd299deb9f61ab,292453014
5df29c219426a456bc0823b5604273624169c6d3c51f8dad153ff74c4828aaa0,316553030
06b360650adc5457958255d1532ac7122046ad1bd26044b5bdb87e480cb1b146,485548020
6ede0b2aa3669eaf33890248cd9cc9d5dee2ecf3ce7a4419d82f9c37f9f6c754,150959011
79d9f7b3807e08bc4c4d0b03ce2f91f39952946068ae2ee06448b2ef28de5b6b,475973006
2c6c4ccac15f0b53c9aecab910c31180f1b7484f74da533c287e17057ee951af,310091014
d8988fbf552c717db89a39d8815438492ff1474e2d638f8405c73cbddad4223c,213691001
94a4e89d4a42730722c49ada39dd370555ed1af48404a20f03d9fc999a4643de,327144031
91c7e6c043dfad273b4dd82930c8b2d4462ad18b76ab0aafc85bf4fef60f26e4,474138009
a00397ff8e2592c818a058cbf25c5dbb2c177b491f1ba97890ca64461f11db1d,111565003
58e544df1cd593ca1f353d3e172fc3bbc0e7e544f52885b31187c2688e036daa,318035018
9808909e29274bd35795b2fd5c2ad10745037ca94d4b8a6c0a8f5f2a6653b620,467297004
afa754e836208bc84c2cd3f35da874efb6c7ecae550fb57967d7783fb6f2b402,453065022
96b57f6f8cfd8d03cab9baece55376c9866509271e6def8336d17f1072d25061,351484042
9219b12ab8753cf410dd678614f8035dec0532bfff2ea0615836927219ded55c,392938032
4a2e962de0c3fb6d6aae3e3ffc2435d79171fa4a1f438a078e5e4339f7037902,293433042
b11db9d02508c8cf7408a79c16136562628dea444b0e04f048761745cf86e6fd,174057029
c97d15c3d1f8fa82395bb76bd3d8c4572b05c36c575cd5853132c9cd6ecb9d0d,421387033
706b96114436017a1cb5a716a66580b127177dabac6533ae54e58084fc7ca708,464454015
46efc0d3a1bbed5cf3b124c90d40ae0ede0afabe07fc2ce9520c666a8850cfde,306307005
0df562cbc55534678ad25f4a78fecf16e844f889c2a8868f2eb79eacff9c0161,423900031
a87cc93e61c3544e8a20439d8a85d300d649619f417f58ceb5c7033eb91c4050,453272051
ca0a94fca49ee736508784c6bd2ae556070e8a888155b861d6ebcfc243298d31,447201008
dd4d3f2cb3a1485bcb6ed46d8d040641baef34650067179a7a79014f0ff79a8f,356289077
cbc043f9f8c04bf4375b31e25879ca563330bc0d64760e4c59e116e8ca5dc0a0,461327018
a0f29bfdb8ac50feba1ed2f1c941731d5ef4603f909374b408c13218e57cbfc3,469271005
4607318c152e3b21de74afa8f7e7bb965dd4bf2437c0f3c22f9b994af10e5827,427114014
7bee89bd5939045d53f2f3041200a9d867a391f443d02b47e71f7b17347d1a31,485683008
8c82d0602572a3dcc73c0461c7dd203bab5f1eac996eb952ffd8ba5444647bcb,451599003
023b48de81f6af9de6bef17e720e3873ce40df3f561c975cfd47eaef5f13d09d,437668014
c1937e63a3b5d59e04ac6140fd080c7b3c63ff3599ca4cd16b25b7aef461f9e5,485546002
ef379edf1d4fc2ca81937452a844e42fe526cee10d6f6797048a5ad7ca29d2c3,337991006
26f4adfd216ae90edd29b2d76d51f708921f9c4db17856f2404ff934ba0d137b,485539027
90eb7ac24642274b64089a93366ebaec4f2c2228509ca2fe0d5096c227cedaf1,485539029
4211a98968117991dd5c98abcf8eb19b71dde29341594488109e44a5cd506398,464908037
4e2018955c6cc5a75932d29bf209f702b660e32022766e32d7ad87efe85f1837,379780040
901f86d249a5632e4d6e26bc8fd238fd5711d093f9b451176fd445ac807dfefe,443696026
f15542bd2619fb21e0626ccb22749b38b9a795209a5cfd28dc0cc5e45b5e6075,446224026
3c1fc174a4b9642c01d36d0dc3ae989cbce3d8fe524b8fe06efc6f9e4a0374ad,484205016
7892de4faac2aa23ad469846fe65555d45c0ff99317920a09d048961ef204b95,310091040
44c77e719856beadf306a14f13503cb97c7a321db90b2156da50dfaf14a070b3,399589022
22aa1dcc89b8cfe6a551ac162fc71ba1dd1aaf316368f6ccbc196d6b98807ee2,307656020
ba673619be9ba4f600e49a17e0b030573c9670f486f53df8530b6cc3dabf5b94,387843041
5510a33463850369ce2c34d7e314fcbfbfef12229f8556f05e5af4db0cddcd39,474471022
9eb14689e16fe7411760c93f0754b4e74c3e9d06f84b2b1ed2474329ef7d93d5,423900030
0fd2ebf4a109851e129cea09e4eaeacdc92eb7b2ab506068b74013250ae0886c,468977001
40343a8a9324a42dcd72a6c2775854176c5f35bbdf9d15c78fc732e52ddf262e,397807002
4e7c0418c1f7459a38dc5b0de52549ea6ff68a2e9c9720c555ce4cf58c584a27,487205013
71ca0d5a74ae943f6f9d2cb0cb473234b58e4d98e1d7f442e0f9f9483024f49f,392168018
32faa3ae6be1411686a07f6198dfc8ca9fa62fdd6017e69a040e9baf93bd3a82,129085027
e4db7ee0e2e75d02c3361be0485a23a5e7c21c1d568cc6b540e6d361b30a1374,339252007
3c1f6eba8e97b21195666385ff8a4b434dffa85d0614665e415ce66d60242528,420387005
5858dfa06edace0269cb335b545ce63d9df6474288c737204721e9096409fa69,368505002
e090b00197132b842ce4f4c13ea5c180fbe8a8b732c713773ce3d61958b85eff,465655010
7310a0fa5c60f310f719deab89b903f80fbec0f6a7900df12d3016acd175eaa0,485689008
a1b0f1317286bc3d242a0df3a0b19621378b8a04009ef52602ec7d777aaaa0ea,466595017
64f48f9e274977d520887156ccd641b79a5bf3fead03f77a639b33e96a105f99,189616016
a92ca62524b04d608cc8016d751049ee30e32e22fc231da03cab119635f65f03,482263001
d7201f8c54c652270354855ae45a9e71f36bc50ee3e565cb6e3a07f376b8f501,358383017
5419b93baea9a389707531004892936b9e53b8779c3a7b345372356badc00866,447201005
c1396d13e933bc886088ed92c704d78101aebf813948663e0116c01f11d9c735,485688023
2e4f1111b1f33950e2db1f11f703928ba6b3fe5152ad533cb94c9bdfee756873,485542038
f2a52550319c87ddd656095a8b5c3c49e639ea05cfb7c43d6733306064c339be,456163030
a2c3684ce535b2e3c8f9002b5496b1764e57356964a9f64e9e4701bb952c7852,466579004
48dbf7fea929b664a96ed4ad63bfa8659ba8417a2379823bd573360818b46f6a,453026001
1b3037f0926887b0d6aa2a3c552b120c2796c8bcffac919c9757300b88ccc5ff,294895011
9714b8850348789f0bd5d0ebc1341ac29234d3bfc9c3499b652a5d355acee714,483082002
1b7e515943116a6debd27af41d5111b14956d72f1680fdd968563d2c62f3085e,453453025
9870f89714bce9802435fc0e066302faf86f8c98bf6093f90ca4722026f421ed,456163048
3b93893f977791eef9e5ea29735d8e00194277c2cabe3f1a02201b7490d95ec5,341782043
7038d7495bbf04e1bdb5e7b216a289dca2bc8cdf9edd1419fc311547b9b2b613,485537022
c9c7279330fff26d049de597dcf2f4795be74514a8d72ac2b6e9245bf631147d,240561001
1d1e9a5ae7724b389ef18336282a5b972546fb570925a90f0000462347f33135,386681014
bfa606482fc7e3dc09c50f09cf847a329f8fefcda616dd59103e1213e9226541,407354008
37b2192954f2106d67c2eb0f818e4df584df6dfe3568a955974646e7b24c6049,237347022
95a6e37d8c706e12cf55d38fa8deacecef97db3ed2c5ca4efac0741143b54d55,145872037
caa84f328f347d9d53b1a3847c2f025440783c4d07520669ca8ef67bd5e7cdbc,270381007
3cab8fee870ef115412997a79c52af6662e525d33a233969fd6ec56032f87bdf,462086004
2315ffd5fb72a24a884049928867ef36a258d9d76c4c0cd4180147f6b9834b67,282832014
983c9932258412c72a1b57ad47cc1a0eaadd9fc8cf66b167c769461c290e30c0,156231001
97e5a145ba73d220abfc559662a79ce9ea7710fd57dced07c616b1535c4e9a00,470636045
f6a56e7b2cc443b67a3cc17ce03b1dcdb4b41253ded902236f73a1dbe41d67d7,220094001
ea1bbf81215d473ef675b903245eb9b9f0063c227bca6c0ee21b734ea8a3b876,304766005
bbd0753ea1894827638da8a748349b28c82186a343ce04595267607fbee8a8a7,461327008
3e6e0b48533d78a99e301581f179f8abaa2de0a4c52cde5c5c644a8408c8d403,485546010
58e36143c57d435ed573a3a3a17585d0e2b35b5f7b23f90866d3c15820e9f746,326885027
e07bbc5c96cf57166c9255c7c16f3a3404383f277b0f3d27ad0fd1962771f176,485544005
17504fbb847ea840ded3d1da5d063a7507608ede7e4a44b8baf102292c23eafe,449263005
22e6325b7de9e240645cd8b2b8dfd55ad417ab57dea184653c06ce6cbbdefef2,485973034
4c6f4658e9e42efff9e82f0a68ce2a783c3123fac02d53fe4f0e7b9e6a43af7c,389388001
90dbe3bfa3b64e88794ddace1a40eb14745ffe265e3655447f3d567a0e87fd40,469562013
0ff294aefaaff136ff2e57117dc119a4e6ffa16381b87e8f35247a3ea81d0b4e,325027016
b3d76dd9429f71e03dbd1d8a11ee46fce4998994e4da0f909d35927b8e92bb8b,252298002
8803f8a409a8e67eb9573c3d9371582c0ec88f49aa8e5483bacba1d32023869d,442915014
32b71711332e68bb2c12dd870e279192edbf7c1ae8abd05006fc5eaa317a76b1,194037001
59d53d2cd6520d792cb8f155e493dae4466afda6191033ffbdf9b0725a4a6d60,478646003
daed157a7dcb4833741cd183404fe42eae098fd20c45abb26f48f3ea54bce9ac,487800028
fe99663e5c6ca087b9243cb7a2212be68d2c8598ed54303b2f2fd7c16d7e53f3,479227020
69a054ddc5801602b13cff64e81a834c0719a038f439eaa9cc0aa153168ff650,219075028
9114bc26d5102323143603cf374a61106e0cc586562029ce37b57967de532b94,408664010
68d58668b348d548484373988dcc3b12f085c94c1ffe67283727f9beb982279c,487937004
b79688f62247f99e4eb9f47be4af91250728e8dc0abdfb086ec08f141ed356e0,305775031
4c2ca14e6162f3a82cf566c6c686f1aaed4817a587a3b205ba23e11c437582a4,308158008
2b128ac86eb425948f7ca07b4411473080d77c8d62179ec750a27a28ce8d95ea,395127013
1a6b35e72d951d4fdb042aebd70c9691d339261a1ff970509596fbbd820d1d45,372860024
d7797ca40793c724fe754a3af9bebbd8676dd7d44c10396459a9343f86f09dc9,378447003
852ecb588078f0cecc1344e8ebbd493372fe5657ea7c02009a0afd243aef3415,451380032
e7d843e440b0b2c52c1c49f7181162a13389e27c87c2d30abdfbbfefcdac4aab,457292012
213362d9433b86445547387fe291bb2a36850216fce4cd551b3bd5a7b3da4a92,468591008
1d54f1b661e412bc1b7f32a351720f6423c9f702a2f10d7ce2d3ec8e9188502a,233672016
7c78a76d7e49c9daef233379f90a3b6c811d0ffe64af9458522586636fc8e684,453745026
2e8d5eb034ce0c597ee52618513780e283ecd2a889019943e8efab654089e130,483101001
f9186b9da724575666c3b52c9346f6f90f45e6967c17368f5ca33b7fc4e9db54,384851001
0c4bed26d668a494eb32f34c2a824a9dc21db3c104635199c700682d899949c2,395864064
c092953d78a8832914fef3f4e46cb2e59e2b841a7874677f56bcf399c0398978,401020001
99533bb38f661b481b9618b4d0db76226a02fbcef6600e40e72c3ba2a337d872,255396024
9021d28be2eb7999bcb24c956e67e2a72d027b9c95505a9b0fb3d688d040c03e,485546024
82bd657d7ad42d0641d43799789b6ed2291e08d57be3f637b8851e7f54af13ea,480059003
a909287077e139590f287649865cd11a4fb800e869359aed4778a8dfc033d456,487275021
327b5d1a7e872e60ab28f3c21c2f9a4663c24bde85ea6d9e303eee7bb5dedfaf,458924013
fcfa433d39bb3a4d94a85574b9ab93f5507cb106ea37a6953b3e8b5a4090aed0,427114016
e620574aa4bc27dc596046c0a4f7beedd3099701cb62ecf7f56a6e1014175ec0,449570057
97d6b907e54e20d247173891604f3040760fc88021947b9e258a5aa04475838b,483290001
bf340f956378c4051a4c75d81360c1689d8b1e0942ed57ede2850d1ba21225cb,243937018
fc0b6c3dcb702b6471d8e6b0137b8459a88223d77a627d784010d876d5abe9b7,449263042
7f40c8568f7a5c7f3edd1d48c979cb5c68b9d8f1d36b0a6b9be5a3fc964e94d1,379360015
4e41f1d4058071224f2fc8c9490b050f5a82cea683be2b369a34ecb6ae425b27,349301022
a6d7ae5cb73bc1cd2dc29079610a6d8bba62b5071ddc12a1093557d269919e45,445400010
7dca6e153b1fc01de7c248180d537f176cafcfe8adc9ef737ef17b3df95196ff,443262016
9f946bdfee8ac0e649cd3a2063fc04b55bce95ea65c73a250882eef196f8f6cc,307656018
2775bdd78b77e7d8bcab5f2cc30c0a7ced3f3d1712974af4221ce0802a147bc8,375849021
74303ec6a09511c0d565953f448f64a07f769033df8f0ae4c8d0ab37491f20fc,487800002
4f3d20730eea11b1803e4f52c31cf8202a42926588e99b52d56509cdfa8e8640,188183010
cdd2903ddd5df3a5ebdad58a234ae2d99c13c179997bf964e766da4efb655ecb,485973032
cf64bee04d65d6f05a475b90fa6b061be6c711f6489c679b0780b42baa83b2a7,287645002
a361142a22eca858f025dc7d7ccf347b0853e68f3c6a9e91b50bd4d97a55772b,266873009
614d678083d46baeebebec51147fe1cdb607fb0604caefd699168d3c4626c51c,416157034
bb96f9da58e0162094aaffe25ea1a385987af281d5214e23a0da595d15f07108,111565003
75ad929702e7f22010347d2af75ce4784b917b86b2adc24cdcf0fc20f3a44601,466948007
73f5e4fafbe66139a8607e0ddde1a2932026084771fcd9ae2818d2ab2be56f27,451243013
ba737deda7d89e0110e4c2fb32f26b4420cc7db7db8d73bf1ea9395933c92663,433414016
61e3355ee9b8c9884a19ba72b6a139c4950ce43d9b8e52da76823c8a216d5c4b,341909045
05cc4be91f345aa0e1dde7de33a394619b19c59da1c1d8f34e0607910ab7e4d3,464927013
1d7ac86286dce5d35891f593cd0512dc401f1be958238fd174913cc3a4b47691,283937023
2c46c797e667868c1ac267ff3ad3a0e1ae690873f3d609f9990070488f6f8cf6,457412049
cf704a2d466cac37ee2e9907dc8b59cd44f60eab7ebf8eeb7265563a9bd15c45,384851019
89ae9974f6d56702292a968ddcbc262b8f7765d158e688efa9fcddcffba67f0b,472320003
bdb1469a55b6dccf9448ebe206906ad98b06751a3186ba298253a678b749dd35,447264005
49cdf7307b6f1ea1f163e3138c8db370c6a2e47641ef9526978f6963f095220d,282832017
ab1a679c56367a6daf47fd5ff79366ddfdaaecc92c35953f2b6818cb6d84f012,224314016
95a80ecccfb0d8cad5214bb34cc2facc13d682dbe7d2ccf90a0615c8c56064e7,212629043
ed64671ed4841100869f5ce26d35c8ebfb581a98804ec2f70fbbc8ab602afdf5,483064002
3b1f78e060e4e9ef28cbc7a8531d1a01c2f5b6608365dff338d8e73982114d4b,269342027
f3baa91b1a2aec266d3c553658197774d3a811c8f124819b6d8133404d26cbee,429313002
80f7035caf69b338d457c2d8539e5664ea16a77d7d67a4b8972aa101246bc802,345830027
5275fe0de6dd5da01f787a78b814465d13254a077273e1abd3129ab95620b936,468480002
87e8c7606d0283cd7927885e1de224bb54b884eeea5f590489de12af30de0101,485539040
8b2981246adbd9b837053602b2664029b6cdd17e5c5644cc01a32ec052e68a27,399223015
8e9a968fb3666a65565a816282e893825db0350090bbc827007801083cf3b512,348330045
c187c144772f4cd883f8032de4ea3f31493057d336a6b40cbd29c23bc4210d55,411413001
88cbdcc74ca199acabc3d5e6d48b7ae7f3d389ba3bc46dbef5053279eec92818,437150001
48031066f404f926266283f8ab9dbee9433139d821427bbd8be7d2cc4ed1ff05,287645029
2d772e74b959ff1fee15765e0a3106cc73153679c77e1637cbc7552799a1d577,296476008
98825b33e9a24e5b3b0f34b9ef22a4d34f80647299bc8b15debd42b90ba7e212,126589012
21ccd7d9a7547c6392132ea175d0f767d01c9465cf654eb33b15786223ad83ed,406724003
95322f65e09e155018a0053c6ee7ad78e88d9219696537d919fd650618d13a56,188183010
6fe7ddee952f9dcefa96d9e9df8944576c9ee8e74473df5d6c9f66e0756749e4,485544034
9fbdfd420dc9f66ab4a8961a2328a0c679f0ce4ffbed9896f7b1aefd9791d8ab,402065038
19ceafda88892e2da94a5bebd7fc3f6627b0516a1d95f4bca9720c166ffd6297,326885053
896cdd634141d08a0735d0015de14b4d80e9b93443dc5311c71454f26dadca6b,486690001
336b1a8eb52ebe778da7499ada8838d50d390748f40da0ad636895cac0fe15b4,189383014
11a825b286e8e6901261d8e43356f178f9a20ec9c8b9fea6445cfd4c3f46b8b6,362997009
00873fc0f81215241785b49518e6758a2c26c0eac4825e7eb048b005a33fc3d6,317348002
0dd21e8354cad847479a2815661b39d5cb5804383acbd4587b36ce4b6267b4f7,484108014
934bd3d75679bb8d15b1f7f83245855ba65e4a0238e9d878fca2a3b7e5d9a835,483290005
daf411738782a0a2d54a6a4b1ba03b501a26d579db6228e9250958fff205c882,487932044
2d9d7f36a735ba788f5bc21c1ce212d2ce8ffb2c67f355b845f9a7a6a3c3d7b2,218829015
96f8b09d11c8130a0720d3c2a034e84ae24cf90bbc2151817a2be0a3395ba1a1,225784040
c6387a8dc10f94806b1800ffb67c01057d0af6c0485c0b0267ec5fd443833b90,487207002
eb77b32dd48a3b392622c36906a91540c4de7a4d6b22f857e7b6f8a13b13bb89,453358011
508dfdbbc8ea2ba27771e731955fd4398d079edbf8e4f3b1a382a9bb51acc271,411565002
eae1ba586b5c7c0b9b4151597437a2c95f5f97b939d4ef34cb1d7a5501eea826,378447041
a8cf43214284500a1e492dddbc23fe48f8fb42cd313f6d10402a4ecc3594d4b2,391032010
bca2587bf9766e8959a603a786d49da1d8138067ad7aa564baca33f80f58d08c,429313025
c34aa15b3a340ac130591f29d7fade49ad72cde38063ee0430b8bd792d13bf25,466948009
4d8c4932bf4d2fa32371b7db0fff5c0677563c65ed39248bb4ef7f3817ff4b03,465655022
410e881cb581f4a2d496eb7786512019db754c06821fb33a39646c80595eb8d5,357792004
aad955bbceafc6e98812fc821dfe304c8cf1a855b24bbcf3410b13e731d56be5,211143023
9f14fce5c05edc71ea4c4492a84b24edc3bde20e8f3ea7178b37a99bcd95ac41,469649004
0835de8beab9b92aef894ac75d006f8936f6412faaccfb5e8f9bf6f5b4b169d9,347983039
9d55c636c9c55d81ae72c0d5c0b975f1cd0a1dd376a41560265ecddb51c0e142,479167004
1be95d6d39e8e51e7c1467cde795fc4e81ea444e7b9a934cee512916272074b7,443860044
8f1df6181d8ecccbba2a9e06d6e88c65e79e5b5f16b8ccb10b9aa3c8d3e945f3,447596001
30949664ff949c8a93b13abf10925fdd3a22cc9b423942baa15f3b1c5218cbc9,478566027
8586230b97e6ec169a28dabf6f75958534b3c2a744d69108161ba4a852fa01de,487932012
a2081fee95290a628fffbeb2caa478bebc5f3c421000e5a88d98f163dc0ba82e,399036013
3b1e2c9bb1a490620f391fb93473700b44e0b52325fb8b59d0533a684b3f2ad6,411758029
83763e14129c378b3782d0c62bbfef8ee6abcd935b28521e253ff77cd4d9c1ab,399036011
e3fa9863d877fc2f2bf0073db76e96ae3941eb3fb46edc6fbb29db39c6abb258,463536001
c86e9bb9e1549bde12c124ae783dee9dc477df674558dcebc8f252e8a92cef39,237347035
81f1c1699de622a4c94c361c24705f84dafb9ed8a8764e884a1605c7ff9d9705,451380026
62c18d0dc7a5d6e5cd6bc4fdb007ee14b9c44251b1e04cf88c5b70fe3c32c2ec,399061028
30574bc3b3f08f196ff33a7558041577a1f6075683398cf4772b574027e2a1b4,243937001
1f1146a4f8277dcba0ecb052e43e577dc0353e0fd790cd6f383fc4b001ba6728,205225001
9de8892353db619dfda6b6ab599f7ee745b36f92d0757ff401acfdfdf2d62282,393993004
9e23bd0420978d1c51c2de2ead051787466aaebe09b0835b91a7aba9c834cfe1,395127042
66f70129b5b94365e49b149ffd97247321fe32e1c5f44e9007be6c0fdb452310,433444021
df82e92ff53071cc45ab1fc036be1b18c967f7e1c296c9d1ed122d67814bee6e,345922011
b9de949ce22204a76af4ad7971a9307dfdab959d9f0bc407b7f9bcd2837481c8,254457034
554c9d81b8ec7e33648dba5bfc44aa1bd263bca01679804a3f02ccec80c19da0,452898031
53e30942fdbde12aeb547f5e7308097ded701a610ee71089fbed039ec77cfb09,405636038
a74b0c9b15b5bc580616401d60109de05d95ee52f2372054248ead9850bacb04,469039033
6a286b3763bd54fc72aa9c1151fe09213c59d545b6612042228656aa8f33c7d0,400296011
be96fff02f70c0f5030f74121197fe7388cd5383c17b2e59c08c206272a82892,442992006
cda1b8d6b1c802df6a996e12d25a9fe402658a8b74af40c8b5b0d9f8f547822d,443078001
43b3a8730d7ce72a7333a22e303727f340870a48f0eaad9a2e6d882378b335c6,453028017
4b7349361b489c5d931cba96abf0ebd1a709f7ec79e1fcb6a6e13c2791885640,487800026
d33bdd35db6f978526220f971ef6aa3a2e1373ed6f0f474a66a08c84be559899,469682008
602a3c1bb63755efef907989ac67e7e2b7afa5557a8662a78371f3f2e05a7816,341242012
a8c93a2c51e2ed7f630736c985568129a7a3902be0cf26b0b04ce3ac54097283,401044019
64f1d3d20a33675a0bff857dbf40694c8b858c9f04caa421126cd6fe0a84238f,485539043
1dd821b996f1a2cd09713c241190d468d4dd6ec5efa51674a0e51382fc4083b4,212629049
264d40d05007edf76d0891c834f38d91c0af5f2f1f933eed6fcefa9c141495ef,477163017
548d75430d3811c3d83805d7d33f9e53423984179ccaf8e20b3019b02ab307bc,399087029
a8238e5d510d6e8f3984159c37b79414cbd348af1d43b700ed9367c0314fa69c,425639003
86eb19909364a551fffcbf60567759dbb122c6d11d8d1df43f38fd43ca78e4b1,487800028
f32d6c7b7fddd64cf7343c8a89591f5f6a59142e2f112624295282d5e8cf6c76,453445037
641ff2d71256d49d278bc4de1e371178c25c2d1161d499ed7b8eca4e70a8aca2,255396024
8b51578052522d62951b06f1eb10e2a667670d0fbc9c5327c628c05c41d2b4ff,482638006
29f1e04885d202efbc0b30a18d46fa580a2efa3573f207fdf8c538be8a7cd667,369796035
4a95b1832d6d951afa64d48d1b38cbf21bd1ce7af7ce6107e21b6734871b628c,417427001
1ca787f98bd3da4bab0f694209e69dc35cfef9769954300e9bf61c445ebe7439,443078003
61e3355ee9b8c9884a19ba72b6a139c4950ce43d9b8e52da76823c8a216d5c4b,487932012
06d489350041c7fbd933a8e748743af4491725fed913b1a77b685b3395dde354,349301001
47965178d46518b999545c32f3c40e17a15cbe182c9c1585be2e91468d4ba1ad,395730035
6852e88c91279b9dbc145bd1b477f41bb44ae981c26f9815500da4c3d5cb9608,485673047
6e0bbc98bf77637b11d2126e9f0595231dd13479e502fa7598312b7d2d595646,318914025
2c63acc77276983b1336b45d06fb1f1daf7048dcb590ed6bb6ce74e92cf3a501,456163034
8fcc2d59caf7d0dba2d51fe0f8275ba8f1ac6c96916c5fc5c2d39a8292e10d6e,296366006
ece3a54c357c29562500fee9b01472fa4458f10e43af370b2c68f8e6aa2baeff,399136034
728cea01798633f42279c95bf5cab63fdd975de5140204f46a8f44fd983cb669,408569005
c417af5c379750c8d52d19b4756d6e2f6874a721b4936539ecd3f39c7419771f,342345019
bcfda9d267acb97d5b96672cb68b924cba30e0aa22a0746a6a14c79dd4da9957,218829014
1d8a39bdff66c85eb5c7878fa6b4907ffc57ec65132a66367e4b26dd4efa410d,464566006
2473a2b6eddd9b9126358e0b77faf3784ef5aaf698f5eb69c89eb8ab443fcc92,399061011
ee0fb46f8f733b6f97ccc4f2e74f334686163d7fde2cfde40640794246096c6d,301213013
024f4d12dedf7f623ccd69f459caff6ee0a7604cdcfb7c4dbd523e5a3d3e96e0,434429007
b81b104c5f8819d1b245da6b790a018a371f1f9e69d40e12d1fa658628069188,477107008
bfe0deb9622c10e7b8143869bf7c8a026ee2bd1bc5e45a7c4539a64c2b96fc10,458543001
1fa3dc78cc88f6ac32e23067fecbe1073ed62a1748b5f34955cf594c763526ae,343973009
af2f591b65dfc382ecfe47cf444ff7eb93499b3f9601e80c85ccf2138fbbf437,469562036
e5f2a9ea3ddc8a6ed8939fa5c7af2721c6061b666da0e07aaf3e128eecb95cde,312829006
55452e21635982533c15afcd53aa01a1937ea2999f74c701289d17f711294dd1,452851033
09cb6c35741dd4859e37b8b8706d0c50a26af3ac2ae1808de47e654e9226395c,433275011
02a8c11977b99c37584553495269855f7564641fa744ae928cdab299e95ce6ec,474461039
6df426170ec8c9fc41662f52a95507c04ecb3f531e0062f60786a588a6dc151a,485542035
462bccfa63cf30ec3afdcc43da0ee9d83d6d5fa5d971cc3e501cd8e175bbe54f,445358012
905f071c8a2d682e03356cf9ccef5d4a8e15b93f45d8f06607dd59de18c519bf,442786006
7a382313c8a99dcc08c7d2358cf43c797ab5a5a33ab52445416441f9854db385,316085002
487d44533bc845d935bf2a443b28898acfacee3df890e0ba9efe2d1ed242e1de,282832014
cf0c1a9b5dfd856f94e1d9f2005216d0fa9c5d42e30fe8169a59de0565a5da92,292453014
088f83aa6a75012411a60f02a4a9193a2c77b07000423cead93d9a7eff3dd3a8,156227002
96a6cc2d763ac5215c0a122b7366323eddfe6efeaf686583b1a9e8277c4f14a5,443262013
16eb0df58a85b0e52dbd1bee4ab2f6fae8fe679524735ce3304dd8c18c4e0fd2,390512006
7710968aeace25d6a38abeb061a3fa613832716530960cac7ef99c3d9187eeb9,487800003
c46528cc7f2080bb51fb6b4ed2e403353443f6504b1a452ed6d8dbbe9df1df73,449263043
edf48d3a4ef3adc7f10b1e53d8359fb8a6bc33d2b8395b1f4d5f25df7be6434e,324502001
6b1a804dccb05ba823545ae6a7a6a2034c3ad2bd9ff6cc221bae4632c78fdc48,252229001
1f2c6cfddb51856a55c10c58b65c6f38824c4053f9bcbde0f4efbeeb6fed0631,485689002
e26f82d80852c232083e0e1276d22436b9078e58627ff28ff50e5e03974df734,315987004
6482459fca3faa698d344af2fb67d47f8e3d7c51ddb6865b625d2f4c42887f4a,387348029
ba71cf98c32c1960a5d9b8bbce7d97f14499dae0c38169f4305b7c453b63acf1,244267021
dbc5b27885910887fb9a07e1bd739a9f9fc5a7d627d58307ad6b427b164e15af,384654004
07e7944c51ffa49948fbab2ab4d5fc093a640004e108d5d7695e273c1b90d3d6,455925004
f1c572ed6cf418d542e69fd107451f4d9324529d5d7d8d644d35733debea370d,403392022
f69e1e648128f982c5a2b0eb85c0d35106fe4a87f4f582dfd5a8c0c113581d3c,443860030
078aa441fc04573d06f765562ec6260b9f0017fc6cc08ebbd93d3c9a7484bf38,355569011
9a0e3c0cb7f2ad8db578a46ce363c361b008a6d2a84c12572899be26432369e8,396135041
c4f5946cce0e440429a7df8d1325f705840e9e63386f0a04c224563fa131b67d,483093001
b6b0884c1979221e7d9b86b55dcfbd0e672c4e02072e66321c4617a0ed7bbf92,454143001
f43213c895b5457ebddb75ac35cbca019a4a65a6f03a2d6ca8261c486aa5a646,160442010
cdb199f52c3eb52ee1570ff6de967007dbfaccb8629abe507b7a75622fa6b92c,270381001
97d6b907e54e20d247173891604f3040760fc88021947b9e258a5aa04475838b,485546025
e7d843e440b0b2c52c1c49f7181162a13389e27c87c2d30abdfbbfefcdac4aab,217727018
6abd572f47e180783c632bb0e711bbcaff8b9165469821f87f727416a00b2a7e,395127030
5338d73f9be2dd0613afa32d87b4bb5d98fdc52b0c2afcc594a99c753adb9106,403448008
f176092a60dd652da2afc7d670a9b2c5291b91616c0ed1b775ab02c35122271b,433414041
ae7e5060f2a443bfdf6c4ec6912254343652d72dfc141f61ccbe5f804e4275c2,342345025
775c94e3b2588e39e1d1f42080aedfb01892a37b0e431fe0591cd84bdc1a981c,118458004
3a22ee936a3afed5cf4edaf1d743955e46ba375525662d9afd1353998c5588ca,467302066
5b5a3277e74a48e66b6e9080ad1a1938f736ad9ec2882a0bff85a318a95db875,424511007
0da22d08c665ec4b7781c14085e36412e8e8a6b067194365c6374dbad91ede90,311059025
46c480f89ebb78c74dc5490d63ef1fe70f408e0586587be8ba56ecc295f81c4a,405636041
95605c5d2bf560917b50ade974343eb364957b14f6a365993b7abcf45b8e3f78,399223059
f5fab81c7409828b7f5618569817620b981565e5f32d83199768473e6438193e,487205004
29a811a3ce459cec96c77e16943780afed59f9ad0f96a17909198cab540942b2,375248028
555168a14010beeff8ef7e7842691f79d0663d3dc7b6612c7eea59b91575c41d,384654022
a09b635d16623ee57e647e42c658edfdeba08e30a21e104b42a3a964b0b63038,453065028
f141f344d382f6ee29e4a8349c0af18422829ce4b996bd8129231e2c2c25203c,404864027
5cd3533bc3b51d4c2da1ebed2c61984cdf9a8a66ed4182707dd357dc46788a3b,484644003
442a8ff5a56af6da3a8aa180310541737a86d317ee080eb124cbe111dd78ada1,325087002
55629cd4504d8a31f15843dd95f0214696dcdaccd1238749c87b46d0af5618e2,304778010
1303a60d3f64d43e3d4ce8d71ca9605f4ac81de03ae624192b4181282c7cd429,400489036
2cd5feb8e3dd476c2068a2f3a41833d5972515e48c54468625bcb8ad38e13f87,269342023
03954898289e439becc36b9fc5afdc6fe7a57575c9ed2426ae1edf93fead9229,453272016
c3efc5a47e56612b1b143c6367fa00e0c6430e3dcecb356cf585c4abf07c5867,391598059
748cc22fcc35c4119f80088e905e6528f9ecdba3006477971c4aec961d3f2774,379780019
be0c864fbe1f2ffc0a1aa52c6533f0be126d8b64e615359c0dae958593414e4f,316085001
984a2ffab5126efbff0b362de8a3f1052053cfc5ecbc4166f0ea7ae00fddc658,345830036
fbcd4b24707cf816f7d4007862c501cb0ab7e3ade714ee6f3b5e4cb47710bb0b,486639012
1da05afcb30fb940c774f1d075e48885a71b0da3708de029ad59e315fe651da8,427114020
14fbb43f9e04b5dc046b993f415bef3427ca451f90acdc9d155cb3ec3186bde2,375248023
36baa575d98cf40dac881edeee32515499d8acfe17995fb24453e45769bae8bc,487050006
157eee38676eebb003bf97407f26e369de192997ab3902c194ce2690f060ff50,488017024
0920ba603115d6b16c3194076fe0cc5a7ca3c5b2b5e58bb08091348b41ca8d33,327821026
92fe80e08f972dbfac39ac4411cde6148f400e5f386c6060de6ab5cade34c23c,362931024
cb04a560cec2bddeee30955331dd91c6a5f33563a7b430f2f38fc49b7a7d66fe,218354001
20c412d6ea735c9b42775dc00801fba08dfafa1603c4286d794ab771eefefde6,468591003
df26dd6d2847d38d2df3973b071fc1a461a485ebf2507ad6c496a803d83356a5,305304020
5cd707cf40b3178d8e0aa2cb4849c2acbd3da0f4a7aa309c5f11dbb1f007127b,453272031
f827e9b022594a59f5d3f02c9acb2deecd7c02d6b8f541fe02613d7f4ebdf6d7,351484014
59ba2cecf884f39d19da19f738738709c0efeaaf8c6928b70d7fc0023f279f5d,423900029
13364ff15c984262a033e11104fd0e713e3dbbb2966457ee6ab343a8b1c8674c,488018002
6d1cddbcb42c3031e991854dee1e7c0dac769c51a004a29c2661eefed2f75bfc,453358011
a3186b05432f5082579696626b1133bff69b5dcf1fd41839e9b7173baa6000a6,347983039
a850ac7d2892464d47849a77099112f0aa607719f77eda9321f06a4318a3a4d7,297067002
2fd40d1ce8f8678aa805d4fb05c4028e28ced9c758c148e06d3859dd5a214c04,433444013
dc408317f478bf27b957acd0195b733ecad31db03018ab7259aeb9fd19841b05,188183022
65532862d18dc6f2589a38bae792f937c9cfa56c6f801cc1350f13e7cbc6f5bb,341782032
0051a1d00ec9a4ff1a2f9aa32a4bb054cc9ba08e80be590aec39391ff3dc56e8,361401005
214a44c36217da5dca146a66b4a658a70be609c0ff9bc7f81acc7c7560775252,306847009
e60d19784274dbc909fbd12318fd11526218548841822736173368749c1d02ee,378447022
7018acbafe02b09585f3a811b3310d2920f012099af2c3578e72d76742f48f66,487800026
d173fff34ddf92ad0429dfffbb1e9326991bbaa0eb4ee4efcdab7089a8549fb7,453028011
b0e11f679a3eeb89f47265b4fd1c0ddf75175ae24127cb24768880fc95d377e6,487207017
8869eccc1f890c7cb48c4c213956c370869251dcbade45c1b22b2c90cf5798e5,453239039
8f44dbca358e4ea88d3fc0547ccb954d714e2f9c3662cb1ac5363427562bc4a8,487050022
9ad748f9787003740cf7d122fd8f96475004f111e5e1c5bf2f2c4007015ab529,350911010
e6acba0899cc44da9c914e942956a46757dad85f95e5b0e199c8775d94131de3,365102032
c70f220f42287bcb17eab95f1e9c06154aab25c59ee33141654ed5301a2863ad,174057022
271b1efaf2cb909d0ee618de1a7117d10022d60e0ff9e0c0c4839dac11d66565,391598061
45d5726892bf82e892d9bc9faf4ae3db02cf03d9b502b8ff90f0818da313ebd9,485544017
a9da44c804a9771bc04889ccfb8dd6efb2f53fc8aa3696ab6ac5fe7ff13add92,449744019
120f480edf390b3465452416e3b87587590ebba6841272f859f3fd7ec26c8019,433444007
b3828078a3daa23d4eac390d62a328762fe1a958d7700402e40f4521329df194,212629035
8c4495c34989ee43816291f32b209d549932b5760060b410e66de138e3c40025,319906005
6bc74bf3547fa7f0cc128d290d44e62a8ca6c072eb8c917c37fd2e656a3a0f3e,450662006
7cc01359cbefc065820ad215cfee18fb3a9bae4477aebb19a505bcc28d2ebab2,462435015
8a6b5a49e4d55f93d57d7be33c3d8760a7085c96336cf257492832d7701c1850,212042070
20a01142aec99e6396cd9e5cf4d6667bce0fcdc5d9c311fb900bf63e724f0341,341242006
31ceac21fe8cac787cb1b07755565190320310be56d09df1c4ea198bcbbcb50b,446224002
064a2c53fc875810c6668ebc5a130dbf9b762811c392ff8e184028be7ace4969,220365007
7e19eeeb97ecdd6aa3537b58aa9465c0b889e801c4f721d1f85e453b82713b0d,348870006
246a2a7f165d53c5f0d30c1e9683da74e2c4d2798d502dddb06a7695b75e6867,454128033
aaf7a4cf881cc71b8cf97cd8e9c88ce300eb4fe2a279de6fd9a6ffdb7afc9354,462435023
387855a0fd14edfd6bec65e8e78255fd0a9dd6921c10fa9e3728b6f090d23eac,479227011
5fd17f9fcf3cefee784501783f7e33125a768055fca20f5c295e76cdee10b9c5,408104022
aeecfe7d4eec9f0b69928f04df45fcc955095d8dbbf5527c06f08a702d74b3e2,453585003
485acfb09f6314d7a5773a1b539d316a860a725eecd63f5566cae254bf604bd6,405887024
43d0ce7837bba0737cf1bba7e04b01edfa030b2d4b277c1167d2995d01c44bef,477507007
9323ade762da3a8debafcfd1ddeef1ca0f3dcad2da6ad9822ab4fa968a107e8a,399201025
00ff637ac0fc881ed8b09088ed68218924f87f4100842dbdaf2d26c138fcbf2e,479294002
80c02aa54c0f1e64ebee8b6f843f1215c212974621bd3d6c8cb3c555e3148c27,453239021
ff3204ed4a71b61f28639e1923f934051126ece967651a8f4bf5d6edb422df1a,487050040
8a844143447b9c2ef5fc3ace0190bf8cbbc7abc010c0d3d2daa1e9d0c597f590,483290001
65532862d18dc6f2589a38bae792f937c9cfa56c6f801cc1350f13e7cbc6f5bb,337777016
e0809691229287fc97fbb3ef20780c811d95389635c73935f7c8e9f3c0710183,349301024
54912151b437214dc1a89034a3ea1fdf11f861e79735ec165b1560472fafeba9,416511016
8477641bf1b79d3035d63c40491e5c6c6517ccf778058a5a234c065dcd0339d3,270375001
a5407695810e86f7e846ede4017a96530fa5120d692bef025e8b9fb932327fcf,212629051
c348de3b37106f2c59ea932ced8b4516497168f78e434225128f1ffa3d880db0,487800005
01c8cb2f730cd7253bd3e290d98823894222b305139631fc0471d8d0b3a4bde9,189616008
664167fc7000a7afef2ffe901ccf4ba77d5e38661a6a8d876d6b941e6118a073,445400027
f148c35c4bb41699e58965db315b9ef4125ee85de1a1b77fd631f96dc87b85b5,309864012
caa84f328f347d9d53b1a3847c2f025440783c4d07520669ca8ef67bd5e7cdbc,441536003
e55f3213fd54c4e0bc5828656985ae811219d1b3fd8e92a96ee310fc770cc03b,487827013
aa5fcbc52223b58c84b93dd4a83313ea6a31357f5c8589ccde510fa8a87a7699,266875022
4634b466e62e38452f2da026236f9ac0977cc4857ef60637a0be378dd8e81cf7,375585024
4804ae88d31178aa8c7b1085fb9349501058b7651b4a528be9820a441c0c5455,427159006
234cb0b25b859e4a2bf43233f319b87a2ac6ab2d85512d143aec03a1c3b65c11,467302053
9c6de50d9db4d91bc16eb5cead82b393537880972e1beaf554c329ddc483b7d1,445419015
44cb71f33f3e41002844166205b07d47d31eea1a3346d20455013ca06dedc230,411569002
f3f5ec138920f70e3812f7bc78b6b0ac8128096f6e4d8317a37d513280fe8a7f,378447042
775c94e3b2588e39e1d1f42080aedfb01892a37b0e431fe0591cd84bdc1a981c,458924001
00751d0e138d5812ea9a7dcc25450ac4a881bb14cb2342010655641006f82b94,390531008
84187d0d0b50303be88485ccd6639538b63d6d01f153b53374358329b17dec5a,429313016
3d788a193770daa56838edcda69f887d53393993a6a1de52ffa696e6c0cb602b,399061026
82e81a9c7988f4d779833c8d09708bf9d4a7951a07df7881d75d1a8e99de7c09,296366034
49a609b421cf59ad6addc1c0eef19b6c217928f875988da7ec57bbdd2ccc2c1c,399061017
60329ba3cba807689ffb5028525e2fa97af294cc0a369388fe1773e7d823e4da,448515019
0659a913fb91c8e0e43def59a3130ac7ad45770186e15917e26796b888f12aa9,456163085
5dd2ac0cfb21ad63ceeb388e0bfeda2a957e63a1fc8bff73f3bbc66ddb5795a3,481145002
502fb87be94495a1f392742b4671ddb93a1db62167aa18a77cb9b6eaa5afd932,469562067
96899696358d354aa9eb62ca970c2c01edbcfc7dc6474649d343c8b4a396902c,405636027
ec6230e1d73cf80bf41d8321e913dc11b0b69f9fd59818697923713b808e4c3a,341129001
71d42b8379aa34931244f41a5fa16c5e498e2080c5b0d3ad29fe54d2b1891dc1,473497002
dafa4f851a3d231e5df5519eb39464d1dd274fcb70dbe9175cc20d7bd2ece75e,401044002
7298410315457f653f8fd636f0c9dc556115ad0c1aba5be30357dffc30f83571,456163015
6d22eb6375ffa15ac1b0dbdb0bebdd1fedb1e5d86c62606ecd6105aa844d002b,283236029
82a7daf7f78d4d462803cf8b232d93e7c994c4d01c2a43f274a572cae64df7ec,474088005
dee9b3958848b6c186b7b54b4708cc9475b69631eab8ec55b8e7aabd1ae1627d,425173001
db81978fd1f92aeb75ff41ea9e5e7e681a3510af48e2c139774af338a5bcd9f6,466948016
c39964d67057372ad717132597d59a37870cea8e87bb6bf0b51d168c4cea87cb,406181002
dc1c58ca39d74705d2b58317589be913f49de6fe75ce743fceb0783bec7023b6,485548002
fb74d9145a49f071a58061b7bdd2bbc3cc798043484544c4a48b5e5d0f300aa6,449570056
2ea2156a2e5c2a36adc920914806502b55173cfeb25f01191d664df621fcb040,416157018
336b1a8eb52ebe778da7499ada8838d50d390748f40da0ad636895cac0fe15b4,416157027
3707f966bc9d19662bce241f2f9047098f6934dd185a8e3c98262166846f8ae5,487722008
a26b0c9bf2d1df5518bdd28456ad3eac07d1e7a9781b471cdccd1af0fb167d70,215337067
40dc1933f59c05a05e9e2e7ae8e1aa7832aa512e49e8222fd8d1d5e26b7ba056,485240010
36e1f277a3b01bc69533e80c9407e378d9c4b212e1ee9d1b60f2bed5c5704886,387348025
0085c4426dd25fdc3c720e3fa4afc1381b8f141bd0b79e28ce8211ccdc7799c9,324963052
ea904e5f5d91b58f64d5ccea9ca46c6afeee51d5323555e0098d1c777730a0e7,421387036
3a04ba39a942b1d8edf76ae48876cd4c418fe3b1bf3ee4c4368fcda891a2d31b,487052011
76d24dfc01471d8f1f91271171dd399697c0e7d42aa058de8b6aac899c590e0e,234622003
71842f37d39c48ce3f02137a0898a91d891f1082f5b76d712fb9f7fdc7bff400,456032017
68b76c1d1314e8a67f032fafca45b893743d1097caf65084f48c0ce1c0101978,487800029
a00b9e5de940f6d1f9544689644f09cdc251144ba3c3f34d0e09e01111e60add,464332001
c0f2490ea2570fdfb35b5b1e2628f1625b53644894c4eab24720feea355e19d5,470636061
288bb328478676bb624af1021947746766b1cba55771777d8d22ad9f1f46edda,395730020
bfaeb8105ab8441a59a7cd3eac2cfe7235a74a3ef551febbefc5fd8d533d54d1,338016003
7da06e11fbe2c4fec058183226a1a30a73dc6b411e730f991a59a665eda0fffb,453239043
2cabce11c8d3e2cad3d33bb11af89dec52a4fcd5cc929a066b7ed4b3b8af4117,425173001
be78c68549d57d2b6c22fbb80518f94a88726addedb2bd9246f0b088bedf3496,321249007
8046b15b2dc4e19b96bf4c0373875c7ee9a878dc1a4a269b4ab6d0f9db27f728,346539017
3918fc58c661c2c258dce0399a48f683375871aa90b74e764e8463706a2c8867,349301001
3db8106c231916ed5e29cfe14a121b8628563434575431e1f8c25b293a8a298e,459428001
1b8e0ea28df34063d828a671dc54be013da3d4c84257529cef06f6d80170a807,479167005
d0b97b54518b123e3bb2c6e027a5a8da0f9aa1c337e50b4472b2dc63e44e0dcb,145872037
9443bfecbfabfdf920362235862d3df1247268d794f11e9f377b87ed2b6a8cde,408569010
2cb5c13377f208e886d048ea323460811ca2a24f7a9bfd152ddf51409ba21f8c,378447021
62217633f968f90010c796111538474fe4fd230b1206e80b619357735943fadc,451294002
c7443af2e9b6ce34de3de441b4fa370208f3f7ace2087cfee5b5c130d72739d2,349301016
3978b923501260f884ef7c634d9f3cd794148dcdf4ab7946278ecff29fd9940d,146721002
65d79cdc2d67179cdb9bcdaf8e11ab2ad6c0ebae153ddf17d169a2b3b52a5698,292551001
0102139e1625a8ec251452694d070f1b37d8ecf58852fd18da5c839de0a26e51,296471025
3d49a9b98caf67105c192c7ea388084306eaa40ab87426fbe1d945e1d32c4061,309864016
80c5353c1bd09fb34e371eb521c5f53851397e5677119b79dfeb56a11ce3f710,405676023
ee1cdb23b0c46ea0adc71ec4fd3c5903e81ac6f3a48ad964efdc2553872fa75a,423539001
224bb6011214a456e83686c9afa94e99643cb65e274e8cae6b95967b5bad11d1,351484037
b25aeede98e4d3720626973d2ae57e6ea0a9218ccde5d9b4a7a1ad1404c00b1d,408647009
68eca9dcbe27fd753275f68b18d8a82757d19804bcdcfd9df1e68b0827ba0ab2,475827011
12866b8615cda98b1221fb60f917dedda9f8b6ff90bd6ad0675f4f1b28f3948f,476959002
379339a8f2f68a580a7ea3273f855cb11f6908922be317ae7df896512cc12e64,378135030
6efc93650669dc92ee31b13ba412a00dcfffbe5cf13f2c8f9f4e4d40274000cb,390512010
b5521067cb5be133e085f42193bb0b9a33c40b375ecfc8592232dbf71a4e62d7,464277017
21ccd7d9a7547c6392132ea175d0f767d01c9465cf654eb33b15786223ad83ed,366686018
db5a82e4897ce668df7604db8abcb36a7d6f8efae060faf944bb43716640f006,481781009
86cdf67802082fcb46381347d2fd1bc95f7c21691c22717ca2cff2cff2eb52d1,485689001
0b51100981adbdce5b473b440d1586ba0597ec33298ffedafd7a8f75b5e58c72,487050016
52feeb21adce1644c1b266ba95a08654a07344ca63aff3e4cd18a72e7ad8ed53,458239022
6b6c87502ff7f36b8fc3ddea6738bd9ebc6e822e8115dd3d498da29d4cd9b6db,367376002
5b988283ee3870b11dfa1e0c983bfab246c78458685f7e2ca6f36723437dd124,453445034
a00162b598b28b0eb10461a8d7e3539b5c8808f08f5ceb288ee18992989b5b82,413911015
00228762ecff5b8d1ea6a2e52b96dafa198febddbc3bf350eb611f28e61ea6ce,392269012
a102356c1c08627aa48cb2c91af966ffa3da18c9dd32aadd6a45723b3513d072,449263042
5942047004182bb5f9ddc8f9df20b20afea7b74bed16ed4b04933c6d79d926bd,487205015
963b7616d9b40d70076d1e40000145ffd76c120277ebe5beef0b809f4729bb53,337777014
422db1e0c27d09271c41a0282050c054d966170a7fb477d6f654609b823fc914,405636014
f29152015300b33629ca005ac765a65945a8048db8a63ec90419f8e96ca8f937,355062004
fa3f4b17f7c209f0e2ed3cc71aba51a986419b4906ffce13e4dd14f5dd4124eb,399256036
ddc3611399d105173d151551d325e3d1a7bed053493b3eb3080ef92caae41fda,482211002
c0e09e1fa3d0be646db9bbf6c8271c8aceb09a0dd57aa9a0de84306c786c5995,482818007
3bf96200e742d87484923acaec26bd4df153500e5e41c3d6d8909811ac4b5a51,477507006
8c15f152d30f8c3df08970b8ef77a7caafb84b284e6cb0fa0e27a2b5b6e31af9,181448105
0c2a99281c3bcaaa760f45a6656527e3e787d4dd1d0005b6ad777c80fcd4dc20,189634031
96edd70b545aebe3da7b4b6552ffe205f0b1d65c453290f581ca8d4b4bb1136a,464679003
d29fe84243da306404f65491b7332de657dcb4d484e5c4a0410616333bef3af4,465655024
0a6fca360823d35b52e9c890f39f039e60d7cb0c79fa4d733ff0dc6abaded6f3,453065040
c0068a4f646e8d91e6b0d94fc5c0752f4f15954b96930bf3c9763a4841d1b5e6,296471021
fe5eccf81abccd5994a993b3d3897bf0bc222884de4c78f87fc31cf08a4d7cc1,252298015
42b89a9751db93817e6b91af22528b30d3602127d3674eab3b29ce96b68a4a42,436083001
3f522367bcc0f339117519590ae8438cc1a1a479a581ecb43e491b1785832d4d,254457031
06d08559fd4275bab0628f47888cbb05233a4f3994d69ce4f87ed61befc2a1b1,220094020
168e872735aaeb36e92f04825d5b0decd6dc28125a18452e1258af4926738d27,386859044
bbc66bdea98ecd3eeed2d8bd263468f372b43c778bc608dee131389656ca0315,487932038
0a8844bf96361520e1bd7c18171c21cf972c613ddddc2aeb5693b894c0a89196,487050037
5569889c89564a79c59ed36b298ddb218b15ab106c77654cfd5acd8444d7b594,277738011
5a3a9aa9ddab1507d8b526a60c1360865b0b757103781f8a54eb20f04bf1fdd4,429313016
63d6cb13bf6ae8b02e60b978adf6d9d74a2a2869d70df5f167c63cb12aa438cf,488369002
d5cb202929e0bc289580d168732a0a13cd4bc2c026ba49706cbc10404af08429,453358001
cd6e3ddd8a070deddc9c9fe23d78078489b40fc93c0c421a5849ea68b42a070f,443262018
796df6105d326c923fe5188ada61cd3ec22b29a3f81177d0f4f94542b43ebe50,463601008
c2ffb53cb0dabb80da526b0a8b0a60bb59a6b6b6aaf9d886bc03cbfbb28299c1,322322014
eb7edabd87954fbec628e2fadc42adf5cf41148b813eeca53b9ee71bd77ca5fb,399201026
2209fe6fc359c2c9f7742d88a70324b6cb5513355740f3b7ebd8bdce4c25deac,456834015
f148c35c4bb41699e58965db315b9ef4125ee85de1a1b77fd631f96dc87b85b5,487800001
033728776cb0f20a60062557a9942c03912b141396b8ddc46de3a7c3d73b454c,472065002
a04d9683b923cb2fc9091b6d64b73f0dbff594ae616fae2e02e1d6f8bb8bb861,476122001
3940be8dd29a65c32e19ff7ae741bb5eea974f2835a311d5357e1b9f8b4dac8a,347983037
4f7eaf277ad380826d58e2038463c21accf8ae190c0b3df9bfd323332a762887,228257002
3c575d5a9ee3f1dccac365ac7b09c2a469f0999f222644f91d0c74b1dc298c88,484205010
f8bc1b58af4b9ffced9e2edca438b885cfddf8a9ece716e751dc6fdc3658cc4c,283236029
222a853c6e9bf88be0509d59396539a029151ab193af6ce95b3150a0c0d5a4ad,341242026
7db61bf21738ddca6eeafba2febe013437e267b28e51a89001503b78a62957f7,487052014
c83305df04e5b05cbdb360294473c47d6007c2cf0a40e68d0396b5ae81605522,262277011
4078dba89965009abc391747e8c8f5cda3e376c2a309eb297f6c2730b871c562,384654021
e6619dd1433db1214a55a274eb6ba181f03f02d91c49de4a81119442f2d7372d,486774001
1c8eee4f3a6032cb63791a7fd7954b173f76247aef6bf3490198dd7b4c3cb35b,480076008
66e99d39970f6f29678f03f162ff25bce4f20ccbfad697259a5e68ca76ff5cbd,268305008
11e77c46927cf12dabfa16137a4f17cfb5a2318e3aa872f4cf5a39ec6741e127,277738012
8e4df4888333b9dfce38c4e6070544a4ab9caefb378126ec343dd57f4df1e4fd,487800037
5d0e889082b86bbb14e20c2a54e94338612a296440b96d2e1878de30a710896c,481912017
48a7dd7f9a39c52370c1f881df699dab365e59b0119b6274cce5acd72f43d0aa,187949031
6368a039312b2c10986e87457775bb3b33ea5a459d48fd2131ea629a01cc7dc3,453065022
e3ee412bcfbc1ecbddd84f0d10d7edc9b2ef792e81870f7c5303890845c78359,483101001
05a687fde6b765212bf2fbbc798552503f105a3d2be6c14cb0c6781bc8d5e032,356174004
04b6034da22ee8cefcd1b73d337f247b9eebfb84668fa76b1ccb96f22c8075fe,405636011
5bff136e7a52948d8304f78a17c57518fe1ceb3a1347259d7449f44701cf2311,483082002
d433090ce28f2d62647e06367ce44242ea8885f21b0ea71f17523252dd101ade,426609038
156ce3cbbe9036cea00c0d7b99b49f9006e38a788145d214bbe756678ed56f78,422393004
7a3ba3cec9d22ab8ac9dbd3d02e0523d2435f034a0dc8c56157c388893900f87,468345021
0dfd804c283ff9b72f438c741cfe6791f668391d27d319d73c8c5c5943ba6214,375585027
8854293103d4ef9b8c6ae48083924aa58915d8dd1703f202e88bce39d2673cff,350911007
e5eee20f7276ede09cf82e801a44b7b2fd72a2be07b6608f6d6a3660b16e5183,325542015
22c30b1e549fa0f216d48301df8094badb1771cd8f7885714132a0ae1cc82077,120129025
2e3432b676924fe80aec6bf8fcebb91c1d4db65a3ee70f940b11c2046015506d,265069014
be18aa592a0aa74513077505973bef755c6fa10662138741c88fce7ca1d9fe67,486639003
827f727b5dc7a18f980eb1a1c3e196dd9b76ad32c0025465a9001cde74c992db,399223032
b72eb4cab47de12d44d768407054e44edc2cc351882e9b95e647cb7982f39b09,454544001
4ebbe701d29de500d7cc58639ab3c98fb1ca11d1ffe4267954328d734078b7b7,443262012
9790066e23ea335ab8d1453198ab23d9f034a59f570956537a92e70377fe329a,341129001
3c888486eec2e82e0d08ebf7421f7d28d9876e33a68c21f1c46bb66d597eebfb,485553004
f63528a76b5b19ad31c2322327f75b42d84510861b85fe6037c35d38232486b0,327821026
c121c304c3bbdc24aa23e5f759c26d06b0f62f5e87edb9026b28c5b51ddaffab,487050027
513037489e23bc1c3533307f820ad8c8d556ea3552833d6b55fd92c00402b5f0,324502008
6aa7a599346c227efddec0c9f3220fba6258b54a699f9014c021961ddd414896,283236034
9cc18e80e91a18ce8eabdba55b3935df49c7b6e8f120254feec6f90552521b05,487050030
aaee45e0c53e94ef0ddccedcc15b21887d9d79e7ccea43517f6032cdaadf9c88,430157001
b0f4f4ef40c1c4de6a99522d369159b1effdb9db7000f60ab859e65695d89710,476122001
dc86edfb23f7efc68e0fa3fc45d34bea1b8f83fc38f2ff9b5b73a0a02c6caf63,488017013
531e0603d5e167a0fd0f420af50af0cdf90a5f6f7732bec1980390c1c0882319,423900045
11da759ad73e41f988fcb8b90d2ab5093a8e450fbff42b2ac343d37712290aea,482660013
d21a6e234b6f00fab458495f0ce5160d5d83241cb32ba65a1054ae696212ea51,327821026
6b3e517d4b19408892fab579541b948ccfd42f19895e86d130e686d6ab7ae0a1,317055012
d1c19702c61818804d778b5757e8a8626da9324f7abec307fb95534dbb11d549,381038003
0459981eff33731efeb58b5e818557fa32ea3fc1665746c596b8ebd5f00ac51a,392933006
3dd86a13221853d7cc4eaa274e88f014e78f4d0e8104754e9a6af0be01a96044,473954005
00f7363dd6c471aea106c5b66bcd4abdfc29f6e1d81a1340e07d2d9dd09f3fc1,399201026
38a13325abd1876ea433ffebc242765cccec0c5f34cc82ad5100fea46ea8b321,433444017
0f954b6154cdd4640a7f4102a0463eef612883699d5d20b6a216e4fc7241bbaf,403844006
5aee16d04d86b30936162d8fc59331ade6d03697ae070ca43674bdbe17176a75,355072009
aabcbb330c09c3aa89755b327e2f7ffc7ad81af22e97fb85e98158e71f65e314,198518017
33b5f00373b675cae7d9ad2e4bc18465b54d393a4b1e167400a56899ea040441,438333014
6c9960ba8610725f1596bc517e5c3a412b6893cc5eec0e99c227e862771c6aa4,427948003
a9971184c3b704f7bc76c05989e3c0ffeb4ca78bdf82e3f003fed2d0d3a8cb3d,188183001
65b94c6d0f6def8ef692483722c347bc21a9f50453bf21e5664fd1b7675a7d1c,413911021
5af31f78f04c2b7b26a95a829146b9333f772d1fecb9cce63fb60291b78dd91a,469039032
d07de1c06c012325acdb34eff6cdbe96f9c7e68d051c288e2d535985d636581d,470636039
100b636b362f6bf7e5e17063684a8632ba734e11beb2946b4802277adb575d26,459428011
95a80ecccfb0d8cad5214bb34cc2facc13d682dbe7d2ccf90a0615c8c56064e7,186264015
0ef2e1c6040bf6cbc9985387491c3fdc6a838f408f1bbde97e8804543c4c9427,474461014
da62a6826c2f8b78cb013a8c2c1bf86efbd04aaa1f62735cddd68526eb9003ba,189616016
e3a39f35d4b70d806ef4200a68dc34f158850769c9b52548bca255c88df82528,446224035
2918b0c344a70f66a5eeb071737098b182133507bbdeff47622be4844c44dbb3,465619012
dbb196b01621cb72cac609bd4345c3a8708737ef541f443c3473bdd0b495e4af,406724022
dd9e28421ddd269c64201ecf646447c87cf3fa662c0d6acd4b3b92fa5ca4b099,485542030
2138ef1ba0c149f417b87e2d601fed40318797cb5cbb19a68dc8ba6430b15cc7,356289005
65ca2a9ca89b978c2432cd1131e1ee7c675df07162cffd499f63a7c636e9249c,422393004
b411f54ffd838546fd1370f890af3ace70831d833851ce9b744651fee784aca9,433414038
8560ade76d390564b07186f3fae026da66da649292d96ba7707f5249546bec7a,395658051
fbdf936ade6c975784502352b5eaf7a49ce44e372b7bdac180469aba39863574,466006005
758666a4afa6933e6aa2bc5ad35771fba8194b163ca5f26a70b525fba10b6645,226959008
455e1fd954fa3e3db736a087177eb9872b75005275b726173f3b68f418eb221f,375585027
d162985c0a864a33ad18a67cf3e8a7148a1f5bafaeef404b081a818afb4e0566,380894037
ff4269071298af0af2582e59ca3e03925236fc2979f170c2b4726170bd2c7e12,436570023
7337434622294351b38df9b295a3141a39bcfd555966f9ead2fe4c09fcad4d3c,224606031
1a4a99fc0f6a56cdcc61f937ebc1c19a019cfa2b451c5457eab94f441a7a8196,292551014
ee54e96b65dd5d2b72c105a569b1bbe48a794273e0abe5cd2abfc7cc84a6e7dc,399223033
adb3a8276ba57a623e195e9b4d9ab32b1fc48115c94e9b147bd003272ada6149,484760002
0adbb699db0f13426a330afbc861a10058d2e6511ee25039ab146ee3c03876d9,186264015
eb3888ee1cda75df5045dfee7405ea45c81e8ba94052f2776943f5aa81ab3690,479604004
8df938b2485e277710c4fd0b01bfb6c039ffbfa8e37972dc685f31fc39219bee,413029003
52c6384c7368b37a0c4dffb45aea51b37f9e525d095c6860a437f1d3dddefdf6,427114014
6191e01aa038e5462ae3923101589570fcf5ddf80d07e71b55022137ccbb0325,413029008
0c4c518e5d1eaf3fc39f93463c2406ad8b659d6c22c9107179e3992f647b12aa,459756011
47da8a2d789022713db09787b71c5a6b58d85ae60e4bdaece3222ea12e6b6e82,423900012
04d83aa647d6c1fe731baed66e1d813870227db97d29fee19fe700bbd3d41f07,399061040
e4924a4d935016526040a1ce0e58e8f43e830d6c9f1bc5a27a17c11c37a5b41b,399223024
a9299a0d1e192e321f8fbfbf1d6627b8ce7df7aa8c9a90c0b29cc0cf411db81a,420387005
cb6a073616b7996ec0f1837c3dd050cb464e6d63d3a4560a223b2ea2e1f23706,158340001
49b2cdcc12d8a76045212e911a6980fbbea465715fc0d60c73f0b4e2da197eee,116379047
166b2a79960b531276a985a9c3382c618ea4d7c15d2478bd37685f1c9d87b28b,412370001
0e230d363f8f7418d5cba209bff7347c71d7c9c0cc96e7eee34aed07129ecd85,453453024
532b928c214193dd5ad6887552edd9417feb842e64969eb3ac27f0d0a346b4fb,265071030
1f09f1593c106b2b171e201a79e922f83ddacfdb690a0d8d382c2b7d03d0a5cb,484398068
8385bf1c70907f07ab758b7de36e56e2fabeb8dd2affcd19942ab9165771ae9c,468480025
b7a313006abeaad628caaa8dc00b4d893355fa30df3ac0ddb310b1175bb41b60,417427037
a6dc4c98a45b5af3a79af3bc4e9071345539fc9a549608c2e1c6a5ed3b1faeec,391750011
d5177965f27af3157ea36fa0f3e24caee3ec74e6f4a1c8f0dfe94230946ba507,386399009
35fa71b8ebcee08f2ef6d863bfcdf5c5144f555af2a75e44476388af3c3c8070,467738002
c1f17dff20e8ef756bdb637218e2d9cc4bcc5b3a6da54fa5cea071f580bebea6,365439052
14ca01614bfbf90e491c4f450620f39e3f20744c47ad8f64445589f5b1d17083,325087036
f64be30731c99e7b080d2844f0322c8bbc5e370ac44c1f5ee956d9ea8ea903e9,458428034
a4d2b51b0ee223708f2e7833039bac1b90bccf0eb11120806105549ff8e068df,341782044
aa1d3c4192c75be6ffb825e72948216da16726d1245018feb0e97db0ac144acd,306307076
3c1afdd33c0dafebdfd608a103717b10a24ea12ce64febcd77a521af5695a574,349301029
75ce42bec533b03b72ece7e27495cac865bc399e3e0f5d9a9e4e0b6ad24b113e,338400005
f4b157ae90430431196e92d317d427882bd9ea9a936262b97523d03a3b86e5d8,401044034
8fe40c4963a355fe98f84d86651826cf8c2cfbf0a1e83f9b8addb61e17d99d99,370594023
214a44c36217da5dca146a66b4a658a70be609c0ff9bc7f81acc7c7560775252,311059024
2a6a078b136931de9936417f3a9d5423dc0946041978b69c71d79e66359e147c,485544008
ea63ffe3e294f0439905ef62ed11178b9dcf7f32c8d8686b2b7b513b30eb79b4,181448105
44c70807cabf2ab18df0f7b5d822582561c516e96a8fcd5f2ed91fe47bfe7b73,456163060
f3ef7bb07497ccfa6457f9a2ee0778949b4b200963796599cc4b41cf6a77c65b,408569010
a60e5c2fda8518d32fa0df47e2a02094de8c30bde8ecd450e494c43dd505bd6a,485746003
003d55afd19a2ac649a6f8210ea937b1a2c985cb6849c98cce915494d38435e3,321249009
dd6824894a9a8a4c52cf62b756b7cc60c9774491719afca7fd242d2db86af9e1,482211001
42d9876a6f912c08fe6440076b260173a3552c4700bc923fefbcbd4cfd7128ca,237347028
5d3a4ff30d30d5afa8bd11d3464de9d82ca6bd4473d1d3a6f491a15f6c1d89bc,443860037
5417fb5355e4094ca82700a506f78a088b1ecbca9143bd9468ba18ee35ef01e9,485689016
75b6781e36f4d56fdcc3cd119f4e5cd1985dc0919365cfd119d09f5d3e57d98c,372576017
28c815c5b5caec6bf160fc41f63830fb98702d66eea1851841dc080c4a6eee18,300024016
d7aaf33c67151cfad97282958eae89e71a31a62555e85b5f6ea7d7b47d951aa2,378135025
a34a2dc2460bbb2782a67df4fc6b079bc795a935d999aa9cb829eb4d84a88806,453065031
7d1d3f7014b4988e60612c942050990d5477e99aed2f7f29f1d5e711de484a5f,464297027
da0631307ae1f261587c0e3f4d3a7f12799876cffbe02d7d3aba6e2917ecace5,463536001
19ceb0667337b80f29b5e61949e17665d50ec48ea815e04d67d028340557a220,347983039
18cfbd899a5f5f3b4bc0a0430104e0fd436c9fb10402eb184d95582a9f59d8b3,464610001
a51c7fa1525c91f912328a597a4733fa70b74bb17c2443b997931b811454839a,351484028
f7b7a04a1b14221e529a2b5f1404a905a00d0b330ad74afc126d801941fb4e67,487722001
0abc0fa7a531a28ee5bb2eb049a73375cf222e53210ee31c36d90d6388d120ff,249136015
19ed2a95db8d346ca97c1fb99df9307f10abd2b23dfd8029271ecbdf0cb7bd88,453453019
9bfc6154104337a04505e17fd87825a8880681cb25b4b2952e3805fd3fbcf881,450604004
27109ab1a95db0a9793b77d601bd0cb372a699f71bbff7076bcfc1f0c3118c45,266875022
fb136bf9d3c01226532830283ceeb4e3bf5e4d84e6819846956807c11cdb0de1,364297025
eecabf68c5641fac0d138c4b58503472fb48e6b8a6f72c122eefc4f0acc21ef9,399201045
df77d00d8c6bdd3dae62890372b8d0e57fbb5baa3a85c55c8f180299c148f22e,310091032
3bcfbb4fa9de2cbebba443caac2e55e3a0c8671451c8a6d7780c4b6543791311,443696014
6194defbe5cb4897d4a8216f7a7223260a1ffa9fb6af599a8017678c2e4eb02a,464927020
e97f6b1e2bd3ca29b5af5c747e0962b84bc1b805adafa38e4f8e9de4461f678a,309864010
b389a5b9f5d179d20e3f271f1ab3ceea19c1688253bf3a16c3caf44611e5253b,449570027
ea8f6f35fbef77c11cd7204cbf16ed050d5c8b38102ca2caeb5b23a8419cfbe2,278811009
21d69de761c4974995d11ae7615949848f552273695c48c8cfb4fa7db7180ff8,470636039
c7941fd0fccb34e0ff7db7c79423495f9928171d44b118914ba721cb2c03fd71,366686001
a91fc35a5b177756b6aa1a84e37073f605fca955fa301c11637d5824e9e0f352,378124004
1d282bfec4f22d99e0725d35213043586ece44dbfb3aa0303cd58c10803e4116,366686023
db2b5e46ba3fb2bdde4dca5c11a8e0a7a4d804e0b42f9f2bde7e4a44843ba2c1,469658020
367c5863b64f384a70b7f944e12a05a0f309b2e9dbe83161fcc3e17be0fb7b20,462435032
8685ee26258761e64439e5b9188690199026c0d8ee3ff12bdb8a53f926f27f1c,362997001
6afb7a7cb14f981251530611d271109200806c147eb69ddb6c41eaf4e0acd045,356289076
f655b9327a50d1b7da866e48511cc12c65ff53f72013ce5152da49ec33e92a72,416511001
2776008588f8e6cd01efd61aa5254805e1ba68dd694cf55c37021d960b90261a,399036012
5e174a2d37c2e13892b9c44439830932eeb16dc257288520283878c6f1f4181e,485537028
078ca6ccc1f3f908e86b62d22b6de750522a013b34bdd12223e1fedd09434a60,485544022
e80622fce7f88448a06585c4f1ef45da69433ae0950aaa07bc5dec2284442a48,408875011
deaa4a5a8dd870a62cfc19a1d8af144b3ff6eb892692e2c3b91642892d2def1b,439285009
56d881ebfbf7395baa3325113a60e8caf1b084b0af511cf7b244ffacfaebce09,454128033
f52ca363e5884f2a0b9a3bbcf4ce543115c618e9667660136056ac3e6c4098fb,479294003
7a2b874b4a13e253269de467052f2a255a4c5901342164fe15f3be70d4bdad76,421387038
db969d54283d64e801ebfe3cf51a88533f25ef7a0dd076cc680ccbc094574e0e,451294002
58247b49d2674d9a04435bebc41dbc7e8bf5c340fcf97d39801918a05b65b1b4,487827009
2794a7e71db2a8ac9084986523f43d8548dc1fa77c068bbd7720b197c1f81594,186372042
b5659fa71a46991de2f51a91d818097fefe4a306ddef9238924e333b0e70e5f3,485554004
4b7706d0ed175f50e088c4bcc0505f0ca3a0784d31348ba6f3fdde7ee58c4215,354246018
8d485e508c29ad0e0b346aa910ffc641975ae1a42c3fa24834243d76ce0939e2,378135002
7d5b46f38f0a1c72d183e410fb6aa8d3ef991a96fb5481978dd4f960a979db10,268305008
ec00c525968d5d7cd90cbb9ec31003b69ebdf7a602826f9da67feb76ad5621f3,351182003
45e68ba76bfff7c5ebb79e1a8b3032c231a5cd831a48883c2889eec76fe45c09,146706005
2ebfca115968b09e1f4285bc2a208a11ad8957617bf44db33d659f85b8f8dbe9,241602024
07b75012396dd2f50b4a59acddbcb621d1fe5693c2c89a47a373e18ff3384ade,485551004
52bd7f75da1225cb5357646e216839ac4da2c14348802e1d5603ca410c846bfe,187949025
250bf17631adb7e1365ad4a3121b8c364981f1eb52b6fbe522e31c723a3c20b7,234187030
7bb1d42c497454a0f0bc7cd859bd49a34d4ef17905c941d8a7c00027ddbf2af0,472320001
a386a8919a8b7391dfebe77b7b272f3039391efe172cebcbb828f781780051f4,384654009
9eb1b7726d5b50f175de1faa14f58635f26714b27b466d600d78239dcadf45f3,487932012
0a7d1fe77b63b7fdfd6d13880e9b9c6b3d46f6cd965b713debba6826c7624d60,477515004
15fdf0c9cc2bb5ddec8151466315237e1d2eed5e611eef58f64a3519d3110c6c,378124009
40dec0785d64545577583e79cc86e8ac608161bdce921dc05e5922852619f0d4,249136015
331324bf37d640fd979c094eba625e96926e35187fbdddd3bde79a77df810e7a,400285019
d9c74192479306ee9e2cf5fd0ffd47364b9e75f7bbd293c4cbcd33ed774bb0a9,377277002
fcfb037c0bc9366dadbcda18c557e38eba3a4b1345aeda697c0204cbbd4fde74,386681016
461476423372db0d28c89f492af4d1625f00f07e556ff9bca56ac9165b6d14c6,456641002
b067d4f423afcdf08577016786910497cb23ee7ddbf77ea19657a64d52958d78,485542022
6b5559e39c0ddd097707dbc5af975517ad7be14b0ebcc57719357b8fa5f4c07a,354246017
1c5d0bc73d468d71a4fa11856df8b2414d09d53b6721f82e89cc64e5c0b284a1,456163083
aeecfe7d4eec9f0b69928f04df45fcc955095d8dbbf5527c06f08a702d74b3e2,448262040
0bccc353d95eaaec424f78be00b97bfc8a1d902d73bbb9b6bfd2183d934674cb,220365004
3a738df5d0d7ad33457c2748190d98fb4ca68b5f7594807986837cda01fd174e,400296012
6137a3f9571c1f2984aa06dcf3c837ef099662a7f5bbaeb63d1e36318cd35f9a,450932009
437b9c44379fe4f87c7b5da6d4b020f743b635b1537c98acea580069a000277e,293433043
af700883809da54e5920b5f15384e8d09876eddef0d750ec1f45b75beb71d9cf,457722005
431286834214a1b9d3134a5c329db9193242284aa04e719bce12b1977bf0e587,466948014
e59e724a7d6533db3fcacb321e65f55cc5ca39da08be981aaa349c0ff0be9689,354246018
250f2daff9c4af9979b62e1f9faa62f58216f2796a9fb19e3f09e8d454f20a22,331474025
88915fcc5217938f8a71da91b0f6dde3e2b8a3e492df25fb0a30a0518f10786e,445400029
bff5ec86dc68b8b393f44e4cf26969a0e71b3c36a234639edb5e5ee99dea670e,414102002
2e520b92533741dccb9836e3bd143cf9f67832efbb3353c6682714b4256a9a96,447694009
32a6446a5a4f750501484c6b2ab4e18757893496aa1e8a1a3ad09e074d21723a,485537023
7a520ef5f28c803ea2d72ce8a71ec68937062ca7ae3c5fb85836c2607bf6234a,481145002
5d10923bcca0265a53ac0d7b10e405c4e83882edc2cf5f41be49a658ed3c5480,443696043
fecbaf0a016ae4d6d475c01ea3ac521d56acf7ccea4d37d1b417fe4a2423cbb3,361467038
40dec0785d64545577583e79cc86e8ac608161bdce921dc05e5922852619f0d4,406724027
8744a21ad0019a0abc24e2fb3fac992e188718778090348458899b79e243021d,466595026
7a1e61be898b754cc6e0dbc8f49f6b37b416c39d072dee47c8bcae0f6dcaeeeb,485240009
bf23b9cb9a6a4ae4569e07dffd8bb5ff3c2675433d5c6389d7e272721fe631ec,488016013
447ab3b57cd81d1ce2ebdf6d4a9125d07d57d5c63439fbf995b6a5c1e36c712c,116379047
a068261e52ca16f1d4f5c340c0fc72c377cd923842e56f33516df407fb014caa,294008002
bd6a5c2439dc107575d5cd485518ce97fc1b02af98f2ea112053f56f64c41bcb,448262046
8aae10902b9bc083aee2cec2e772f252cd0cd1e8ed9d24b5f0f970770322e4ab,351098032
18cb9707e8bd9a8ee3e004dceaa9e37ac204db168bd7750ed34e000b69eb0bf0,468977001
1364e11007bc5725159754d1f80d824585e386c425d2cb445722f4b6b3025a25,478279004
19ceb0667337b80f29b5e61949e17665d50ec48ea815e04d67d028340557a220,453065029
f0289c8142db165f73d6e7e6e5d4dbc48ff77f26d5c9dabde8ada30d323bac6d,452851034
f1c44eee7112e66357d49c330321a8fc0910a56956c200109d7886307f3fe78d,198518020
598d7e969410cf2a69429773afe44e3fa76884ee2b6d1fdea1b6e739d31e8c04,301213014
2df3a80e25f2a660eeb17e5da4227c35270b7bac5d3d208409bff30188003f11,447694017
1b2fb96c64463c7a910495d9a2defc36ec67a2e2fb9cbd63283ad54ae7781c53,293244003
2a5cf3eac1cf432a40d2cad7664a37aec2d1eb82a30f77ab1b4a84d845831ce6,481093018
10b17cc3b98fbfdfe0c40e81f1ec2f14bc726d68dd78da8dd6864c9484c76887,487800004
7145f09c396c4be328580055a43de6f3728f073cb1cc24b4b9b5bc8a490eadbd,120129001
f624ba46b44e92a56c1b6f85a803c07a172aa0c36ebd29580c7bd87deba2a535,488012013
0ff00631de097ec9da21347daf3289fe7eeece3ffb42f3edf6cf4b1e39989a7c,327144036
5159c1ca157ce8a874f608668edf8ea087f6060bb17523964674ae6b4e834809,395127011
4fee36ac336620b7503e8e191258c20a8852ae381fc61bf693db0ee5608f62a4,469271005
e3fe3f2f9ea7f22bb4d825eae4c8c4612bf4a00564a624688198773ed78c2f71,487800026
3e98d811991a3c6214b3e582bb7e87faa95eb78be65688de1c7b719182dfc429,377436007
acb68c9c77f6c577b5d2043e116ac5822a72f4ccf5eb4e63d0356e9fc563042c,477507006
b945c13dfd33f57b37c7d6b9839f5eab23d264b0cac6b1726309f669ad4de5f4,479095014
085f2c5ce085733aea87ed0cb8da14212fae59c15a8ceeb27ec5d268ca9058d6,476122001
40dbb457c94d2563153480c6660ed77e375c75c827b9f3b7261c46b22db4479b,338016003
1f3115ec7e8974d528bcb914e034a8c7be37141e72b92b8035344996b9f379d2,485673002
1afdd7771fec963237c68d6755cbdb0156f594929964f4dc38c6ad6d80daac88,309864011
038281b9c1466627192e0af455bd4fb84bf15fda5061c88702a1a8cb1e4697bc,487206015
9ea7623dcbcc69a773e22639e6ed0ad70e5e0d3f590b5c0de970311d2cb85779,331474030
90712d36489c1d6cbeec022b93509cf747e9e1fa5a3e5a867071ea4728930731,477163013
79b10d519d9b92aafd4a6fefb4347bca8869bef9918443d876a68583198cae33,466891001
ae3f2ccf16e832abc0a6571ead4343105f9fe24d0322ec141742e637cf5ea0b9,469562034
136b3ee30f855563d6cc47166abdcc3d7bef97c6723ef88735f447edf535d34d,433275011
75b7ad6185d55ef9a8ba3c72b5cb0ebd1218c7ef2aa2f29d35f8286009cff8f5,341782043
7a2b874b4a13e253269de467052f2a255a4c5901342164fe15f3be70d4bdad76,264713001
ce72b97f52a5213529cc2a316ac66082e092df8f8cecf4a9db56e3b680b2bbde,478818001
d19ec9b10b0ed4c064b31fcb0ccf8d72463f37fba6a417a46ca96a4102494d09,469039024
69a52a1d7ffa5907fecee1ac851859d1e30757941a7307470bc078961aec54b3,358753001
a8b4c7dac60e41072750d72eb43d4eb671b15d8ecd7e8fccc3d368eda95ea2aa,449570028
26055542772da83d7d86b9d5da43966386c130dd8f1fb08720d2d21af926bad6,485683023
95b8cc2453a71ceba78fb2d5716c0156a084012c7e02d687c9919b5469552c31,453272066
27d6a2af166015852ecb9b37503803a4358a542937f6b80115efc63cebcc22eb,448515033
69447a6c2ec99076e8bcbc30630f76bb30aa3d27178d7c4dd0b1b2291fb5ed93,399201020
8822fc608afec60cb139c8b46d4f1e79769701bb651023df012198095b969d37,362997013
04c0e5bc7cbe20bd95058f7eb32016ff408b327415d11e5f5e5c5cfc2b4e4100,174057040
8b90f1c6e922f0b14c7485c7dfa2ceb11634571822c855a8dff368ecc387f153,482031032
ac53dd6b907036f13fd20c581c1252dc9dd83d094fe688bcd129169c4fdb213f,436083001
fe433bc26cb1c5e86601ceab67402de280d8281cc8fcb265fc3c7dbdac766d02,478992011
5fbe752c0f1958f613eb9b2c85066a4f0454aedc0508edce236145633dc4fa90,479227012
cbf0f0e7b07ffdd6d1b0ce6b778ccd1abfac89e72832a6b7600a1c2bc299e177,447694017
4f6900409e2c67d62705452a2645f4839b26755747e43a33ee443376f9e2f995,402382008
9f30f0aba502d588b280ab2d3168663214bbdc2a186b571eaf2dc217963086a1,469658022
f6cc2b03aa2cd12b88dc2903e78973daae02725d03f447144a12963ac84709db,194242049
d2ebd4bba394d91385f268ea39c33856cd7913eca9afda6562e379e388363380,403479008
b0a4336fdea9a6d2c2640f541a77226d1160592a759c759cfe19a0e554d22563,394292006
81b70f3d3085ab2cd4342327a9873ff353cece34f2db983aed4316f3c1f4572a,417427001
9165bec8f3be765822835910c412a339ccf79baedc15729a25c665e1251f43d8,477163001
55ec43b5cb06c6a7cb957d67883b1d607c5c9a420270c7d777527fad98dadfa1,270375001
23f51c30d7615e0f806de86804026cf5a238506a54824b0c5e08593c94856575,487052017
0d01db1c408eea0bf39f9d4a64a8c0ca96c7be7ced0bc402274bcd7413bb42e1,448515018
7934013788f8911f75902727c33e66045c0459e76f45a9bb7788964f8e76d470,332055004
19cd2f1ea9166b47b537535e961e6148519a71497baf22445f774f1d1e06205d,288825019
a578f15d2fe11c9eee5584f0e75f90d3856af40e427c6ee94db10a7b98a3ebd8,399201042
f27a7f101541f6ad2f336304206df9fd367bb05326423a32587f7084ee77ff2e,212629031
bd9149a2c555afa64973ee7d823ddc3f37380e61f231f48cd6e7012d99809b2a,301213011
05bae1e4d1a0993fa997db5410c42cc5fe0f2248d5083f82c56850a2832a8fb3,449263023
a64baa30ff9e21b6ee0c324f6f476ff557e091106e263b88423420c583faa7c7,304766008
bceebaf3d6fdd36bb1064dc72695704d8a7943d1244a4447d4aa2907b21bb8ba,448515026
8962a7e20692461c8361c259b21d4dc50df4d2623e63b56f8b27ece76594b0b2,411413023
276cf77a7b8a8f1efbbf5632f375966c7adc3d04fa675c41587829072e802cc8,392938024
8bae08b61a33d9931ed15f71ec84490ec4f6019b00aa3d6257b63b00aa0a7310,453239021
4a3f2b192ddc991f341fed294a1a0f72567c7c6ff61b50fef4e8cf262e40b277,373506008
7bfe975c807fbef888c989777be0217a526e34c3a63f66964c895d8611004303,369796025
68cebeca4660f7eb7bfa8061d59c53b6ce8eb8518e7479a049534c22c63d4db9,433414035
d06d8db215517b724914f2dec741d1edf477231c96dc3e146dcde5aeccd58f0f,254457033
1a6f8a5dd66cd965ed50f34391fff59a297cb9245814072aedbef74b83d1ce1f,291338033
eb7c83ca93e19f2449f78149510c9201e601ca51bf01a50e4d827f016a30c642,316441012
cb47520f6882f2fec37074f651934a448815da3d3f6768f27dc668eb719018db,468480033
3e7f3f91ea04b05074d0bac04d66745702a992d191cd3fde5b3e4894aaf71ed3,278811009
dab01860a2d59d0aa927d235c087deab402da6d28eaa4cb350dfbc18e2208b87,439793011
d729ed993257fde1b761d929812cbc6aa55c6e9ab2ca4f5ab899dd409eb6b4d7,315795001
cc5bf80a5219609c8ae918a7a531554882af2f9a771f865aa6cd9f247b7b2670,153115019
33e8419e76b3d68a3a2297907d157f3b5c5d7aa728a6dff6023980dccba43722,473507004
e69cee30310e38ccf14db4fe734db63fc3ef7a9a888a70ea78be64ce805c6634,395658039
382be8814d1c08f75476ca944666e3ec167ef9a30b0f5017bb8106508ed8f035,399087040
c917fec25a5dc9c8d53a9bd761263e78943d4e75deb9f0a23f4e4c47d15dd295,478943001
0cc7b8b7d5bf39e539a2ae2f8685287f3648e5b1ffca4a68ad4e5c78735c7aa0,395619001
468f65934bc572ecccc51cb1102f8f0c4849732d2ed1f1750441425586da3253,392820002
ca33f5f4826b168caf7c7c308c2f43c671a157638df9d6fc3620ff65fce0333c,485544006
dcac861a475afb46e31affe5fcd100d580d58c97c6fb65bd3976ccadd11d398c,403994006
8e3dbc7b69749221f061d4211e9e24102ac6f9b8dfed47f3e0222e9a947ddac2,475791010
fd182ae64da0385cf934196ffaff0e9d20197935fd26c5fb53c893b9a3324515,482258008
a81dbea670c04e5a9dbe45475415d9ae13ca31c1e101c76383bec153ff647385,475069002
107eb0aabc9a19e0c85c67e9a7cdf455c9bd4725a50527cdc029636241dc22fd,247072026
8fcd1f13160a1d7a6ba11946f813d786f9430df927e263be385e8ecbaf044183,470167002
845b9435c1625c021f138e403d660ddab3d83c968c04efded8c4a814cb175c73,282832021
7df3bbddfe8905e0141fc65bb162c41c7eb87d90d403252872efa291688ace63,382127027
79e07ae59686a5f0c907787bcf8787d5aa4e84531bdb5e0d8c62f06938a23868,478751008
41518ec19b237ed55f0083c65dc0925984915c556d8e0c5684f56cbb29deac6f,456163053
325922c63fde08748e7f0c47c8a9ce2037199542126c75bfbb354a4e4c1954d4,487932037
b7c1a008e04faaf46c91a54e0e7bc2f430aac446d39e09f825cd8b33613dad41,447264005
d716f8564d4a3892a43211b65247da86f32363d436f452ae304078b0fcb5bc82,451290009
91a25be2fc33075a51c13935862dd2ddbf68721918f9e1f9665d66cb7a5f6f28,488015024
0470e0d9eaf2b4018a8e87949f1a2a130056311cd2eaa19b261c529053580069,483290003
b1bab98712f0f631314d4411da0ef82d15b0009ee35ac57b4d90e87c6c3ca62b,451380016
26cc4ed150c2f7ed29e8aaff46b5f7d99a40640113c3c2b6572944c73d653745,408647009
b216a80e59a6aed895a29d0fda6d86bb76785ce7cb0b854650eef71cd4e90827,200761029
c363a6d1e175474e0cc159c247addec3d52b5c7fa576d68df3ec853fc24152ef,464297033
c7a3dfd2761da9b3439108a9c9a104c98a321034e4beb8f226922333af1d9152,487051013
42f34611ac4aa0655de7374f97cbf0df99e645ce2801193a39926933797c8c16,391032007
485acfb09f6314d7a5773a1b539d316a860a725eecd63f5566cae254bf604bd6,375248010
1d443613997ab4b732670c39d871ab04146c8a24d435f5dd5adb60005fede05e,423900011
8b97677fda6c458c51a9dfaa9bbac29f387dd42774e0776ae26322f87b20bc1f,266873009
16465d25c79dbe3be48cf13ad817fae8839d1fde40a73864533b9c70a56de5a3,278038005
263a732433ee7972d01823e2009ae5b44a0564e31969e34071248a68ef89efb8,377436007
7e6d6ccb610dd672ebb5893cd93c35ec65f7d94f2e742de02171800af401f674,486186002
8b19a69608d49e0a3020251eda86b43bef45c188287dba5a0f829cfc7e47597f,445400030
f48e40bdb744da05942d8b924281a2655eaa4deb1679fd3f1d333b79b82186ee,485689026
a95a63e3fb926cf4dce4c2ff8b9773e9d49532fcb4d6299a02bfd13ced7f1811,452898025
686e2144833dd1155f163bdc5035d3639d7741425c9ef0a91a102b9d8e4a8aec,449897042
a49c5afd27d1806d20a21aef0c7423678b36f12bed3a46bae0351f068151e512,477893016
5fdecd08c791be56014bd4b8a6bcc57ee9a684b62cb3f276effad4ed0cb3feba,487932038
772319ea7251bd0d5e91cb327ab11436a023bf4af1cb3cfd872652a24f124dde,217207048
0d72d66577bd65c6b10ce58126aa8266cdeeaf7e8ccee99f3f584671ca304e04,450780008
356d7fcb41fa6f71335fd1c493f517b8dcd45584e98c6196c269086130283f64,398863006
6066372df31d10c5c556a59ee51570fcae2ffa256dcdda6908e96c0438d0b486,485689027
58841d2d37fad7499b9790f64b655e84982e2a9fa7b5d1cde921035931813066,405887034
0c4cf1be143a2f81a33c04e8a84cc817ee34809b8fa5e2fcbff57afc0b2beeb6,395127036
bb8f05f4502c9ef27c0029d4b464472834a17b42c670c6f70d31eaad531d1f3f,393772021
de83bb28fb3ea963959ccf896bb0b2ee6e5c9eb63e22468c280b3fdc3b01f2ea,327144038
747eb98a338f1699c12ff28f3e58ef4eeb98e61751e80385257f18cd99d7fcdc,342434002
59af96fe2caf1d586b61c8c76b3868ff6ab5531a66a024a33a78e2d6d81b2e9c,487205027
5e69a97b65f4ff3bbe7a8a9e6a7e40a044e7320aba29c42159a0fa99fe6375e8,408649008
228a1149d4ea4111fbd8f4b67288acf416b9050dd25e06315a5231c97ef7b546,485691007
5f59c750feebe85e135dbee2ab7f33911395b65d7fbd8e389991628f13a56e43,357792007
c1b5cb6d3b18521d7a15782bafe55885c43edbf2234cdab62af6ce39d7ab6137,356693020
f6b35260612537c248f1a90a2d516b7a28d3b4d7186bf2e24ffa1fa23e430391,445358009
29f1e04885d202efbc0b30a18d46fa580a2efa3573f207fdf8c538be8a7cd667,410024007
968d70caecf8a45e9878ac3d58522e78fc12d5fc63a058f577442a4ac09d2176,380609021
ac607c1f5519da6592e703ff813e3723fc63f152af2cb8cf39d1f99cd81f0dc8,467302080
22c31b0f65818ed79d8bbeb1846c600918b5becc773f28dc7234f44087f1c26a,311059031
ff02651da819f31b33a7d1b5049091f92ae5def143aee244882fb3a33d061027,420387005
dc1c58ca39d74705d2b58317589be913f49de6fe75ce743fceb0783bec7023b6,475973007
3c15fe603dc48cf776f439e49501ec7ccd0e0d87082b000cfc451376325a1173,485537016
87c7511fe9432794fa9cf8f98b52bdcd6882d9ad34c54192adc939e3e78c0722,443696026
d741e58a14c2f8598b0402164dff1438db122868303dfad48d696627174a4d41,351933029
1cffed75209ca6a4f215f34bb86fed0901ddcedb3e2dfa347d69f652157cd789,369796027
11e2ae45062a61beac25e612fb1211c8c37a0aa3f4120eee377fbe0e11eb17e1,470789031
bffbfff8683fd71b9eb2afbcdc92215046c73a14eaa0b5e19eb6777909033eeb,378447055
1219db6d1b9d75729bd44614d20ec02fc5d0b9573bbbb0cc9ed4da10209dee92,356289021
64e8997786a5de5c70984767edd4137d659217d1327de1d1179ef1bb1cf4fb3a,485678050
5355d4874e1f06d6c0568a8f0fc3c92055096eff0a7207ca314bd00541da4299,423900053
b9478281704638fb732792c7cb0f5e6e97a5a3a65be8bebb8a6861d579b73053,293433027
c113da70b19f0aa6e3977adfbf403e69550f011ae69a800bc9a458f37fd88f40,427159006
359534d1c09e64bdb1dbdb38f4b6864d0c507c366f9408091ffba19be3f16381,358383021
4bf964c639bfd2036ad12e2fa0f4e36f979d709ddf4510a35bb0971a02607d91,428291016
38365de5cbcee3c0a5da11a581a400a8401b38779c4583c36d221dc3a3464375,189691075
5cce3f5ddac878e689e67a23c0c24c76554fc878ad80e969df6ebd3afabec4e2,485683017
62ef4d8fcf2901455cbaf6af12ca6e7cc330d295f91c8c4f8ea8e9f5171c9477,484398054
68ba0862c367f71cea804938623c13aa81a9ca51f87a7166fecfdba98a923395,241602018
2e4d9161e9648e8c1bc7ca969825068bef9231cb4761b9417417c6dad7d13734,433444017
5b14ec389b385a8507012a587b0fd8ba7b37e550a6b940972a4551930b4d0e79,485689023
125d773fbfb8b1c0ee6561f3a454ae29053e19f067ac50516bece1b4e82150cb,394803011
c87108bb0dbe02f5cc12464d088c0a731cec698216271beffd23eb80778d9185,486768006
61d1570557eb7148ebfe7a4e8f9d57cbcd02367e5732dd39dc2db842a581d837,379360032
c2f5227fa25544cd6745b6834eb55246f124c8a48bf9a8db9b5aec6ae4e92f49,396135040
b411f54ffd838546fd1370f890af3ace70831d833851ce9b744651fee784aca9,299668015
5a0c4b291a3c32e07aae0dbfbd63819ad883fc16b99f9102e620c28900ee7f84,375849026
d37f726d9c413ad56c00c627ea55a19ad89dd79264f56c7d0f77fb28331fc780,324963052
e8f27a8d237dda7383c6dca8c75d1da99a15ec487f2c9952290bef019336a8c0,326885032
905e67773555385d601d73b9d022ccb5987f57a302c8e285f2bae1658dc5f9ef,481912015
39635773e678c42d4c14ea956046c4d2a17b2bc59147aca739615a9fb73a9e3f,350082029
aca17288c410dc805d0e38f88dbb9a5087aad903ba3e3c80a08bfda7103e14fb,485726009
61a6cf3f4b39fdb409e950a153d12e00b5799e7c993876690d46f523b5a68fd2,378135029
3c2a4d7cb9f5c4f4e8fa1f0186cfb4278728b2202ba35b51b61ba714aa194dc0,373493010
dcef28af9f565d196a37e39be2fbc9f767d4c2afe3e16617fefcf9c2e8783673,487932045
49d40ccf6d919f455cf8a01d0b3b9c5d7fb860a8f99db2e8c38bb6be786209d8,358254004
0af30275619b70e5e1463b1939576bc8edf608fe4500ab1372d65cf68bf75e26,445865001
6f62d70dd602ea603b6ac01c089fe588277cd12dd804d41fadf6dacbad1841fc,187949019
b17a234a7e04e1a4e91e85829936f5207ffb53b10bc337ad59fddb8461332951,372860076
23a220439c006777131faafa8ed2a243ae95eef5b6d86e796c11a8d8b5a33331,301687013
d9530829cea1ce0199e5b570d33120d1b3f9179c43f9e3ef0490967332cd5a7d,449570014
9d4835468f848f32974639099409423b367585a8702c1fc745900bfe441fa58d,449263042
2b87ff9419f021161463a1ef67343ecc2fdad3ee133fbde9468fe29dba055621,453272028
238d82de3254c31a7fd49af00f80141660b24ca885b74d535c40bada945f936b,429313006
f70ff72e36f15ce97c31265276bd282922abe8b407ea333d58578afaacbfebba,443000001
eb7edabd87954fbec628e2fadc42adf5cf41148b813eeca53b9ee71bd77ca5fb,457722015
89ae369f72f6a3e4e88c80e29f652d0c960152c350f1ab1441d909a08cbd2eee,381038018
4072d8ce9b474a2b6810261bb4154e7654acf1092b5f40c746f299aebf93ba7c,454128026
b4445b7b44da4b3ca88b053899ecfdb5991d8bd44b14b501bf4dbf63e5cc12cf,299768002
1638ab998a20d883e17b9e1ce54ae09831dcbaf30f71f2d080e9775edb813b0e,417088004
35bbf24b4c42a8bf535bd65380bf4b90b6f9883b9eadfbb9e56d7e665b552473,284985037
f9a2f5c6b93173479e9bdfddfcf55857409af269548e464d807efbb76c3a5209,237222001
ae605befd1f158466b3e9878f2f50b4844d7a8bf3d072b7d0689f9733041491f,407354004
cd29267b309b8e76735f82c200ff87c686b2090b47965e76f6361d58f4eb1d7c,318914019
0c2536c823f0feda84485994c941f3926ca10d9f5b3dbf2990eecd9736aca5cf,317812012
102cc53a99658e8d07a73bd254cf535a78bcc163ef5bba4f81f4b8d1c0aa6c67,476315028
eecabf68c5641fac0d138c4b58503472fb48e6b8a6f72c122eefc4f0acc21ef9,255396042
d781206b78b38cdf141a421ff05b82ebb71af369c0841e816b8cf9c185245a0e,485553004
7a868fb010d248231b777b42a21a13989df08a871e837f9bcadb86595ac3fbc7,407354008
bf845285a4edfe93b06ebc0e8c498e3eeb69663c9bdb596fcd703ddc355b5522,398074056
42d1bdd324eb827523102a0e2dbc4f75802f4474e2cd2e561692eaf24c909d88,397068012
f9581f48d7bb16451fc6b5006e2ede3157d43dab8277ad953c6f8eb988d8a78d,483082007
5112593eacb0bdf7d9a4465ce700fd02dd836982ad0eb86a8dd53f308f076602,290022001
44cb71f33f3e41002844166205b07d47d31eea1a3346d20455013ca06dedc230,384851019
bdf984748eb686e8d53f881e63115f31c386665c8b3019c36ba43f8810e868cd,355072003
e90626fbdcd3b628799913ec819687fdfabf67833980cfcfc7786a8763bd99a7,471714012
854094ee75830f920aabd9a0d2c651cb96a6ffde1ea0a59bd7d860b8bbc713f0,448262041
f5f98325ed8a2d75fc405e85efcdc018cb6e3c0bf294c90db39dbb541a1b1441,318066013
ee123a98bb400c6b6f1255d71869556fc470c46fcf2ca4a50ef569d5447a3ec5,449570036
46a5ca38026f0d1c74e1be34594a84e361fdc317a965f441ac801a2a30da4766,407354008
e3dcb2d0b2f1cff9a47ab73d648cc3dcb3325d6ed8b432e8dac2f6fb1650b445,485549014
898a505fdfe1c4394fb6cde92b4b76b319d39782fad108909e3101608fe4c90e,270375006
e1946a8690ab57f6a92f779c62cf5a3fb57df87cc3062a3cd21103e1a4230850,401902013
0a501f0923a283d8868a58f1262a6965b1cefcbb47dd5593bc16cf170732b7e5,362997001
70b79ba6face1daf032bdd3111b5f1bb113aeb9863914f7c3247da35e8fa9e7a,464297007
58ff55528a9c226da57fb4bd6dc328103f83c486ef49721a200c35ec8606726c,478022001
3ffc0bc6d7479b9fd39c91420bdd7981cb9317fc767ddc7cde05ad47cd97e71e,425218024
335e39e40f58efadbf1fa36e78317fdc80e3c84c180ad37eb8a641473b0e0305,486782004
f7d63e7cc68e7efafdffe848c4393b9a26366e560a1964b08800f7bb7b7c380c,485542025
bc786714094236854da050042bbc6b879c245e2f1960696917c91bd392c828ad,301656028
05782ffcc182ffb964a509a471ee62e4ba5fd7eb857524a3539fa74bd79e168c,358254004
8c23b02ccd1a1364038b3480cdc8a06fa5d98050d3073fcb86f9f6b56ae375c2,487053025
36cfa50aa3706ab25d0b4a9642083374540f32fbf91063cce478cc44eca58c83,203595036
bd29e3f4118b0a328c92e783fc6a4ed078d8d8301dbf6213436ceb1dd30b78b4,424254005
15a4b324f233c36f1830c294eae1748d8714b9978f85dff784353191500df40f,462435027
da72b140cf16f94008b1d6830834a01ac93e5b3a32e47225b657ab2995a6c890,423900021
e3cbe1cd0b6189061b6cc1fd1dbaa04539599574064bd6814b77e6ec09d97563,439285001
e4300806631068e5c9eb7ab2af2f9967543de02a8e55236a5d534f247e3296a7,453272048
ab3049495a2860447fba99fd8e366f8483230314ef569db9843455fd938d3ccb,466599010
4672ef04ad380940ddf06025b3b554ebab247a51ce0591b4669a7dfaeed0e8be,453453024
28ea7b6ef703a42a180681657b7aa537a7d79da8e35274654be14398986452e2,463601020
19f5fc0cb6240b4ed2dead96e6e466cd272e6de55dd9ce747698d6c9dca35447,453831022
d62435e43a4021f37ff960e53f44dde669fa0d865c68e24c27401fbca962298c,249136022
9f79d8db806514e8743d98a184b3418dcd6fdf19a29fbc83fc23049df60ac14c,118458004
713f9335f29d97986676487359219b4dbc5dcc91c4dae4812a2b224718fc494c,111565001
3591ef5a968c84c0d0820ba6db16b5e36559974fa777fcda230baeb586bb9d22,487750035
801b43a4a5fec77500e8ae912b05498978ac6c4e12e7dcec2b28b04e53c353bc,429313023
2a384a7643e616aec7f12f40de94778eb1175e4790cb7ca1d73647010571a735,486755001
a8c6ba47f97f7672eca48ce30e05e1143add0ee00f9c819ee3eb9f11040f306e,360950008
a0e8ddb04dec0b4d5ff223e79ae7e608177a680330108cf6ff7a9ec89fd223f7,401136005
65d08dce73a490de322ff60ec8b17f2df5517d24be75b63afbaf19a43a706aa7,464297033
a7d3047c50c5565a99eed08e428a71ea6c066432f975836b1c6df784d37d4f05,305775005
a962ce4e5f32b3c9c1bf9ed41a1cb0e53c1983bc31afcc56eec1cd7b7c5581a5,308154007
c8fad3ee63845ba5734d61da15ba450dcd1b55a28beffa1cce3977b688171a4d,408045009
9c54fe1ab3ffe772eea502810eee1ab9c411862707eee6a64670872e63ca5726,477893011
397d25a591e297971070006368e001100558009e2bd6322b20a2bd56ca3d9ff7,425217008
29a34dd9bb053f31333a6f0386eecd396d80cf78669c11de103dd81e9b74b79d,409730007
edc85865287857f5a4614a1a590551a684ca8cd5db82f8df24fed84586e6604a,349301032
e057d251a9d99140382763aec2aee2d4f287026f501c9751eedaa31abb7a9266,293510007
a7f0ace51ed525bae4b64d262f4fd10d6b418b9fba388dc51ffe398370936418,416961021
e9c980843501172f66242d5708df0d0bba61233dea30f1bc009872c9ce392dff,485542011
19f5713c1ffcb012a8409f8e335b0578558c359e60c2b27c34d9cef6163f4ce3,477515004
32b71711332e68bb2c12dd870e279192edbf7c1ae8abd05006fc5eaa317a76b1,456032014
9a9962dee230401d60116e09614058779b3ac46771a2b4275da1f0a632f71839,481912034
59f392840e848391e88f34ccaaad35456e95bd1d06d93bd17f5d03370fedb1fb,416157011
2272858fde521fbcecb686c3d53886eeb76fd45dc63bcff04721302c25005291,452851033
6fe1eb5c48cf84121d19a4c24d4cf9f9bf840a6d04159c75ec53f4a2a9e08fbd,375917006
6a2dce3cd54acede16186d520e35264d002596f03f3a20a247a5fe5bd1661e4c,265069024
c49f6d8165b9022004b5d96ba8d0b93f9ff74041a409c286d221d8c252b41e20,475791037
976d6ee0219b4f8be08176f308ea07e9a6fcf5d16030acd7ec49b1134a12794c,255396018
f94938d650dbd8aeec70dd22cd7c8538eb66c06933d760a7c9ac28fbc0cdd93f,378135032
bfdbe9be76e99e409fe6f4a4f0d554ed5ab3cdb3e87656de322d639be5317f0c,457892005
efddbbaa5e4c88706998b1ec69d7970dd0f49451755fe0a7c2f7933e7f5b05f6,189691067
329e9d66a08d22b408ac15d24995c99df4a35242b91bf2aceb79285b579957d2,399087011
3713c5da0864d5450b3ff7947801facfe5fc9e618aa7c83c0a4803b95f82645b,186372011
310082f08a0a4226f8c9dbf620f33bec2b022efc8978a32242e68ba14adc016c,452851034
80622b5910c5d817c4736cc4a734d6ff0fc076342d724017eaa7c569b5022a88,425218024
0c67ab649f2ead6eb756acb5fd3fca71880ff7a31190897430f48cd286100824,174057027
e88ae5d65e8f9067d0ad7fb62e144cdfa9418ff9e1116eb351c699412a054754,398829008
e74c5742452700415dd76060f2c808620ef036acfaff8586c87c917dab09fa00,456163002
a212be214b2af7d3997f4a64e8699e30d52a6a8d551fa686880eec80c4fda04b,194242048
89a461a62899902d9560fdf93e932edbb26e16c454b8e57de28a4df2e3a9b714,476315038
0d69ab478dae8ea5de39d121cb81745c476cc202ea83032e83166c6a1da3a394,443262020
37e1bd8ccf31380e7a7e94a338bdecb3d064cf3253c67cde50b9ca63d0918424,481912039
974b172e167ad3eedb3ce9c59a5b5adaae435382ea75a500db4ad946022e1c3e,452851006
92ece8756f2e1b73743e124add81162dfc7ee374f950dc0420e2460273a2e6cc,483749014
c37feb33bf9fed0dcb1b23e35a1d91d8ec97d2e72a86632d4077ebf412c49b5f,433414034
d715330f3aafa11828b0110c292584d6b4a91780d18031789a249bf4d39328bf,297898002
cb0832302272e5c2f675f8a649232eaa7a5c0927c131fc0c51230210e787acc9,449570054
ee1614d982f4f644d18602c07ce0ab560dc47a2dea515e1b6ebc5c98d49d0e67,390512011
549e39a9f5531f105b0d317fad9c46968aa93cbf6175a1551e36e082dfd5f98f,355072009
bae3bdf0a7d8857e6fc9b229d9ed673e7d362cfa5be047e8c455f2a2c63166f1,187949025
c6a7d444e0a4b524d5573cd7b15cab334b474e5ab3135a8f781943b8a1d197a7,179123040
50fe3d12b84ff8678e16cb3b72c530ee78386f3584d4318bba8aef7be9e0c748,150959013
a3738444ae662c775c9dd321098c52619e05376c3b3d8f3db8297644fdeb1eeb,443262012
00d77f043a22a161d8e2f7f0b0e5684290948c76c34b27f466c6cacfd50a0bff,396135049
68bb9d63ad03ae7ce5cadf10438d861ff2e8ee2c35eeb72ee8dacce524e4ca31,436083001
20849827537d9e27b9e79a967443f1f50b353b026b1e1786e27981836cd9e03d,487932034
282cc3a352bea53ccaf14e44ab3533b5f420787710ee557651dbed9576308f09,392820002
11db287133614c0e96908071d01f1bfbee0c75cc6f848c9095b4c6d0ec8f21b6,283236029
6c2c7997b83c0813b4dbbfdb521a0cc4e3a6e20a9309f080e88f510121aa7d7c,447264008
964b7497334c295b70116b2ec49d5368bfd997de66e34ecda53630dd9fb79d92,478646002
fadf848ffbf98a6c02d8a702c3759bc3fd54ebd4fb63bc87b3d52c850b05a5a9,356438015
c629e2aed66532b775704302f09c4d574549395687daf5119effdd13db120b01,176550017
7342872231469ac5d6bc37b47edbe971f6959f257a736a89254525fcf2a021c5,282832012
bf1e83a927a10214f5d1dca90eafb64b359aa7d6bf4adaa8256c702abd7616f5,290519024
4409cb8bfe08e80eda45cf779110d40e93f36d69c041e7ca9b502a0492447f1b,307952006
b544e6f85274489493705e25663e8fddeb9a69dc854fba4387cff7f96b485eed,445419010
22defefcb438473db169dc6fe26d67a5fd560b174d02b64fc8aba1da3245dc69,449570036
27d2ed0919ac0b3351900e1ed7fb77a196835e6591b5dd2dd310db6d4cc0b251,302311024
0f595543c6ff3373d18a25746fc576d9825deabbb5dda04ed7f812937d90490d,411758029
4dbb685b583bea6b4cdf71e19936fca2470595b622798bbc86cc6569cdc9eaf6,446224036
680822e656fd7baba220740f994b47140b1a852eb9d024d83d95626b9d15fd42,487827024
158db8869649c9f100f74d95a0cc20313d21a2a0e4a1ac8c682cbb18da26b3c8,456163062
95c61d911c1d021c17137261fbaf333c5ed7f573af78a3643b41e2994292e88d,485683018
381510671c4bce90e6a38c7fac4f070a6dfe8a646ddde543e97f2d23fa0b842e,253448003
642a7ef115bc5ab2f99594beba04ccae471c27249695c2d94dfbfef11ee0075f,462435030
87e90df61f8e63989faa1e2603236f82c135c889c7770c72095beb9f6794359f,479227011
fac1aa74edde5c70c51e1ea842d48fd8298e3145b708068bbce49cc79deae1eb,364409039
8ce3fa1b67bb83b77a911fd80d340b687e1e5239a527b9d3b148a753791b2716,338016011
8e169791c94e28076c30e733145517094f7103d26b79aec3e299d82ffffb0fa8,471714037
023a92774688f2040a96e3a2363d09e8d61d9a263729ca5380be318ee8c79406,291338004
6343bbeed2a3e8e9666514eb9561d97e77a353e8bbbc84f27bedc08e3dbd3159,393993002
a2463fe4e50d2e473f1ddb20817959fa2a5ff886b07950d772b6c8fb80baf610,299668015
fa646d753faa6eda46befff4e7b808fc7f962652c0ea9c4248a278f01ed5ec57,387348016
b5adae026af38a3546675f248615301b71d987fe9e3e2558517d3dbe1aeaab6c,294076018
29828f2fbe19eb4ea5572a36db796022191e3efc1c7113deae67bcb8c86effdd,487275010
9a569af1adf222bc345c362c06bcb2f977857614a5ea1bce9cbf512a51584407,331474029
0a837ebeffdcfb1ed0f32f37be8f4625a657d421e248c13b07018a7633747c5f,373506026
e9813f80840effd084ceebb99defaa31015216fa1bfb55ce906b18f7859e53a9,408575003
97358e9ba43cc17570c72a2682a2457297130fd866f1485ff2adfb8dfa76e4fa,442786006
79b16ada9b0854ea1faf6598a530afb379b3317a4b20c1cf342e6f2c65f4aea0,477576021
f19a0ba602117e74309d8c28fa4ccb5fed7e7ae64a2e1c1d5dceb8bd6d4d6498,218354020
a52761c6b6f156605dba10c75daea3129afeaab89069b962af59e7d460c7536c,417427005
65552bed638a1451662ed605c5be3c9264b27491d6aa29e1ab19e04d7eeeaf17,188183018
87b4a06cdfd3300b4799f5ad204b26e4cd4b72f96c9ad6deaa467f24a9d66b09,474471002
196770daa667b30ac8404557bccd5b02f1f9e7a798335561c5284b425b0e7d20,326885046
2b1b5f7beccda2bb5f3f205e0bbd5cb7abc4d526f529596c392cf32fd68c2ac0,304766005
4606ae608b828598b4fafa9d91acbfe3be0925ec2edb0fa25fa7293262318ee5,456163086
0fb70883cdb11a61cec523d0130df5ab985025aae9276d84f949a5c49f498a5f,474461034
44f3d0844d436d861c757606d41a14240b6370e188537aab531945063d6192db,456163070
4bdbd036fbadf5d138885cf95a72dee4974237c32d9256cc0b42f4078bea31d6,401044021
18307e13a469f4392d2b8da2a0e3d8d3bfa6300e5160cad1591a502864ecead4,341909034
00bf0105c8e7907542f29b22bb0c1c6a27de9cdf10ad9afdf57fc4ad11a2b0a5,485689022
27328b1105664dd6531660cd2f5f5b381030dbffa1bdecc85e30f7ebc0908d56,450604009
78879aa2938a769d7dd7a7a1c65073aa8e772760757af3a7210565c9a110e259,485678034
89ccc14f2c15f2ad15b6d651bb35922b54f50aff02093797a4f391c7987aa71b,453028011
5a9d403e3be5960c906f64afadad0328b7d521735a13dc1e5251793e93875805,297791002
8fcacf30f9e69fca0eab3133eb315ceaeb50cac635920518cc7e46398ae40f5f,317348002
f1a1ecb3d0614f9e245d0c3776dc43d54d9223a769f962e8086df948ceff16e6,479095015
e1f984b32ff8bbf74a378c9bf536360b9c97f0ebf30245c429dee52da65c2f87,378447043
098693e380c07bac71ffa012b94cea8b9c111a44e6f9101aada348a722a289cd,487205024
485d74face48a457f74328bacf633c6245fe606c2742874f17f4527db16a89e0,198518020
5a4a711e84a5db82093b74c22e0accfcfda5fac8a09628a6a31f295d987d6ad4,425683015
cc1fdbcd4c215ee844dee65abb76af4ad2396b503227901835e0ec50815fe03a,348330043
89a928dedca4f8e103f6fe512d54edc9e67ace2d9c9e97b6e5d95daacc2e71ec,478646001
c7b8543f03b79c6210b48f270d88f3a9f61210b18fa59e4d1431db8e26caab69,316553030
68b61e0dedf7eb726bffbf36d94c5b17a644f8c3288733ba55bacb99b7137a32,379780019
fd800192b34d9122432dcaaee0ce88381e09e60d142e680536faefad8fca8cde,373506004
7d6fb94d195570d090cce91a720f5ba3e0410e53a14e3789f9e1ec4b70a4828a,341242007
bfdec7daab9779fdf35ce95fc850f5b518d481d4c706825cd3789884c145e0d2,455832001
45883ca635743baa8f4ebbfe84e1aa802e094c32a2b2da60e11b4c6ff74def18,266875015
c5aa744721867cda57db3c3db982d61d3d810c4781c79efb3530225b03d442ea,484398017
9ed893dd8514e7cb42ec296d84e79e2760c3f981994f73e057ae8910d6451644,485549014
ba08e47192835c79617192cac4970ea4305bcd93198722d4ba38d3a5b396e812,479549001
d77d4c9f001516f8dfbaa5b3dcc2126dfaf8c47729b784b95f75649ca0d950f3,315509001
41907afa4c9561f16cbb9ab003a32243ee04abe58eef7edc9685901ac6d2a77f,488017007
3de31907c0a11083500cf43467c4b660359628936a262a12230099b09327e79e,426013024
6f287a1028f1021fdd95bf3b83d577c16f229514fdc00d03e357985c7abbe107,485546030
d38b0934b7aa70ffda608f9af2fab8e6c7da0796f320ea13ba928a89dec966ff,399087029
ed6f1232ae60ed7d3a2baf9ffd41e218cd299018167942d78056211395467ca9,255396010
340ccd096ad8ea15b2ec2e1ca5d132f4d01d46ad1526eab2706b7e9444d42db8,453258007
bfc79c6d3af0916c32465ac15d33577193a138b3051e6e1a98029759f63c0028,344627006
9702fcf3b8d3a5b00ca4dcc091ac8eae75ee64bdc145ce77c6f68e556e5da1c9,224337001
d049c8b40d9acd702aa40daa2f791a6bbef6f2bbf5f495e66c020c2679b02932,445358012
dce55c469564220b04f3aa8c682cb13c45c4333c2c9acec5f2a6bd9a3c4172b8,327144038
e6ff440646d37de8152d273d42fbfefd19aa7b582d23f9a4e759ff2b5dcf8f39,160442042
110ffa1b655e254a3580361569816e04fa33ca7cb81a500ba6280ed4f8bfd13f,387348018
ffaf27d34f63adc21bbc2107b1f81423b3dd97db562f4536bb3b6b142a69b5aa,487932027
dddf81de2dd2394db10c6bc27a5a51b5ecfa16a75e9ac7f6c5a76b12d0543f60,317812012
f9d9d7101822035a5328fc61e87fb388fa1f16f90c9fbb2fb8299ead68c83ea6,485542009
68cb81b43689e5f2b91ce55c24c305f96521df3a0620e1a6a67ce7adb75b3350,413911012
797afa62f714f79189138f634fb166c9f599e9f71df7ef214355d556d6f295fa,386678001
82af7c89fe12865f74c86072a867e12df567f197343a881b0ef87a05fe8d653f,212629035
11fb7eb094e0252f16d2c2b4a9086873b64f94d16fb404c2acc1f9ff5ec36e40,164912035
50f54071c1d49f67704ebd518fdfcae7d85bca9adafdb2c86b52adf8f2239b7a,395575001
155f243bcd6bc0d093525c14f334fb42b4f7753910aed8a7838d7e2bde5b700d,362997012
5cedf3f7990304b35e416efcff04fd5eea21ad4ea2b124a07b1d853cbb522f3f,484207003
3c908873e52ee8ed616608b57584993956e39260fcb6368d2b7e54be6886ee1d,442992006
b1ec53fa9623b413adc4a00ec56f66e1bcc03b04f693983e9ac8c26b6c3bf2dd,293433009
920fa076d8e1e553740d3a7c81cdf8d6c3a7f046d79e184bac7754b6642e0e99,342954024
4e7c0418c1f7459a38dc5b0de52549ea6ff68a2e9c9720c555ce4cf58c584a27,354246011
40f9c8b203edd33ce30678390c971aa6de4d1c859740f6bdbad106a31836ebc3,487053003
20c82cec544a05b5af50826bf5729cf176cccb50a28681be8e5e8ba2a8055919,296476022
0e2680a609f861f7ed2991d2fd653f4194bcf00413f362f672dfd83a9cbd02e4,291338012
78088c6acdbd8ea0f3e4024d272b84160d1256a593834355c6765d897ea89b60,456163053
cfbbb23988e9d02f58c39538136dbd58d24704c9ae8e531ce2bfb8451cbdf148,304766007
1f6fb6bb8bf13ed472cc73c71e8b165019cf295fb61e33a112fac359934427cf,485683007
05093b8ac9f0d7654940a04b2a889ef65ddc94d0905bf9f64b419470a9e07e2c,392820002
31fcd79f84c21a4e24ef1b1830c0e29322264488c8527fd82b53505bff2a3be8,451229044
168e8eff6e0dcb754f32b966c09396ef1d0e82f039b5bf2ff464d66c26ba687f,485542031
002b3c0a44a22c45a8d62ea9d2b88d1a89e335f8b8400335a85c3b5845794cb9,399087021
c468c1c5fee04b08af694694a76d078534927759edea847902e049f7d44ca3d0,291338011
8db07c029d229c6bcfd4a445541ddc77c418a8999e823e5cf08997f7dd1180c1,228257004
79410e8e6d706b0c8134471ed6b396e60cfc00390ce2bb94e6e75be91176026f,304786007
c8c502ede45f94dd99be02531983675e3ef037e4d81cffe80c3d3b7512b47c05,478004012
35540fb6cbf8eb358c30111e8034873fae7662153c0cd72b82cc3514e594d8e7,392938032
becf7b41c1521b9fb573bd5afa14b41ea36575b8dbd0224663460da74674e151,269342025
f4a74c4f0b2a8e3109b378f1b03ed2b08486e22cd62558ee8d89e49863c956a9,189616008
cad033d29d67352269fca00b5e007d04cee2240544cb5d8db5fe489f8594e4c1,400901005
b1b1272eb7f6c23f2934fe25d02603baf4e9dcccdbc1f038efb481a9e8f4f236,476315023
ea03b965bbaa360423acfb85547503189e1101badf87d824e44bc15ca9df5843,475791004
5e2fcfaf0ab1132a40af68b2bbeab3a6393f5610b66de3b7943d5dca3598681f,462128017
336d3ec6eee45eb23a15f57e78112d8ec927de03075162d94cc2c32f85493648,485950005
176c85b9d5a82cd58ee9a1d9ac82bb402f3d8a3cf00b9959df8160af617434fa,453453029
1cd24884226fa47f02640073ceee7171f79cf7c17336a6e8362aa5d720972dcf,429313031
47326aaf5ab0265afe4879cad8406e64bd48cd7a96f7b8d2abdb5116bbed8d05,399061028
909eab650b299d56b702a493f3669634a61bec56943e5e5b8b6b38691d140889,458924013
d4c7eb119133eb8735c2bf96c5f023d95e9b9c3277782c64b1f29d7309a862fa,488015002
59f392840e848391e88f34ccaaad35456e95bd1d06d93bd17f5d03370fedb1fb,442992006
c67564a37e97587b93a6954b5eb52798da87e9e6068fe938e26fe76f61f9bbb4,372860001
dd0c07024986255ce53e4b009e81f8cc7775c50bc7bcf0899824706a2d3500f2,472755002
fd55fbd053250af3ea7de083efba8f40a351c9b99e985dfff66f687212c234f9,481696001
c92e0eab1af8c58b646fa5184e3251b4bf0c85bdc32d6eabc47af1ba6c27e7bb,300908003
be94010ba1ea48fac869d1b5967e6563f83a7d2a6d07083676e00532595d26a3,304766008
02de4f1198f38474c84bdb1468a40e839e3ac0ff7748166082968bc4958620bb,373506018
3d17c31313a63ac76aa9e20a9cd548799962654f392daff41522629ba601e1c2,465655024
f8dc31a8f0193621e4c24a9960d4c560b6c56d6b2722164fbbdb968577c1ba5b,487205004
81e94dfc6de7f2e1af0662bcef2515679135c82e65fc96b0117e4bbfe1fe2d07,453272029
37d209f6f795616954c8b0c31b330db149abeb7daef29d7e9fea882e49b7276a,345922004
05c77b7626a846af0f2e2b4259e67531219c33d00cef4c748a5473b0a1904af3,469562050
08c2ce979fad01b579c5a648c37d0bdf1164c1ba2c29a7dd901d99f563407b84,360950014
22fc56815e6ea502409b91af21724e3bc96c80b9de7d9c146a26ccdff4fae266,401020005
20ccafd82d923baecf1fb8705d459e243c8ca9c74ee24e4adf0cb1fe2ae4a13a,428291001
1152d6bbd9216d22d84a3d0fff25b91ade9eea5ee4971f12cbf6b5d525c48323,375248020
b6d7d7f2ba3515aedb2508f8e6a21e018dc2767efcd8bb8adf5877bdc7e38339,416511021
d3869010b0d526164218cb890a05ba6a838758bff0c0e16414cc9e7af0b8ea49,466381011
c633a3de47498ce7ad70241792b398553ec003fd5eb20c5caa31f896a3145d01,355569043
43e17f3da03365b49d7e471830c5f7497a962f0301630a7bf12072c0817245f3,339252007
2a11da2d9bbe2f8903eef6e0c51d65777afcdd1556a96537b4fce41ba7683a80,357792007
177faae1e04d0efdeb5eeb3f2fb688f3a7fa62f8b8e60222bf05aee45b0a2618,345830031
17969e4ed3083d23ac31a19f040852341fe29ea03c12462eae2c53a35af3f9b2,289597022
5284e31904fc12c1a8c630f1ac9c5ac5dd2280f5d9c8eef2a4e2d5474ab58933,443696026
c2eb477ae2a4821c1dc90b7ce55e18809a31f44165b612edc0a84a1edaa11cdf,483373007
82365eb61ff012dcd51ebcfcedc0ce9371b1e90ff0dc79174def59a70b3c61bb,266873009
cf282cb09ea06818e6e603eb01e2d08a4239012b78974ff5d2f897b4321a30bc,312058003
d4f43aec2c4560a4f7bc7f7306d98d51b9038ea1b23bb7e7a28af46d2bb047b4,399061026
c08411cd2948f84262f3858f5c6719c5df2a2804d3ce7e85badb4b48f3bce3aa,305304010
f6f8efabafc4ef947bf9314c1137e8553b335bf748a94f6bdc80def9d94eee93,445901009
c6262e28a47d263257f02fed8dcf57bb817da0bfa35ec517d62c8e9ac32f09a8,378447056
93044c578540638bfe6c1602bcbbcc02628b2ecd1b9d732ff94ced3f6fde81a1,359909035
cb4854390ca33bc38fa28fefe285f00458bf87cb3e5f301c935a9b880a07d5a8,265069021
c836037f63b897423fe164d9eca81cc555b4a7743fe096f901e708ce796557ab,355072004
abfbf4dc393cea0904c73f8e043ed3056cf32bf2c528ddfe05ba4b1eedb05577,487932029
123c4b4969fd8dffebaa7ebcac1990e433191ef795d0f6ed985200844ed653dc,453358011
07e738ac7c3b74b321ea9c801495178e094909388d9ad408bb954808766c8c67,293244010
915cc8d85013f1bf8e4b282bf297b2549a6ad5429faddb8c74a14b56b8089bae,445358012
af1ce5df6a7739229c2d30f6fced74e7a974d9acb5839861bf0632b9c70f37c1,405636012
0a7d7baa6854ba67eca2d40129a6b327041ef7bd2749fafc08fda92121946922,458428032
652bd64335daeb017f3e9bcfc986c2215bd17c998124b396644809c9b35c4f88,469137015
350f0a2c96bce1e0d9afa2d7ac9958d6ad4d8b3001174e49636976c272d71774,466948027
263a732433ee7972d01823e2009ae5b44a0564e31969e34071248a68ef89efb8,341242013
d162985c0a864a33ad18a67cf3e8a7148a1f5bafaeef404b081a818afb4e0566,272591028
f2df9e7e4cc56180775499c594596c594e36ede9adb0c9c3c76eef01d742c525,358254004
5d84a8861cba4a2a1d61ecf442542c201ce388e2998131f93cde466a83f8119f,370868011
f3f44c10d15794f65e66c8c6c665b0a197d5656134c39349bf32c3836a8889a5,433444022
fb5e12a9852258fbdba298ccf7fa1798edcfb6fac782cbe66c08156d37935659,445400008
3d98a174ca8843d79f3f2496a06a347aaa29cd99e0dd411f1a7f99ad29e6f0d4,351771048
ea26b29c5d79bf06c2a9291fb869d244ac4657379153c1b8cae39ad96b2f7b3e,348330049
f2b73268be39b90afa3ec142df76a7598832d6080b5878013fa4cd0ca3f6a371,477893013
2ba37edded6811b81eb13fb1d8e772de6f42811e103bd09b6dee4cf25edea2b5,186264016
8654c2706a1b504fc688793254ad10fcf8ac8a0d63b03252545a635f8b2f264b,458543003
a43d945d1dcd406e1fe62deeac460effd1c29c182da97b4787dc8cc051611b6e,462086005
af12dc9783346acf18f5bac8b13585f10eb6549d035112821e67f60e7c843621,189654045
4017baf91418565a7c80912242db77336f1348ccf280df0559c90ea1d0da4f39,448509018
37b0e6e26a268ef32f2acb929d5dabea14d06c7d5f0ed43ad86ef58f59d19f92,361467033
1bf7e1284c0e024e9ac2815ca99cab2666ddfc7d786290d29195aee2c067fa1a,212629050
9d599b87770fa2d7bf19a17020efa57abd667b9d029f3208023aea28629aec53,237222001
2e52dbc5acbbf9b1782d772a12305531328a5db27c02717feedd5d1037b9c2ed,443078013
eb45a50873f1e7d4cbd3a9a68fa149428a7e57b391d1025d696a381f0e59aca3,225784001
50ac7f13ccf451276872840365c4408ae6a56f11a8484e3521c974a5ce6add16,482178001
e7a394f7a658089e0f19eef00c223f26dc32f2fa0f18ed41b6a1a36cca3b2b17,299668017
c85cf1a887052988d512d6595ca72cf27c3b97799baa3ec0ef6bb163c44dff6f,453134008
f869cff93514129ae1701d66fcc8982b8495d083f85ca038e3add9a52acde14d,457322003
b0f9682e39cd5310609d63d754d8c14aa7e47111a22c59b5cf1ec8a1a90f132f,347983043
49868c8f1afe079d9e932d4336005a727a02c33ca1b4a6d306417e4ac5bb11ad,397068015
1aac60363fe4f1e3e91a14a4b12994b135df651e671359966f7d8745c48b9dee,446224035
48a3faac63e70190d29516d16c1d1ae7aca8b34ac368df73e4044079c115be0d,485542026
acf151f12b4339b754da1f4737e49697507d4da3af8145ea598769c5fed2fe3b,203027047
aeb8fac5237f9c962602c81e73b4f065f841af8ed250bc11c07b9107c9996695,408875011
ee4e840c8b7975830103c588030f8bbce9a9f049a9bf8b3c81f967d71a268fad,397068012
95db634c4656f24c93c497a71082846d9a5ac535e119488a9498427887fdfc01,377277020
ec5167dc1878dcf94980b84d360720522eab040c402d5190aaaed276b9cd31c7,316441015
7d232d98e0f3c0fe4d60e71993bdb066f4b16926354c58814074b2ccfa6d1f05,471566005
656ac5b2c70eb88a2364fadc1c80d79ba78ad166b509c2a42c23b76ac40d6a97,306847009
33d2199001297dd7912a3eccc9f42216b2335608705cecb2f396841bfba386e2,485542038
72be63854de360e56312124b1201c8f9a1884fb33be2a00b3b6f72648658642b,423900006
d8c86a99365201be41ead3dd20d04c4a4d236596c4926b3f10bd9b3c35da58bb,485688019
763d109ea39db03891e8dddaf7c9ae2d76a5f6f002ee3f8fe5c9d8a388c60098,487054013
dfbc1c4c2833bc7b222def7eefa431be7c623052b5647a0b332a216cb8beae9d,225784023
1e9110ca136cb3ee04bcfa54d89d64f2d730dabbd98b3aea661c91eec7da44e5,485544018
2ca0701bdb8dd1a0cc77fc03ee85c067d19d43c106be15c912c1c42b77f6a024,358483007
4f7dedddf8bff4d02845e6d34f3746c738ffcd95f09ec894198c26264710be09,399201042
2d8501fc709be87bbdf2880e4c0b98affa90001a224c6782692267b998cff9ae,114428026
a53330b8ef16d0d8904cd3dc07ee5d92910049cba2ad48bb0d8ee342befec55f,478566026
e983546374caf0d1b0d6d2df23d82a322e16f45b7bfa2ef39ac563a8dc7a9aed,487207010
fedd379a7949320f2b72d252de4d3399f70f8072b4371b0745246b9ae8952ca3,456163048
f08321923a2b37572b8b1c3897557b97192a0ff9fbe7bee8fe8c3b8efe9ce099,203595040
bf4c246a7062dd4c275302fc8a1a2576aefc84eaf90ddc65b7aaf5c7813d4950,189616014
05fdbc599c7d775cf26ebff521ca63d3fb3aa3be17100fdbe7fe010d513b123c,395127043
81b7985a4c5c496f02a57cb7a9051453c023d3566dd5f5e13264c3e91bb9e397,361467024
61420aaff555c6698279ea277e50e454d68dc774d9b5878b89d8a6ed8f9e3dfc,217207055
261f7b09f0ea422e296f079bf4ae05b700488953d385bc30699f83a21535c4c0,399223004
85f9316007a07a7c706458901b2ad6f24dd1fbc56c875bcf772585fc7dd09403,338016011
0f42cf85647f4bd197d0738ff7b146a2c34fc0010ecbde620f8e3498f5bdbc2a,408649007
96e14c2fd59a6d336d5176fe1cf25a256f7c605f8045fd2b9b46e0f647b1b492,257667055
48e3a795a78cd77e1d883dd3a34df08a2589c399873f97c0d68798d2e1551fe6,487206007
41e7b33f4ddc8a81d45e8933b7ea709b756f67c979336065504702d3490cb3ff,254457031
c7311a459a385b5e72080c33d5d256c479217c95ef322d45d1b0f47cb9a1ce08,257430035
e704b0bec94f673bd122151033c00d8a5d8861149e326f741922fcc0465f17d6,351484012
6873206677a7ae82bb319f4b38c8fff9f1c948ccbe56c46dc8d368c5e59cfc2c,483283020
eb2f4ecf08c39e59d9e04ef03bf946ac6f55e95f9001e31cf5cc80d14abbc39d,312878010
98ffcd78d9410913961d90fb39298495ed3dccb3583b84521b7583c2ff516057,402065041
0f308c68ffba67da4e669b02222378bf076203d025101d1fcddb84101a9a2e16,316085001
df5bbe76fcbe9a7283659da6bb7a7fc68bb6f8d98347259356b5063beae0a96b,464679016
0fef24ceb44937bdc3fcf2146b5ba90d1c863a716549402966f0d6a51a70592a,188183021
7027bc006f9e681e5660cbdcc0f8269ffb8368fecf0e052f275a6664cfb196ea,462435008
6471dcb79736bfc7ef5146a9885acd62a15d48bd875d43e373a6d2231d205e79,426199021
737b97602e386287126809bc31149688a1b0481d0d20f17f60ac5f1a9d3baf6a,487750012
47adac03f8945b2fa68eb16319c107314d0ba4de83c2af26f413ca9921a2538b,319906008
2048a4de73d159341d7b0ef5d9a9121a838fc7d2d24184440024959df53c0ca5,391032005
8f28bf7f1d3375b6cdd624c19d929f20d67857e2b332f9f0b2df39b8243c28d5,378447033
d9d6db653171fd3993fe1a97ded058957b744b43db79180f0fa049e47dfe4943,403844001
54768627af3061c38669c2c5a8bc0a3e52067c79294c7a137e3a86185ea1ad29,348442015
3ae9a6a1eb38857d8497c0459939bbbc18d52f624abbecace47f28d244c9fbdf,373493009
5c719835a271a0d36cb245ee63e637d0c39bfb3c3ff7ed6d0fb4b31679dddc17,379360015
d95d057d5675e33610173de6211a2af134289a5f9775882ae0a41239db14a2f8,487275023
0d558d8bdf047da73cdaaefe113ab4e12200c89fa3f804d98a99ed34fe81a4cc,485537026
6fbab8524053bd0c22eab467aeb5f2bc5d8e6e6b70f3e59d5ed22ce3aaa5abf5,464679003
b831505588badfc885aed2076632dab201a46eb234fcbedf29d545fe76f1b544,379360048
d942b699df86347c550402ded629337c35b1832e5693526a26bab6ea45f52879,297078001
8e169791c94e28076c30e733145517094f7103d26b79aec3e299d82ffffb0fa8,458239001
524b0ccae56dc1c2750bc55d2769e967fee1ad5a86ccae1ceec77f0d96ba9223,408649007
d1cabbf249de1429767bbb5f1b88aacad4a8237edec7c029e98506cdc1cc85a8,488012028
d4b1cefeb2609d4ac3b395b5bce4f83b94b6a07cb667de79d1e8cf3d1e26bc53,297078001
634c81c796062b2c8d90035edb8db0f56101ccb1919d8920643aea7cc8793a02,368603022
11bae3ea2a8c1d1ebf42781dc90fd4e604fd6de43d2722f240f5befd326a0a5c,365439052
c7e7bfa85822bdd8fa154630d99b467a13bd7204958e48eacb46d072cf3ea4e7,430157005
e9d9ed926e4268cc8a3511e44c4f4ca69312bb160e11afee447c53e32dbdc38f,372576013
bbd6b8af056dcc11c56847bb86cb2d226675545ab32278c1981b1ac5dffb6d72,487206024
48b3ba51a19a0c927d6cfb00f1489603845cee1f08224b3d0fc62d1916a04e1b,296476013
f8825cb1ea8a2014f8bdfa179c6590f71d3a0b71a58e41b261d8ac112c2553c1,301517004
997f3a9d444a3893dccda0fb486a3def7365e82866419a8437a2d76cb66665b2,477507009
0cb6e772972093c866c770293438c0bd5d63ac28aa928d91b78fc8cb8ee73884,488544001
b7c2e80fbac8af1c2a0d5f925de924b1f31afcd20463228620223391e08d5c7a,451720010
d86541b26011c4d608341e5e9685295cd4129dc922369ad53a89d907d2d7efa8,380894037
6813233240143625981f5b4231ad4e5a36f9ec6e9ee200286b896e891682de76,398074048
2b75bdafdfdc87e477cfe90c436bb37d98dc3eb077aee191fc5c70388a66d81f,285602012
f9dadfce5adc4045c5a86dec09ffff29fc2c604026fbb96e7de77dab04dfe9c0,395658039
2f217bd17fc1acb0ee1151d5053028c46176d2ff7a62db88fdce84e6cb6e5203,398829007
e246d3cd226c142fc2c82d258e2a6bea937c1ce59c2938b8174adb122b21b5d0,405636016
5e3bca09d2f8e421ec22177be7cc22fc063d217e4669802a99dd68e011ab45b1,335037005
740d7612155732d3293f0b7c388b579904df0ccdf08d4018389cf5adfb2ef097,453453032
a0004186ea81fc8fe07322a23b871ed5b3d07f7a5d4845c86dc1e5d67a52b8e0,485544014
7d259ec67b9e08f2a18a54d5d9c8ed4c8645ba879e47b2869a05be24125f0a9c,469137010
224bb6011214a456e83686c9afa94e99643cb65e274e8cae6b95967b5bad11d1,399223032
4e0e75c2b45fb4b4775241679ef4e043a935713c62f179c29cb6432618fffb16,457722013
3f375bcc8708585932added0eb7f8a2058a542563798adfa2de525b87341152e,423900011
78df5a968062ddc5d6003ceae0c750a23e00d13920592f0188c87ba20bb9d5f4,404441008
196f06cfec5eec3693b574193e6ef84fe49af6422ab1b3e9a88de4af13b99638,410024007
d9fdba733c82750984df2fe41bf7e3cae9fcee368f90181a54f67b0d9db1df68,486639013
a50e89855b4fcd99f6b68c4cc41d72745ef0ffc266536c7595b74ace6de4294e,408649008
0b8cf332ccc27e9918e883958c3de8413706b481e0f953dbefc9eb3f3b8c5157,176209025
ce0d28a6940d7c30a1421c42844c4ac7020c9d703e5b0991ae73e3cf4e890b78,375849021
ed9412f95d586c7aa1ea0f0ca80b2a2dbecf187f74c5a2e437b4710c0b008600,433275019
2f382f7a95d31e8fce457af713f23b4b73c094fe2fc574a5c4f8b5ed94b5e112,424470005
24e78454834f0ab76c0e1fe1ea3b686d834167075372da246e6fda525c9ce184,251510001
21b0e1e8d4b4ecad53f949ee0db7a6af921b3ee0cc740e50373e7a0a9782d680,423539001
99506a9ab9f119084415ab8f6beaa66fc97d9b2cd7c0d4cd9512cfea58418a3d,476315028
cad8df306a9d4dcd12aa68a21e4dd34f92d992e866ba842e803f1334c359c1d5,368038011
5959ad6ebd6044f566d922b61cb46b6395b8a02e89132c25a463976b6fb96764,469658020
f7706b7606b39e3a02770078a03eda6cdadeb267c725b24202b1df102e23357b,457466002
e76a8b602462f573e5b76dd0945544c1792ca56731515090b8aebc759bf1f881,482217001
05c230c311959e95ad3297392e786f75be9ab048e47d2f8873e372eee636acdb,380609023
33c311b9889f1b70588d4341fd70e61d7a26863951227122a810618a71498cfb,365102023
4db7a31a360db29e69ee842b1bc4b4fdb14ffd522e75161fd6ec38d5f8ad60b9,447264011
97b1e7406f55b10ebb2c61894451613622764c786fcd54de30bd73f667776778,458393011
2346d71f3621f797a0b11a35b3cf31464932578e469c4c9796d9bd30e8c9b094,457722001
f70e75418b04650afa14ddffd14fcad9562da5265c173ca6ab70650aa3ed58f7,457292020
e8e98c3da93881f0db82e80b4f807ddf29b016d1d0e41e4783cc78b6891cd7b1,455014028
00923f88cda50cbea4c5ceb2bd3467c620a9d74cb7da95ccbd21b856f5c0e2e0,485689008
fa57149a30b64323f735d6594591a1c390b8f5e8ff8590d50b81f970ae0b847f,464679012
a234148e931add5ab0d26c46ffe23d55d11508a9bcf93b8c1b888f856d0dc723,349301029
73c1df28a8fafdc873f6b71619c4ebd0061115989a1b96bcc5e53bc6037def3e,301364029
7108389f7edc2d73f35b4906ded02e2c63845ddb2e9ea52b2d6b13352330ad56,452618001
3389a05bb747235861c9898755339e4ec01471114ac0e2e73d50d9f12909ba31,483290001
d89ca3e785fb449e596d85b7d256ffc282799ab712fc0351a946609594d2604d,482130005
de49b001f3cee5625d3a825e501a92be7226a198930e5b8ba9669fd14e2ed737,439921001
5cef0469731db3f00a617caa35ea67aa168a10a285c6150214548c3f17e3cffe,352811027
f188add9385783d9f7088bac6ade37b94c0072d4fafa279202c8ec56095647dc,384482001
2584b40ee3d0c99b4cd21d28f08d7753cc54dfbe9ed0acf4686aa7f9a2dd6b6c,448509009
de4d127a7050d9df69cca14d28289c89831d25eba6fe8973721545124d3a6918,453309011
11b1b1018558ce62c4e8b30106be9da823b9be3c55a6d634e516409ce63e527d,237347011
66cc1f19c39f81223177dce9e1f12231a4b418340168e2f37362293bd8a010f8,482660016
a8cf43214284500a1e492dddbc23fe48f8fb42cd313f6d10402a4ecc3594d4b2,378447002
2e67a7e2c4760f03c07d45c1c4a4edbf05e8d48fe44a34fd7f3339bf0922bad4,269342025
286e3466ef24794f7e8ed30183c78758ad41c058da5c7ad72b0e482f115bfa0f,225784039
0ddbcdb56f7e67437ab2d0a9dd6bdaccceb9d1c46a70be7ad1c42fb47856c811,434773001
a6fb380c5d9ae8818c142f2d2eb1f43725b57d6a46279cbddb4268002faad22c,395658051
0a09260d4cd1b81deb53288833fb29b352577a44396195369087f6a58f6f8fcf,448262040
1312a0c5dff8ec8d5a05a5f6223b5a6830ffa647e858c444b6d647d577323fec,349301001
17c56fa278abcdc99873098d9eeab6bf243501b3e0c6a057d55c7f27c0b132ec,319906001
9b72e221a5c1ec3ece154f5597f2396587470cb22da57c19c5e57e343e9945a2,399589005
000ca60ca6d8de6d3b4689e2da829d69db5947bd89084cd3a0849f4ea57375fd,423900022
2faf8429993f98779db865383cca824a0c1cb1b5f781dea7053efd5e9912ff92,318951022
2b8cb3eb41ff78e233d689bec0f5cb05ba4c4aa90e63f0d5f03ac6add8d01aef,356438016
b83b9eea023323f04ce6b0c8774d3de485b582e1e72be05801efdbb004b89030,485726012
05a563f1b3ac99a04f39386ccee556b6b4338c626d64585d3085c9ebcdcd2234,395730042
bf00fee0869fb7a05f689c3a15d9e1e371e6d53846c654797aab61e7685b9b84,408649008
aa75cecfeb3f35ee8e2312dbba63f7f7ab57fa30ee1b9802a1d5d9836d975118,485746007
aedec27a09e6784d785941cf9ada705dbe27c8274e6c4cc428eb19d1988b9323,241590001
1eadf21591e07a2cfc919aae279fa149aa39237d1d505a871614e0edeb8e2a13,402065041
f33bc8e56a3be035ab13bb4457ced61268e1bcb8bf2dc033b0273bcdb0e1836e,453065040
cee5a4dc863be32ff353a5dc9dd1212abe612c2115330d7421257cd81dd69826,301656018
744dfdc29a57e49760c7bda6cff11826bd875f9a88db3d1066250338755d22d2,311059018
1b095eb04d37a138ac16d6a96eeb3c0022c798d94b4af45ce54a8d29371a322f,294008042
4e8f76cdfd0e3eabd9a96fbecaffa17e23d1759a388602e5f75e0c6f99ded38d,333323040
4c4034d999a492dd5f666201230e8a1ba24ac680c1acb21019e250579a6ece2d,453065002
9b2a62e748e974a443b9451e8e789b9b7151c7f2e9d7b87581b0c5a14dc17aca,459428004
4158821e5ff4a6a8745f31a5d04f89a196bdc0c98f7a38527524a2e7ab1c8f4d,327144038
a01a34c383dab2af44a5ddd6d7c8b02c5b707f6b591f63992db94e0ad7877358,456163084
dae0768a84a90b0b3d393e4125613c394e07407d73a29de663eef086e9392514,445419015
c9c57fd06c585cd21a391fd1e48fe8260865b79eaa8ed945f1ed5d34dd59c959,315987014
1b6096b97d1014337a0733021211ef095c2f71a1668ae7224a3b58ed2d470d6e,443696019
49f177661dad16c7a55eb4ef7f293c61ab056d86a2b4fc93b4dc335a66f472dd,454128017
28cdc9206988d1c77faec67dd9bee122419102260ad79c51fc4a313b1e902f78,462128022
24151049ec4f87ed87c59146cbcd465de6194d5cfcd32fe4536d1e41eac1881a,293510018
b502d543b8388ff935c73d19ef9dccba1df796a8a335a846682f1e4818f8f645,472064019
263a732433ee7972d01823e2009ae5b44a0564e31969e34071248a68ef89efb8,386859027
c7ee7629cf87fc976c5708e2602f1e73812e9783754751ffd06d44f9b4816d63,349301024
c69192dd66bb5761793688b6b52df8b027c7bee5faa9be43a5a8d9745d5fa9e3,445419009
ded98364053a5fbcf2e3551d697f5a71c11c4ba47e7616255cde8ca52473f704,488012031
26f702d38d528c751bbb2d4247673ab9e6bd8592e06401783f9df06109035ed7,464908039
1715d5db1009eb6c2180800002f9b3b885bdb544de25aef981fcbaed8d9881a7,184583014
0a36feb53999c27f29811410c200425457fdf666938d5d414c3f9eae497428c9,487206008
0da4a633a12159b6dc86758c7537c140b2fff8455d333cc43d49345b0e195d1f,454199002
924cfd8ddc7f18a86335b20fa663ed14268587cd0991d73a306a00db324936df,408875028
5e7f9eccda08a5f8be2018830bcdb1089e18191d99153728c74d7d5a0e0fa2eb,411413002
cc7198faee3ecd9f0ac2caa204e33d0064dadb6c19701d4913998174653b4a52,357792011
602a08cba03368f9e3bfe768815bda720e55398e7dfd4acca765961add0a833a,294008009
01e464bf74b13a55df22de1528eff2b33749c0cd92953b62bd22dee2de17d1fd,485546020
149dab8ef6bfadf0c1d581c65b537cbe2520ef2336c79035daa0520132ca698f,398829008
29e8a44ba88793663ac0fe44e6d3435b4ca8b4dc63246bcf30b1847cc840bb68,179393001
418f7e678a3ac58ee484a7be04204a9011155c83627b9750747ed4825ec2c1fd,408647009
0bf4c6fd4e9d33f9bfb807bb78348cbf5c565846ff4006acf5c1b9aea77b0e54,485688018
50fdace874733da4b8b957bea9e944bcf3c290fcace4a81f5677d2fb56da3528,325087045
4a2363f01236a3f7489859d5239be3a0ff6754e975fc4ba8eb3c919aa6bb0f2d,420963004
5e0e6231efd4133949982d42026bc745708f595d574433e8da81eb6c7ff11361,331062008
612937083b0e99233410c035e8793cc1d0ed448d498a22652d7f0585c8c02054,464679013
a662567abe8ea1a510ddee9171cba4869f8a5c45af76573795622beacd68b05a,366859032
422c889a521269bc47304cf82c654fd1ed494eb29571a16de5f363e6b1d96db6,384482009
bf4d66467587b6f64edccceb3b4f7a3197c2411914d98a498dcb30f779b1c2f4,464679011
4db0379d84b7436673baa2331f2086a3f78e2e05ab8405e992b57407155c186e,406724020
1cae5832ec2648588548c3996bf5f4776a71203fee94220ccaa2331b729ade3b,250099002
3cb6249a03550c6c31e64d2dbb356f254b6a68ae2444d56c87a7f7e39b3e7581,320880001
63536b0b1b1bad44dfe2063d1887b83ea3209adbab9ef5252944f78d73a48a61,440811013
f015c988158e6c72f010d7e951521eab496602e9578ffa5e7a0d70d268a3d04c,448262039
3ff283c55233b87ac1531fcc26ef49ac48cd4478e3b5989a301b0971c729a3a8,485549019
c435dfe1e49a195a7c57f4061e8cff5015f8dc2382610efbdca180afd24191fe,293433042
8b9b108c386bfaeabf0d9ef9acce4325e800f9a9127021ed1ee8587790b7050f,451380011
a8545bcb3920cb99afbf36c4c1802020e5a839bafba524208ba8912e2710f3c3,468480035
4d54241791288b3768184a02612c1a9fc7053078fe7602d858e078ed46d7d63a,249136019
41d93352e0d268970dda9cb43e4dab1c82ed63cd7bde2121ac10ccb4cc15713a,462435023
1770915696af61b41ad3081e9abced4d2b1c55102130e31ea5e96b6fd6adb204,376172006
b2a5d53a83a9efefd85008127fac43af5f823c735fcdd6f9459b53fed0398b91,456163015
bcfdcc86f2ccb5dc66e570a5b7f6ff4eb1829b8bf3ee10a8df33fd085acb1c33,487932024
9b3047ddca2f5913c4ac7e2734982f950c3f936b21d14ccb210d9ad1aaceea74,307239004
230e42ffde1da922cf2f1879c31ce0356d4a0cbccad1acc8116f70ceaaf99f6e,420049002
4d0889d840bd04ef188b662a5bd9d447e0277fb450736d11c0c32dc9e868e1f7,377266018
abae4253894b3d06674e35a99405db40c7dd56d1bb6d74e4eeb8cf8defdd2bd0,430157002
49e8772ce7dee1c58d7275085bc52f68a7b498a88e500f915af1e45551c71cc5,453358002
baf721c55bd62ee4e0965c466b6efe1bf6697e1edbc6033260a61b6f6a789e92,479823005
89c6a02b5e592e691c828706f1873baaac711d71c052f624483da46b5b62780b,483299013
5f7cadbb68ff44484823af9574b9df3b3aa292f59fb1fce1e8d756231c190627,443860044
4e62a33930c77d0a06e3f7915d0ccdee85ed66ec25a78016117adb38add214ef,400246021
2cb95c188bd81a6be00637d91eb7f90a6b3af1f4178b93a77a885f82bedef04e,465655019
dd0c07024986255ce53e4b009e81f8cc7775c50bc7bcf0899824706a2d3500f2,436577002
33f32e34f89102d05031086c0fded5ad2ce5acf9fbbfd6ac0f56c74b1faa4247,318914012
46a72275b26ee75ce8c2fbcd440bbba6973f6970ce33eb54f51e306f81fdf741,331093006
777e64956332462a6f614ed09ec2e52eff21d3b05062a7a0cdadafacab54a06a,474471009
4cd1b162eecffc0bb868d469ab8397b15592383340418704f0ab3e25b22ad7f6,488546008
0c8c3b6711d4984137f180f68286b5e817a6a212206d2515914a3023d322c238,153115019
05ea5cf0d17bbed2184071fc8c4d5ab05d597a412e68f339d6edc705dea1222d,433414030
6b483923d8db4bd949278c906c634aaab5e8726a3d2c0a51e0f01cb125ddfb1a,324963035
5dc3647138333ad6cbb8ed50c8722b5f3ac0e421f9f69c83a838a4a7762c7b1f,486765004
ec00c525968d5d7cd90cbb9ec31003b69ebdf7a602826f9da67feb76ad5621f3,475233012
ac3c7cdcf2d6a92b405617f7880fff67745cc53bff556738cf9788df885744a8,487827024
5574c42640b50f1b9882f7e3aa8dba5aa208607c8847f6ffdf862291e1e9e1ad,463670002
23400944764d2fa15370ad13e14475e21e226bd13075caf0d120eb7bfac03540,377436007
233e015211136aac006a0f4229a2c82b2c5c009993e5b344214883f52dde4465,287645003
1857109caa44c090c37877a1019e905f438138113e87a64207fa253565b9496f,322017015
9714acd7fb5b7924e34d4be1d364577ecf233a8d407ccd4449dca34fa47610aa,488320001
48964fd5afb113a24a8c72f9bd0bddfca57aaf421745598ce1e3c3cc438e309b,474123003
aaa5facdbb28010fd97c77860ba9cc4a9530d9211e5b82c413f50193f13e85ed,449897013
22490e8b0952b9b0d12edbaecdb34c7f3de8ee6faf1b3f14e1ff8948bbc50a7f,458083003
2eeb842b6e5765d567644a1b7597f839ad762e16c49148f68b0188df390e1ca5,399201023
867ce5a634708b5204d538d76ce4e6b85472e04c2da3879d02257e5e91513d3a,477893012
de1a4b480d43a71368101eaf5427848046fcc198c976ff2019beb87f0cae76bc,184583014
412c4ecacd8161b21ae5c14263258964884dab4119a7097d0d91a4a63f2ee6bd,366859020
c31cb16e4fc6c79f43681ad5ccb9b9bea61c5ab755a11eda8c5ff027d2da1f05,454128011
ba3fbab8bbc6a9e059c2b818bbefac96aa5b403a744fc8c5299a2987f43bb2bc,276540021
7f1e21168bb1397887754aebe78caf2c5d65941fe67e7d678321042a0a99a51f,453272037
71364f4c10f57b105b5fe17dca20dd25e3e911c67b66b71c43656a33faa6f551,466666003
1f809d81c8f313435353edd5a91dd57a3d1c90025378484d470c9f6669ce6787,318035017
e8263db67fcef228b43545b8317e74e71ee1120a139f6e5744a85a328015e095,485414002
a8fcc2c5508360a5f92ea9d4fb6621c41ac729bbd1e49ca607b93b18e5600f41,335896020
87540ca98c029c134c6ac077088d6b7461c3d91af9a0b2322d24bba065bcfb82,472064020
00ba8283e89fafff3aad95840882e1b8f9ddc7cc9a158203c071823e5cbe1e50,463285007
01c7e1674c1304b2e23174180bebd15d571e342808110fc877bc092e9d1699ad,407031005
4eeeb955af67e24377224a0ac607402ecb2542e7a9511e15b1baecb789d05f1c,480579011
dcd228b71fd37234fecf5de9c3e1b6af5a56422e8d3af94ec63301f7c972bf34,312878001
34a2b5e923180d92e36c00350276608cafbb9f0a08059d2978a3f9891ecec637,485052002
8668e0e87aab98f01297a929eb234ea11f2b08df2284b1d9d126907848887917,301656017
e2e90dfb64eecbd6ad91c502b7f9d0910f3e2be93aaa6579cadc6932606078d7,326885046
1b8f437de75e276c463915861aed20110b60298a094f29f78a86b4b4a83235f2,337991001
39c9af7210342d1a858dfe81cccbbb8ac3d12b6ea0eb4076c8c66019f45e5c75,481771001
81b56cd843516f7402a1f3ece08812ea8045fd86a794cb14d60745c70a9855c4,487206006
bcd1625f770fa2fa40eded5f70de6f64bbc86843f923e367e8e6905347a9aaef,449570062
06d08559fd4275bab0628f47888cbb05233a4f3994d69ce4f87ed61befc2a1b1,366859033
250f2daff9c4af9979b62e1f9faa62f58216f2796a9fb19e3f09e8d454f20a22,355072045
9e8cb5b6fecc5840ac2bad789207cb2061d01b4aeb4fe671465cee9d79904823,433414040
26e237aa2bc47082d06d49af58bbd65785cb979daf3110313d1484b95adac609,452851034
7609ef10b23fdef318d022611d94ae4529c8ca1ec0981a8461518af6f30f88a4,405887027
53ffee6131df627a9c1731c7524d04e2f2e8fd6d96022047e0b41d0bafd4edfe,443696031
1343d1ae0ef3b5769d4865795d0a7c6e7e9407631b9894db4d502d9408ad523a,254457038
f029d5575894fceda16d9e77d1853051eeb26f5fb7adca4201fe6fb19d6cdeea,399061019
c2a574453d35cf56e59c9731bbf67c9826fad1fbe6b403ad220d249ff2a2bdfb,408569010
764cb09820b7b2c04a8da41de452b465466b35a3c4144f194432440f31283256,445400029
876c33af6e5be0126aaf7a9f8907b5c0379b6fa94bdab18d1e6c3ae6f0d05f44,386859051
276bc30b90142e7c7b4309e934f68203d23158a9234fd3f2e24e5086bc46e783,485542036
c26d642c38893abe4a80848d90ce1cd6e6fd076c46bd268680d90358b9cd5db5,359909001
e194e109701ebb5df51d21f825bd9b81af8b533c3242c7fba3b2abf060c9412e,487050028
6ac39c806a73649a37c940b07e98879dd1ea137a43407abd5050523095c59b92,284985039
435a802160823cc462dfbc62976f9bdc0b97ead11dacbbf48e30d61d6d74e0fc,325087041
5e9e9413c7acf0f17d63014c2cda4fb8df48d28ed0a2113d1fa669f9a7e75745,487050021
b42fd0fa233c75e8ee013490031f40245bef2f0bece5652edb0d5643788e49c2,453065032
b8d769a5bb613f3615bcdd1d9bfb75df5fcdb1f50f7c608c2a5ca433173574bf,293433048
12109fb2f83e4d2baa0971293d6d7808e29213d16ca885b2554f7109c451ee45,357792003
e6a9140c42f3cd3100a154e7f955e8fefddd1bfb5a9259cd7472c16e0ea3a83c,215589002
acb07076480aff6c9003d62f11ba792584d979ca556c14518a55cd5ef2ac3be6,399136009
11048a333f0985badbfc6f48e24e68b88aab78be44510f13760fc7fe673c2d76,469562067
78b5f0a4368c79aca9fffa003dfd35374a23849762797673fb74ebf9d99c195f,362931028
d13bb6d45ee914baa428a0cd8c2a86fd69f77fb7cde69134fdf80f300f0e1870,400342003
f9bd690546de21b59adfd6b0e75bb1b81ede13021ff11ceef130c3f807fffaff,485546014
2356aa0c865d4c2209a7c0e07b992c76ee25f9e55565aed62c1b8cfaa9b5936f,375248026
1b994c53c1da0fafc3f73572575d1742bb36c9c06b22235b36f2c5133ecd8599,449570032
4f0476abd6c0ed1323f8d09b5152521787b29a3917d089d65057121ee01bb201,366859033
41bc5c55370c2153cce63f4dc94d5e85864a6d9f93200018a864f2c52ead3b8a,468591005
c79fac4f03ebdef78b6a76335c1a92841f6bda00b1c4bafc59083e7a75502327,395658039
d0d2f5c6b90bf2fb0b22465d8cd91eb09a7cb208ae7965c4d498bc7338a2cead,358483013
29a89161033b965224797ee6f370f9a16ade47fc8cc836a2f9569ea4fb5c5b0f,474461002
abc2a0307513feeaa32ea00195ddcf26b085c548f226b7bfb3c0940db0226449,146706005
614d678083d46baeebebec51147fe1cdb607fb0604caefd699168d3c4626c51c,449099024
6485bf34b0b48894a324a6b729582e735f0d46c912b7aafcdbcbb66325ffe818,451290006
226136fc3487d151b0119c221345936acdb22e25240e6cbc0f262d8641a2b5ca,466852005
d6b9100a0a65c73bf73bf80489af4b874ec2f13badf26c762b2cfe8948d4245b,488546012
4db0379d84b7436673baa2331f2086a3f78e2e05ab8405e992b57407155c186e,318951020
586dba80fcdfaf093b7ee95bade4bde253fec9ec758904f1cd5a435d2cd6360f,442915007
dc7d5f7e97b6943da5d51ca716a9c62592386de9638f6ae742d8fb918e932f12,433444021
0eabe31d4f698e8c467229c980311b413aa19f05f5042cee828bdc2378456b7f,392168020
25a735b6912a017d1719d20020ca9e57a2acfedf59cb30cf249a5ca27feb7d1d,225784023
bccff8f710804e5604dba925f8f691436d9b25b271ca61853f0215d77a484913,452516005
42b8fd56827768f27f3fc79a98286eaf11a38772e9af843992ad7676f7ceb0c7,190021001
f6a1e991811fcb3da1de832f24dac2b62c6d2267e7f55136485572da19163221,425978006
220bd4938c7920d8f9c569a392b6bff50c10934f007ba7d61e9c768a954809dc,194902033
27b4398ed463de4e02d909e1def095da082697b0b9370e66d59f4f999efb4676,395127013
9d57b8f883c12eb23f0bf9b12d78749b0f85447e02cc765d3c5583ae9e1d7734,301213007
1063d0b1410a8dab0eebdf689c7b6d64acc72294172e305282c48e2fb23ab529,457292019
f3f28d1c6c2a119c17b133a4cd7eef37d577a7d4a692c47550d260712e421e5b,439793011
e14d7cc6b52534ea248b0424762fb3a3405a2eb774c25000cf458bbb5e3577b5,438333016
ad8586706d2f8054dbb44fdc07fece08032f676e335d9b3f13b6d8aca58e1b1c,395864060
4cf7b1e3935b6935d0f655e9357aad9cbb2b54697f432634d80a65335d5157cd,477576021
61d1570557eb7148ebfe7a4e8f9d57cbcd02367e5732dd39dc2db842a581d837,235732024
43580e0d82a1d87f7d9d04d1dfc3891c7f6f734f451a946f1f909cebd7f401f6,479372002
17589e5cbf324cf0a4470b8937fd8a896dd331525c0dfc142f5f786e95f31f1e,356289005
25e18af81354b142f7861bc0b2aaff109c69c705daf69b06d4bab203fa61cf43,439285005
6e7c2e4ef212611f24fe9d855bf356c5df9ced214facc7159c2830bded74cd9f,485542030
e77d231abf6c3d282c88a8eda40596c07681fa7b3f90fa4b8679282b31ca8fc7,487050028
c64d9b6f6825fd7621567c92eb16d935aaecfe8b6af84cc1e6e0c8582f551d70,326885049
46e62f78f5d190d65b1171a50b71cf9a4972a46037ea7fdb2b6b2e8e643a2612,349301030
92a093021e56ec8e3383089f4f69d3060d48978ffcc57e13aedf5386ccdc9c3b,481771001
d19e2d907b1b900f1bb64f361a60488734863493d9a0d4c80bdc68a4bfe3f10c,468591014
9d20575a3d448d8185f95642312508f0ed695cf6c465ae303012e55f5a59a657,438702001
083d2acabfe880a55bc9a6f8a1ad89790adf8fe170c0c2a016b64f96324adbf2,477893020
7432f02d89e8604f2c279218e960b301fd30db9bc1def86c6aff3eaff31b13b9,392938001
e217cbc470f2c956f9bae498dec8719418cab3db6d66d50a0174ae1d5c1069b4,187949031
4839440d385416ba95095b4ca7a102836d5d7455e910474d06d1902f4979e2d6,485726001
04901bc197bed482adcf7245ec330c77adb61fc11c63815cb9cdbd24075e7262,310091033
f6ce207bf664889c80df03cd863cefdf0f4dd6c1db573f331b4c7c1611268e6a,355421003
53c16097729c5145dcb20656e4462ba19e2fe24daf17a4a1740124b517d1ad12,282832001
6029303d4263c70612b16425657571db489f33e08321fef1b4460722c0a05cb1,469137017
11d1465edd795cd2c39026aa63629666ac73bca5fbe89ddba66597ab80772927,474915002
05d11287164c4c7cb7207b2ad4b77aed11ba0e0e1cc8a29c129de2898b91958a,235732024
cf7e49df642c70f56e946517191b783ba1799f05c98156112f094f736c5245d3,342434002
e441934a8ab650125ee8aca2f15f5c98247e7f13e24673412e1f0113035f372e,254303057
1d39c44c56f0a8c98e33b9ef3395a3bf402938120c92e0a9a95bf28a300c4f3a,377277024
1a6b35e72d951d4fdb042aebd70c9691d339261a1ff970509596fbbd820d1d45,344956021
973357494bdfbfb7884a78642ffe447717d68753a397dfc14c69540adb019b4c,479483001
377b69e72683494407b4a5e30c80e3edac8e99dac860c103858dcad87572703b,480574006
6383286b66b3a253a1bc4e91b18e4c2a41dfcd90ccd315ea0e1bb00f0095e6e6,485548021
ee2f878250d714d9bcd8a1beec8a4efd0876ea0bf354eac88c3b536c1ae3cd39,468480025
667d76d290aeb06636f81354f8b784dc875dae46c7d95db84ddf7ea03e9bbac9,408649007
b8c7adbe551932c11978986e9b516a6fc692f652b826214c64455e1b4ffc8240,234187001
05887aca6a1742c97497dded62e474cc10b5c5d783eaffa4663e364e72a99d6e,357792007
338d9a75ea5a2cebec23a28c7abe1ac29cdc837dee3d483358ff99727e441fc4,188183023
84da9f94f256d25f9304da107837ab829820fac9b20064991d187265e0cc67c5,240561001
79ee3ce5cb85b999c88347a930aec68b940739c6ab51c7ccba7aff23e7ae2105,387348025
b124c2a866f92752e7e3d13131dcc3a3dda2591e557c474d02f90dc3d94c5d83,328480021
1a66371a22367e8118f8a149db8323a72443ca7911224b8649e7fcca8a022f3c,377277023
0d344de0ce1f607c03df4643e4616cbada7e6311d9b7a4df61614e53e3598420,485748002
afc918be42fe89e225c4a3e0df44db1529c048df1d1b2df1f84ea89ba8b8e21e,481912034
aabc6c9d7a32a4d2186f46fabff2c915f206c6d1df173c8388df25c5d8a3d309,440811001
03cde6cebf0521a59472810ed9fb66c300c197a64c51f5473c99371e30280ef8,485549013
dce824bf2fd1b839ccabb3a0874d1126628caa7cb0c950f1aa42b1220a28f0b0,477507002
2a5eca848c3eb0ab6a45533b4e41f2d91d9cf6571eae963270fa7685cf00db10,398863006
549f431b3c4be91e4a86b643dc931ef4f4af71ec825e11b89fe171edc6d6ee96,461414011
8c5e73440a153b04a8f3d581233a5f77ad198c6f700bf13f8c0513d2fe1c1d5d,237347031
1bc392c4fe10ed8c5c4d910b9023ae2bb5179e0037d7a7d8a3d02f961c8f1410,478992016
405ca953096fa5df6097d51e3fe6284cf6344dc9f5a3b2df1edfaded9c16824e,485544008
a52915a9db1b83353666e64a612a91ec0ef026f164e0e587e33e9c10e95a676d,487053021
a8a057736ea536c11d7663c1165c040751bfe0468a26cdc35d74f4f3d9b6df70,486755001
72b3aa16ffaff77eeb4050b6f30892075757d92782dd57e01287a625aa50ea48,355569043
ebdb1d25a2e75207e8aac377f3cd6bec12c7d0b8996fce8d0d0b7f494bc09e0d,211143040
e2a02b9ec35d312057a205eadda5e55212e50cf36592a0a873790f1f7462bc52,396135008
13d844d322dd8faabbdc7ff64972efad7a35e354a255820ffc896764fc7f3cbe,282832014
7a2baa7ee928ab84ed92d33760baf88da73f8aedc0710eaf2d575b28e15d4349,462435032
a30eb4f398d05150dc6055bd976e3d281b91b9848a02c9f2e938fad2eaed2ccc,325542020
0591ffbce8db0c2bc9463d20d6f1e343f0a2ad2b3b31721138ff3046f13a4af4,443696031
49beaacac0c7801c2ce2d189efe525fe80b5d37e46ed05b50a4cd88e34d0748f,308158009
ddbe19d839d459609913b712d9d6acf9e66261c7e687f3190c9014019874425c,456163021
986c72f18ba127ce30d2781ddf8464e851cb273e6578d522ad063bc1cde5c2dd,457765002
a2a1a3c9de25934897bb597c49e83c81a12f941f8516d7dbb1ab6e0864da64af,433414035
d0fb27b01c6c759439c3472f2e9e627716ca984a04940a4ca232efc9c83d2133,485973014
c5b36453d3c8f2d5281e27f1bc19ddc2f3d381c9cb0d2ea7bdf6387d0fc51814,349301011
fd247f3de02a30783d7c8de4b79aa9cd37f443049ed431e83095efdd4e51207c,484398071
be58a0f14801b5d8c879c50acf3aef9a5a1ef345c30285396bd5adb2434873d8,288825012
906b93e0cf2f733db09b85a03d398dd1bed7ad1083faeb8d212a7ebe79abad47,453309008
d5b65e54a35bfe69809a04c4fdee2f4e0497e3b8fe6d64eca953cbe764ef2be9,260736030
8c310697a05606daf5b9ea7663c015915f5b782a316223084db1bff6ea70a6c7,464679003
bc1fde37527706058fc470dcd04ea540c632141c9b934e536a4f8805f782477f,448509030
b03ec1bc18c586f7ae2b2bcfba95cf8f65ae8f99803cfb473aeec5dac8f1b345,307656020
3a5a5856c5b6d8e28411119994efbae36b2d0efcd4a301d8ea76ddb76673bc2b,301213007
fd81dbfa6009110f8455616347ea56518e6b0161057346a47203f56f3e506744,457765006
1a03e86917617a289e62472fb117451e000e17549d2bb05e76d8802f0fcfdfba,465816001
d23af08cfd9ecd948706e25e896bc87a7710a759fd25a7a43e432400d9cf41d5,302311024
0ae14ec796c207d313ae1bcc4a4691ef1d89a97b3ffdc69628ce6e538e08db6e,450056008
ef0f565acf112336ca0cfe04e7895e889c51f27ccf03184c134c5b72349a2374,241412043
30d40b83077313fd87f28f19d65d5e9701ca8e4a381bee8e5dd3aeb1f560bac6,474471001
0132d21d866697c428e4d6ffb02548fd71966aa88c8f5adea314e2341f8ad87b,224606025
1de489ae3fc5c0a44fb7a56bd142bd8425a644e65e1b60f465dd9a3b84517772,420387004
6c0951497c9e4ed785898cd7ce460a27b565f603feae31ed72ca49610c979e8b,479095015
14461dae74b0228a0787fbb18bbbd2c619a3029f1af9c9705f10a2accca7e85f,270375004
5606a2cd34e2a1008fe16e46e1bd560ab657e6122cf5fcb5696cd1f39195bf34,351484027
a412dc0ef4ef2df0ed15a362584b50a34d729352df6bd54094728414387ada6a,345922005
c51e75444d7c050f5c954c8461c4af49b589b031a2119a31156d26d792c52628,487051013
b03032ac9d34aad20bf713699add45997a5dc30420ac69cadd258244a7d5e87e,304766005
b7cbefba97ce44e860186989f710d5acd5c171783acf30cf85de5f1285bc4aa4,485689035
16a6e9738b0bebbaf091a6016cb6c41dbdf521a388b156ac0a0f221dcb4cbf04,368300011
9bd58155e3b85dc06e0d04988753e8239e8634b50390d26a5f6961e9efae6ca8,372860076
297cd1069f6b69aae639b1db95d104792a98e72acf508af08cb2d7ac8d0fe989,488012001
3853464d72ed728bf455e70185718ffb1591df06848f355d676b8d8dfb7ce22c,203027047
57927e590692c8003263a13cca8b2fc260f35e3fcbae56488ea1ffd6e07b6792,449570034
79b10d519d9b92aafd4a6fefb4347bca8869bef9918443d876a68583198cae33,461327006
464e543f5bd8c44f18e22732c4b5e57dddf02c827fcc90c891ef31db93ba9cd9,487932012
5825fe149099c9ae9f8493b6c72561403ec7f263656ed0886cc293794c64391b,356438015
6d9b1191c4740f19314cca9889c641d0fd06d2ac62148578795e8b4587600116,421387036
a36669b3b0c8789b3786a7b27dcd592ee2c67b02369dbbc8f534b511e1768238,247072032
9ae9108b7aaa6794de831a7b4168a08cb3340134da54413b62c67d42a419bced,302311026
c9941b21981bcac2150341860ecf53552c7851213f429e9258d89999350e69f6,310091032
c56f64e32eea7cd3845e85acca22a713dcb2f418ac02800723f288bc88e2e9f5,244269020
2faf8429993f98779db865383cca824a0c1cb1b5f781dea7053efd5e9912ff92,399201022
e370aa48b0dfd4113638b9cb411294f065d00244f859a76cf9ea72009a0dcbe4,449570010
da1a7448cc50c15e1ab459bb4600da4e51ac9fbc05428c76de12550cf7bedbbe,485542005
40d072ab3bc78f3720c798c561cf11667f1f46a70551bb751fbf42a5bb43e89b,475791004
282076fb660a9984a9e3441fbf7ea4eb2d7bb90b529d03fa586e7cea2e48d313,327144038
b2c762aa554ce849f6cc98b6266a6dd9701e808d103b347e32ce6cb66e01fa82,423900011
79ee3ce5cb85b999c88347a930aec68b940739c6ab51c7ccba7aff23e7ae2105,436853004
2bcc1ea294fb364de1395bb01a912ce84f625289af951028e8bbc68cf39a84be,373506026
dda66f826ff2a06188277fdee59a343491714fe4c67be7dc8074639f0ed7f473,216081011
f73bc9d588c93cb679aaf7bc6341d4cbc33817e42b4400f38693fc5dd2794be2,291338035
29e8a44ba88793663ac0fe44e6d3435b4ca8b4dc63246bcf30b1847cc840bb68,438499003
c8703291fd13103af3d0bb14f12cdfd1f181826fbfd493a76b64f954140a417c,458428034
ba43a7588c92268ec19ee8ebed6ba670820bf88798beb75df1836e7a1ad91982,356289060
19de9bef98e5cf74ea2d3b4dd8dd66a3837a74d033e37c2db37ce68cf98bd8cd,318951021
34a1384aeeb7b712e3a4f612528817babcf873d2920cca72690fac32835a4aa0,464679003
0b54dd3cef4b20fffc694c23f4a49382eb59f4f011ad52bc65f4b5fb20e6d282,485544032
812c07a7b09c406753c3ba3972d09bf0bb743e4d4405a968d690b797fe6663ec,402595001
17fd61c6d075c042ebe3b8639e34da7f967e34bde52b726b7f169fa1ebac689a,419634001
8f3b5621e49e084947312246cd0127e64321b42565fdd1dc36e83441e852ffee,288825022
55c1b59c9cc8bacec31ece104a8668f48b5ce40c616d748a8af8ba94353cfc25,366859024
4af778aa83855ee988a190e2412eb38b4ed1e086d18aa4c3f7c70aad1737940a,396135040
b7603f403b37f9a44aa8dc7c542fe5a87029b05016dbbecf96877add5ccfbbfb,299841004
cb64cf67314191fe3f6bc16a39e40e1087361b9f3b35a0e5691e897654947aee,212629035
5888cca0349e7a9744bcbb5ceb6356411cc8d37e78f0b0badf6b4b682ed37145,416961021
b536917b70e3ea45dec80f33f875ea507aa994daf32428f8ca31ea8ac97db95e,378447043
8718ac7d033e7c58598c6a19d05c5b46e812afb1c9d6c87b826c7c393ae05414,408875013
bdd0e307bb7c0e4d9af7bb562c72e127ab11aa50fcc269fbc19777b4bf7dbebd,487827013
20b0497c9fe55a0524a6efaa9c6217150a53197de5971b73795ddcf8a1e353c6,324963051
6c9cbb5d3ad4b07ea7f2f20a49fab7679e4e58d93b9971aaba53107e071130f2,432984001
2852e1452f8aff12b9b3c224f6f08fca79525c402aafffb695c5bfac809a998c,459307001
7e5aedbce8363eff2eddbf202c479b89c60f58ac6010a67bc55567ee22425095,365592009
dee0d4625ada166f853f7941839564f70d488011312e9399e2f2b0da7c0026a0,477893013
b5521607357b2002df68d5f6854e4fd38e0a47de277b6711fa415a702442d95a,241412052
c62931623c852de0488ca89847f99cde7f91fd7d741e6682f471c2d4592cf1bf,483283022
1233e372c733ae9bc464e1a70ddf4f60002ff18a0997d3311ddefc2ee5fed067,400246010
84bca04e7245011d24fd0c99ee8bca27dccd9f22918580b830d97e1db5475028,422106014
738d23456ccdb389375b7e7ce6c75cacc7ecfc409617ee9521b344104d340587,293510013
a9c6b8450aca3b87bb9eaf10471ef79df0e27ea9c208cb87208608367d7c9c79,453272037
18c933f03c5449fa5c4b50232797a69e63083f097df77ffb7e343347428efbbc,287645003
947cb19c5793938386713358b5b09f908e205cddd34035bb40f2b3508c40115b,174057038
3d6a376fc96d6e66a9e6bb7bb98864863ef812d28f995ee1acce7fa97d7365bf,224337008
5865483a5faec50575cf0cd265fe9538aa14c37256a7e7d97560bbf80724592f,337991007
a1dae6cbee077cd57e8f54344e8a9622e7dfdcdb651bea32611b8b91a0236a46,485537027
6817aa4b7111041eaa8fb7b7a2d89528c8cfaed552af8d94367329d8d27966ba,487050036
4d06c463bd9c923ba26dc1ea1e5f696d81426ba54b36f2c5874fd08a9e6a7cd7,482667002
8a91e4c9548a2eecc460aa2b763d039630f8c730cb2164bb3854a7cb4b40b287,337991009
28837987080da53c7221dd319ce78ea814a1224a3b87f8763857aac6ea90c55b,487050029
48a8c05efd0cbce82f4b68b2375cf0a3361661cae610b2df9ca8a48bcc8a6ce0,402382008
0a5a706ba0317067468a64ee426644d438b513f569ca2926ffb63bf2829e8afb,454196006
35faedb92f69092ef818cf685eb4f672645b2b0c81bda0fc267a6c11f6d4f655,452511003
aa5c7a873936ce492434ba6c2bad4a7e225a36e209ae4d86d5710d3ea7ce27e1,445901009
f2e3fbc39184f353f567c457444554db41681c955c07c68f40c746fd22a551e7,485542028
2a388a48f923bd840f986891e17e82da279e21e567b30460d722a7c45c5fdb98,189654047
cd3d2a60d80a415080c2792dc55e56d579a0ddaeda5ad3cd6d10beff42e956d2,471456001
fc17f04209372eb9feace41de48530e032486491880b6a14f03a92de4ee6ae8b,487750012
88c5eab7e45eb9147f319618447069e252f8a6f81417e7421100c8a2c1efe312,324946001
5133664e754341d25ca6d79220ca5a165a257db1d45412e1df3708d8d1103ae6,453828001
214f4e5b08d3d26dabaea0f5800580aca55671062f417a210aabb86de7fdd681,454804008
c09033d5bd943c18e91f3da65dced346dfbb894b647b5de66636a33a2d53dec7,387348030
4424e65017f33f53ecd193b36778d61e5febee434c74f0ae614f6ceeeae1ec82,378135002
074d84350aa83aceda0ebabb9ac152322a044ed47bca9fade890022f6d623652,430157001
5d6f60f108ed01d7307e61b558e575e149600eee2f906f2e6fc02b2795c5a210,464927008
d739ee8bd78c60a328bcd43c5519dc031e2e1d3b2327d25c808c5f798aef465e,307656008
3be482a4dcd725a4511a9c1efa6edb3105d7d5ab88a96267048eb8a18c1873e3,212629048
4405885fd2044845db3f5985e983daf976eedb739af3a59cb4a9c3fb7215193e,421387048
5513bf795b83bae37450cd2c1afe228961964b794664f09d34d0766a2a590bab,481110019
648256c272ddc9a97a822549fefbad75ea4fcadf2001cb01ef5027bb0c26785b,427114015
440dca1db766705f6fa26d62c0a227ccca8eba730e56b42dedc4d42bf5d991b2,408569005
46474d07ca228b1bb5b444502439d4562ca5b96d51b35c3a6c3ff0538a3e52d5,309864002
8b17febdd9e8b5a9eda04699fcc9e496b8eb3e201cd0b5684250dd736f40e20f,395575002
0a82d0862847a155bbb27721da76783d10d1a7dc4b33b1b4026128bd0f27b9ff,487206007
3a29818a8acdc1e39c2bf632866a338a7b944f7f55d332e1575c1f825df7398f,461327006
6260a7081722a93a909f9ed16059e7ddd55de5df435b18626fcc2295eb090584,406724012
5708472e0e49ba4257bf6754edc2c30597509ac571745d4e11e42b99364d5258,445400023
0ac74757fa53f05f2b05c367e28676245657d861626d2cd303e5bced21280dbb,411413004
385002446cb4786102bae54ff2276ed0759e72edb0e3668a627d0228fadf181a,341242006
3f53447bd8086c0b3d044d1ef4a453620abb67026a928cc7258f93965e454237,375585027
54094ecb1aa011b081242cebdf79449e49a9e546fe5a9fe098e4c828b0baac94,433414016
eb26b9d3807fc1173593cb98d2e887e929e3192980a840e367e8a3f86eb541c2,443696002
0ee1648c7df5c449b41222c6ba62522fc6620f9fd87949e0db3b48d7981be475,458393011
63f0531aace30b72b0c62d0116ef65893a1525f59b91170340018f7204daa0da,487205016
0dd08e585bfdba304088b76a92484da76b3f8b97d920a63de8d0f50be21da430,395127028
71d9bd0178e302c0ae8d2a4e499f33970ee95c5f224909ee9072775bec05ba09,307656023
3f5ab380648e31279162fa4f0a1bd79823bab19d5451712c9d7a5b6e0cbc4eb7,453831022
4b52c7c9712f118135b1994bbbc7422bd4bde28395ce9f9a51fd9a41c31ca4cd,454128026
6f749aaeffa38069892c00168ca95ff2453012eb3a8d4c07456bef1afaa970c6,402361006
e4f9fb11b0a48dc8c619cfed65b180d49726397c0e15c563b12f6e476d293985,401044021
9902af1eef8d47114d34783d5208f6e0d5b6d10f726fd28a5fb7bc687531ab84,471456001
73b132a907fd17b5ede762df5abbd805d6465b2074fde67be787c5e43b1e3636,360295023
57d148c1ad3013eb9292e93fc5491ef871c9bda8d722cd0670820a9c80c67a52,479604007
4665124e071e3e9f7bf538fd08b0b9fdada92dd8cd982991f3485a1c3a447c96,395730018
17ce988b7a3d827fe9dde7c551377259d7b6f88544a2c38137aa13849c24057a,379360053
80e175e4dec0510337c16aea2986b632afd7dff268d773ae48dcbdc67f7bbfe2,305775005
ea2601a608831e64c3698ae48287593acbd4e1ac9c4d330af3f8902901cc9bd0,474471002
2a2ecc5b6b23d71722073ef33d27e42c7d3bc63770c34196414a503b54e4ba89,478992014
6224a1606b33d2da140a3d974264daf8ecf970e5f5d7a19e7ad6e35ec197ac5e,472064018
9443bfecbfabfdf920362235862d3df1247268d794f11e9f377b87ed2b6a8cde,351484027
29e56bf87de24446d789a6b70e7da6609afe942858ea631b70090e88a1169220,348330044
0c8c5a8cad0f0ad1eab7686db4917d6a9c404d314cd66a03f7b04a952127b423,400246010
9214f3be1a2e01406dd46765526f2887bd85cc84e4c82ef264cf272bb1512f11,405636015
186b502c130ab089d0d006f76b692c787a23a7ef565015972ef0bca4ff528392,399036011
2d545e697d8cf36558c81eb56c1776cb30f893585ed21aa1531863c727a42fbb,482130005
575be7fa592a0a9070c196fbdb1b562b9b1cb0c4185b46d0cfcf65398462b2ac,475120001
2d834418440c2ff0ae007f479da30b63720de5589a2f9fb236068578c09bcf84,220094018
7154c8d35e10e9d4634461d964a424992e74bbf222b944f9eec225323e077560,478992015
71651c0486a9d0d89999074ebca314c8a0dbb995df9c954c398e82ac468cea3b,487054013
ee123a98bb400c6b6f1255d71869556fc470c46fcf2ca4a50ef569d5447a3ec5,417427020
ed6651041cd2809d35b91e26bab8ea8056bc6463cd82ad7563bbfb168f89bdcf,465655006
ec8b659f2d32c8d582ade916f72a63bb853d30a161f032f57488bbc77ccf4bb1,325087043
764e344462dbeb67d9aeab59da04dab81806279502457689ec6400983a5c4391,488012028
ba6218ae77d56f81d72d385619d62cf782d86906ff3ba400f8b2165c8eeb4a92,384851022
3d24c632e3d3692bcb33f0290963dbcdbc3117e715a2090ea4ad1b392759e25a,399256030
817394be52d8b7d9a95c629e8cac828d8d6f045145c2dbc4aa87fe67145b4692,481781006
437c65f1f08832d94ba7e8abedb49797cffd4892d9b080646beb1f21d1bf23a7,291338018
60efdc339643f8591a6821c0f6fc2095530ce26f96c28d42d03ed48a04896335,244267027
0c44bbc612f650a6aa032e14bb9ec961ecef61b457e6ec4125889778ee52f5f5,345830031
601e0ce22cef5f89a60fe90b50bc9b657c12189535c99acc67d4d753a669bfa4,141661025
9b6ccdbcf84c8f2a433e153076e4ce96af25f6450cb1c2d1f3ccf8b13a9302b2,449570018
f8fb8c7fadff0a834cc84959cdc9ce3ea6f30de113bf07ac2b8487c2d04db59f,289597016
158c18d8e7255e4da41cfb5341b2418c208ecf76ccfc5ee8f92a3e0f898cf764,257667061
995b93a7a055d490e0cc228055f1a331890ac9a69b84cb397b4c80854a4fb471,261840009
35d63c62d2a46a845b3b6fefa5c88e41ffea4d3570fdb8fabc548cc96f57ac19,485683025
d03c299c698bc31dc0587e9f07e3c056c8182a7a69ba1e1287f3051a503fd0c1,354246018
1ec5a2773188418864c6e91f1c5174868869998deda901fe1d81e23e5eda4d34,488017011
400d88b26e42bea8fd1c69bd94ad838e866d504b674b9578a820fd504956ed99,406724026
6b6c87502ff7f36b8fc3ddea6738bd9ebc6e822e8115dd3d498da29d4cd9b6db,447201006
e6a2f13f6cb63512dba42e5695ab5dc2a66e3d592ddf7c9949b5aa485a93c700,174057027
547139a778ef952dabbe5e6d6ca43c018319d8b6f6cfd24774c7bf2b3265c6fb,333323008
23f547dda0d1bd5b222a050c6768394f89cc89f387d24e1843d9e84d9333d8f3,341782034
d4311be3fa08b06416bb05a9180706be0bdb18a78fd66ac26023421411bb7951,456245002
3bbd3a99f477b77b7a438ca95b33a0bf18265801bdf1d1050dfbe95dfe457028,478943001
2c0a1da2aa04e76a95a4ec3f0573be4667e4444468c2220070bc1d6f9bbd0e20,318914029
fd54ab7970118ba03a65ec4023bc5cd97636d9425727ce699be4fda0531d1594,277738002
8da0d08a186371c51f246199e8295c96e6530a61440cefd481860e52142e8548,416911001
26892a75e456883fa4f2f3b818c21f859cf07f8040d5a1531879cfdccf755a9a,449570041
1d8343473025c814243df5f29e5efb499a2dff740b2eceaf336ae5bd2df80a46,485683012
4aa97a9dbcc8b2c2b44255486ed0d7ae2dcad55f3c25ea5fc72d0ca7782c3d75,429313021
3a3cdeaec981718d9032a6770e6033ded0c9ef9619e0c6b8227c32b847443dfa,355072003
52f64e8e92d8d7771fdbbd1dc85627a9fe6e056df11e2ef240a3a9e429525c2f,457765002
b84bb7790d2da78e49776dd774af54879b9f4eb2010df5f177d29b02726835cf,400246021
bcc5ae4f63c4c0ef6fae0b36f86b2bc71fed84066d2050aca690250aec47b07d,485537016
da6179e6ad8f8c47c3d0f04ac6b0e903185c2cb6a89d32641d7c5b56e056af05,451599003
bddafcfa3ef8b94fe6a66accbb54b3cdbc16712b12296cdabf53721437c139c7,441386008
50b9f296681083720199ee70625c28281589e6252fd7a9548ec8fbb747616630,316441025
40cbd54869d2514b331b70dc9d95974224f6f5ad7b8f401d020d06fe1f069aac,454128006
eefcf614333d95526747d0450c5c1710ab8508f6df395c3f523edffe4ca59540,485544033
75f9d5b46427dbcd50634402bc7bf38e8b3247b6ff4d9c0acbc1c51f0577f8b8,478549001
c89f234c0ef00cacc33a8a28e381d31ccf47328b171645f4598e3c5ae21fa5f6,484126004
0f22587f9d63aec37a73804707e632dc6298436f001594b13a413ffafd3c2711,453065031
0d249937787d8f5f6249f5e2659481acee148c695775440c005f08c339832164,447201005
c09eeabd93211f22679d9a4b1a33d4f042f085f047180d23d632b0d41142fe2d,436570024
73f5e4fafbe66139a8607e0ddde1a2932026084771fcd9ae2818d2ab2be56f27,411413002
543d80ce4d2250460601af6d4a1c7d600f74de826e62b01bb0535fe57a2bbfbd,411565007
5c7323a678d9228295c1a3ca8fa0e14920c4938b84bc5254fa6a30afe0a8a781,146721001
90bc1f6912b0d1efa5b29e758a2532062fc0bcc6280d7231c21f4fb1ed9380e4,379360031
fcd09a3b0485e312a34d3022b4628e13461faf813b3422790cff5ac2e64efd9b,398074048
ef2836203f83a38a6b86da76b782d995c81db7fdd36d65ee1683256f3d42ef9d,261606022
9d30d71cfe0c961ffbdf60cda30f5af924f45bed781639063cbae6903e27f4fa,408649007
6a14aed9eec639f8684fdb67af61d60a9a8e9cbeb61e2c43c4c9c3e225ce9caf,486639009
a66a637ca9e07659084eda0c77a0ee66ae3bfe4914edc4d62866369c811e3b0d,485542009
87d3f3972ab0d2d7fcbd93c04b1bdd39465fbda42a9032372bdf39b91f355389,405586006
0bdce4bdafbd290d1e193d77ba2c97776ba6227adb4d9fdc591a2fea60b416c9,474461058
2e5e07bba14aec9420a8566ff7980517ef0f44b496bb2fbb3a049d1c2b1c86f2,348330044
ebe39ec22aa900f8833260cb80c37e3eb22aa12a5557de25cbc9bceb7644ab66,396690020
88bf9bfc83ef087276535bea2fea0322791ad1c75dd135cb1dfb88789cb6adc3,443696040
afe3a7291690712e3ad059f1b4696d8f5f1f31f25c57ac59818e143efa4da8e8,393772001
b086bb176b64362c28a166e543bebef80cc6ae4c61652596e79273f634a85368,300024037
d03c299c698bc31dc0587e9f07e3c056c8182a7a69ba1e1287f3051a503fd0c1,315509020
cd05a347547d297f7067a548b0c8d60fd7620b148b1d6097dcf0404f23ebfcc7,224606022
fb92c6c2b000331c0d3728eb428eb72e5a6258ec024ca456ebf4779f673c58f5,438460001
a36f66edf979545c3bb3130daea1ad39f7b2613d696f9dc443ced7a9c347d336,356289065
bee2ade8478890128f870889a442f637dadec52beac0f19cd3475f802805a4b4,394292002
81f775b7059864d884a31443f9cac593104aef319070fd695f4b84155445ebb1,462128017
3c23febe8f05ceba0a2e81e64d0e7ebfc4b991a1696f82bfe70fd9020df3c17d,458924017
11aba6ce0e9e987d41f945668e279cd0ab44f94822c070e229f4abcfe143cdc5,411413022
5d43e97df148e805496d12ae6d3fb75e04781e76a254f99e598a5974161896f9,453453024
ace47b9188dbb2534b5fab638f41b49bea6d5e810cc0b20887e9445b9a4f3773,375248022
0afcce5a5457c1565e98d69acf7f8e10d880539883fcd0c0b7360e9b8fe80025,345830025
7958f13c577f745923fb686a10e49100afed19c04d94b561cef5ff270a88afbb,487800049
98e42dc2e16123659304c5dce3b0d0893ff9f292a49ffabf300635144998d0a3,452851034
3d999f5963b319babe867974d02de889dcb49023e575b87b03df4cbc4b0d1221,331474038
bcdccbf54055b2ca6e964f79f37e8a56407501aa354c366d580e4144030b59eb,482211002
3f6573ec30928ffaca6ce60807a1f07e9e3c99835bccf00ca9e3786f25d7fb46,233091003
4caaa29bff731d6381a3eb135f5f2a33eb57c88575b79e2f467ba584ec14abe6,466948008
fb85a77872b43d39031d6418edb92e8b5101dc23f41935e9df7b6c6b7c570486,436570028
174d7fc6c1a39a4806087f68e4191e36cd9b22f251fde8ddf872556d19359705,380609010
e9601438ab66cc8aeeea205cd96484e530ec41b75ed2207ba910e3a7c4df51e2,447201005
5d66f06a9d8dc6a22797672423c102201c60a39b27fdaf0eaa110e1dc8548615,220365002
8a8ce00e39a2252f7eb7d2588c86bdb381a548c29d523ef55ca6e8159439c009,443860037
dc45973e25e03c8750dc513034bb08cdeb10cb8c3ee292b48f137603fd2c0a8d,310091041
c2106f83dc9372e4515e7edd5097f3f6206a60cd13883c1c77598a663168ceef,478992004
27accd576785639ce49d73eef633d748e87bb06659b3c03573ea3a4f9f4edcec,301517004
6f22d5cd0c419e87df9d64693e3ecc5555e0007e459577f7eb663ab95db13642,203027045
ed3345a2ddd6dcf649e2917320c7428ed4ebd161780fc8d67a987e02457e9b62,402382009
e21ae96e92dbddb92143c7003ff794a10d133474c8c301510f746a6410b48044,488012019
0fdacb710e103a338cb4583dd8a8e572fc654264a6ff950eb30ae25acd2d21be,272591023
a2bcba0361dc97d2607e0173255618b04c99ad1c6305e39ba10218fdec16c302,453445027
cd1e10955edb7efab1cffa5c6c3efb9c1d9f496d3ed55dfafb9979891f88d7b8,412031001
d6304ee95b43d0f9b739fc5a76d3b3706145bee674271df7d0bab8e66ab6106b,411499001
b8ae906f979bdb82d7e5289f08724c70a49c5489f5cd5218d0806f9bfa1cb94b,344956009
a85cc9ce4c1b520726322ccf34b53409392553b59b0cb9df1a9f1e8a003b5f09,458393008
c2a574453d35cf56e59c9731bbf67c9826fad1fbe6b403ad220d249ff2a2bdfb,472064022
79ac70230bc27fc3737976236bde7fb384b2b2bdb05f69a2f9821bf11c82b5ad,395730018
8fd540ac8c09b6f6de2ed292fd4434b7babb214139542bca4505b461e80efbbd,468345022
8e37c386928c993ff701eba56af19287cf2436f0acdd6c47a404c6d2af986981,469682008
453b1cdfef99d663b32189ff90815ff6c0a460e5115077b0d8ab1b0a848e1284,337991005
ec4d87148017b1c23e4cee9fcd3960427ba6933f3f2f96ffd0bd10ace2594f5c,293510001
3bee9a769b2f51de10bc7876353dbd3bd5e62b440064042155173652ff92e0fc,322017015
41541351b0be2cf8dcfae07eafeda090d10315736272ecd241b84abaf30250b2,204892032
a58af06df746dbfba4a54b60fbc2127301ff446c6f9304735604e677fbd80755,403579007
52dba3e4b65217070a43715e74e9e4f4a1d4f6b342306c1233a7f8a4db5fef05,395864087
a6ac84933352b83f8a79328d4511838e52ac9b40f9c1b575a428d390f036fdcb,443860031
38a019029bb02fa0bbba538e2f5096bf1d961d0cca324feee3578c2302e14363,214844001
ea09300b03fa9e18d03303fec4cc45c9111611aa167d92a46ef9fb54c2a24145,320880001
79286cef723f61a7f6ed123cd333991bf4caa276ac9f9a1847e66d4b89eb0e89,485542013
f31d991360d16c11225c3112950bfc0d2483fef697b311b952df65f4df312994,471566005
2a608b78c71fa97edf5158ea23b3f7a3e83eabdcd6c1dca54d85d25d36615aa3,390531007
5efd9c51957f67ecebae80fdca8c798a71433dbd11f34754f587ec1cd0c4e729,215337066
b6b11d3b5566d60bc2aa6c11b1c4b169ab7add50a635994b01cfa7959e78a02f,485241005
723c993b8844b8a7a7e7b4653559f6769a42320cff8a2f0f0d22d7c9694710d4,145872053
8b1311f37575c85999174c59b70603ee47022704d8907d784095d50091a552d4,478992016
68765551fc10876a870f6ac06bd35b1ca4e2221c4b84102567850832a0255ac5,453065040
700dac2331c96d9a1b927a73c450c8669a53c2641d8b1ad74573a387464ed3d3,352811027
4b8b9c7fb7c6b2ee390c440f1b188a6b1570672501908255bdeb0370809f8cab,485544008
2ab2e0ca5448e839309f309a80a6e889f0a42e2c59555ce0619e8e9996107ec7,433275006
b884c81899fbc4d1e4cc1670eee6a6f92b576c4cfd508f991cd9772acae4421c,433774009
eb6e1263c0d25b70a882e60eda5e6dbec84d8c4c6cc0510203dc8b7c7f7c457a,327310001
6663fc349aa605cbdbaf3cf3361964b8c2e92a8da22b97db72b0f7b1567d7ef2,234622003
bdcfd2eca0388b2ded9efd218069e8cef173ed487a138c148b90a8f4a7a10b43,449897013
f7e5953d52c5c015ecd4662e437fbe97d47d4db541d06b28b9adb6c4b4fec6d7,217727002
1baf119fa41e95a914bb2d5785f08f466578fbe5147f718f39f197f0d81c7c06,403448008
ac28e779836a4be0bbc00ab7d2857ecc80902c22e246aaf0f280a5571eb863d6,400342033
4170dc3e563e4fc3c14546c87d2c9548d23f03b23206af57f89cf9aeb434ef6b,280256006
cd294bf05db2516bd0bce429e676740cc5096f988aff82567be027d127fbf9f4,282832017
59be2281594d50d578241b92e2bf1a28b425498f0efa7ea9accebe41ab0f0a01,485548021
4df240caf363b897285cd759efc163bb2d325d27e1b51d48f97f3f40525e9601,439285001
f53e0f040d3326dc9573e37c0bb899c64a54203af086a27e8c865427a775011e,457412049
6969f35cc84e00754f36c3ce6ee8a2a4f62bf7ac4d2da3563a23caa7030b7e63,398089010
68f234035e81b10c491871a50646c60871bf193df225a3183c6594a5a36f3c3c,456163060
4fbcc5634cd1db93b2fd02b6616a9c9ffd7a94255a72f2dfc1a0895e28f11052,341782018
41decd095e69432ee2cfea66aafc5fdbc999c8516690725d036b3de5337de5a9,478549008
3bf2ac9fe2020533510fd2aff8109771220f5302f83a5a6499638d8164390fc5,484108014
4bd39fbd0a23f8ec0a5d6a11a049dfcd7648441e1773a206b8bb64e9e05970cc,488015021
fc43d0dacef7e0e03dc06eeac05e18e6bfbe03f26551d9ed879356327267b5cb,438702007
a20d912ed7a4ad593414502b22c442938f3b4756c697f3006a5e7c83412fc840,160442042
76c4b87cd877f24587b5e1ac2e8a40df11c010cd51ac3dd0bc2d30777dc67174,270375005
e658bf5a0775b0ddcf20b2773896291c88a445fe4c952c08ac93f6bb2d58c0a5,331474021
a5e24a18bbc09c4ad910dd0a2caebec5e8909edac8ab8207b3adaec9f2014078,480627025
67ef079321f07922aaba5c01b59930f3e576ce6865cdf2a4642c22c2c3725306,326885053
aa574be5c7f6bccfbd3af9239d5c772a1b57153a7a73459a4e26d06ebd73ea7b,367376002
4640411aaaaa1a5dc88fbbb76a819ee384c73705b66f7cd9efd13e0ed26186c1,448515033
c5d2738e76d1960d66856081af30a23ecf27303f6f5bc9e0c7dffed8609b24c0,453745016
33d54af430dba9896297af312f05a10920e69fcb1b8866408aa682226df1426b,293244008
646f97f86c049a9d88edf251901d1a50d02691c30ab9b18b0709248d96addbed,395127006
df0d3c6f60085339c0394baa8f1757665b72a8d90f3201f75e77bf2a036061d8,465655012
88ba54591861af85d8a86126c806dc71f2f9608965ecf00ccf5f15126a793c91,176209023
c7e7618a5a523e1734982714fb400b9cfe583f1c85b9e140d241f42a4a7f6b7f,449570035
c9f7d1d37447939405ac92f2cb4e95f9ff28e66bf3136c1b01efbb1e06c7ea04,484767009
15b245b4b26d976aa7db8c5ef68f7fcee26573fd669e16daeaa6390381b3c6bb,361531002
9dc3dd15f83362ee95116b142f8ab966b7d9852b8d06562e84581b2abca171ec,315795005
4ed4f763abef714ac82a2e6c6779d0788c3199ea3ae9495fdd182cce92ef82ba,485554001
039dce384da094d6d107f90d5649717c6576db1b80b944b5fe0d96fff229239b,189383014
1a26cd9169f2e2922b35b9d3fcbb517fcf507967ca67460587e82ba9bae1ac3b,452717001
b81b104c5f8819d1b245da6b790a018a371f1f9e69d40e12d1fa658628069188,484108008
6c2b760ce98cfc5ce5cd40a18096aa27d6cfefcde35c8fec41f1c94a043e3f56,448515033
2164a6e1b4cf1f604d2c111614693b5b2a89a805397fc057a2c8644a425b968e,464927020
a3257ef292f67a6616950393ce6d3918ff1aa4fddd8bfadb775e0d67a00729e8,449570027
a54543cf8403c0f89be606d4a57d0c037270d6437af186c42a6067448c575262,399256036
f623e88df6ee080c182b422db1c40b18a91e7603c057435d10291b3f71883d29,220094011
aba3b9e532619ce3f4461a9ebe640594a52ba38a5038ab225c807a64b61214dd,366859031
4070ec393e994dad2264377433e78eade80fc5bc7343578a1f553f472955988c,409731006
0fe94eb7b2f632e23616d48c2406b6caaf81e9238e25948962fe3442142883a1,488546013
3fcd5706648fd021cd9a93233581a6eea65dc4eda9cee97ee9a755ce45ff322f,485746009
37e1bd8ccf31380e7a7e94a338bdecb3d064cf3253c67cde50b9ca63d0918424,422106015
3f2ce2cfac44ce8097e15c4b533e78aecb85be3aecf848ea1aa9f76f85c98f76,252298006
0310e96e2547992458f9be87dfe3a141c24df444dd3d606ab4a8b36a7435e3c1,453445032
e60d19784274dbc909fbd12318fd11526218548841822736173368749c1d02ee,407663008
1461890e23258c8e61ec85970e3242a1f8e45c8b93f8613419a29513d8e35dbc,448509001
814aa548f86e105b14f026665e7b317817f32ea82d0bb0fe60a5e9372d44b8ea,476315028
c405fb3f484b1fe0f5900ea30d65b1214deb3190dee28f577262dc13c56b44a9,477507006
57dedf81d671536cd7a654cbf8321b6095f155c2f7457a6a6e3f15da21c49659,487207011
95e04a8a22a2a8466cedba9cb524ed7fb6542b6c1e8b039b047a7e8959b8253b,399087015
2c30e817177afcfea2d17153e9cb91d9d9aaf3d9dbaafd5dc7e3978372974b75,244269018
334f77b2b9c77ffcd8f0666f8079536f0ae5823485238fd7f16a3ba41136206e,488311001
dba4399e9d6413af73e2b81c32114f22e73796f38ca7b89cae9543d18cf84d1b,211143037
70b90ae1ba5e388171fb89935607a2e011198668b23afd3e4f1d85409888fc31,203027047
9e913540c55a57772da2b6ee9f92b5f8ed9f58a472a4cd8f0da592910abe1aae,464454011
b99a3f4593d8da2f2dc61ccf44226f3f34a4188a2ef7f008bb6a2c5ccabc73c8,449897001
16ea9322bc28e0aebba309d65a2db560b6749cfe44e209e45f08a1c0f9635c22,349669008
29c1f37e3c4352c9957917e847857f34e4967e2e11d8163d6e77ae4d425a8639,449123002
d0285f65ebcf1b5ccc607f3220413c01cfe65c4dde9f2b51e2149125bec1ae97,484398001
866adf33979dbecbab850f50c27c227ec3d3253098353a97c10da8187261560f,184121021
67885be5937d02b2c3ca3353c1202b5080bd4e2b3c647f91392cae967f88ba8e,283236034
745e26af680956cd6e548bcdbb91f4ac4c251267c7853f3d04553db5fd30fb61,399061011
e21ae96e92dbddb92143c7003ff794a10d133474c8c301510f746a6410b48044,454128010
2aa23bd3babcd389a413893fc7848a45eb58d0e45bc8abb42d15ba65a048719a,333353009
64d4be41474ddc182073abd1e324576e0a52ee7bd4848e1ec77796d30699fe75,194242049
49095481a988c2bd9bdeb512f3b03d1e9eaba806d91b1fc68977edc92d408571,387348012
d29bb303fd590be6419e712e7da12abfec0d4f10d0ebab32ed9cfdf62adbe22b,400285020
6b542638ce85022907aee937ed637d60814e1dae68cdbf7ebf10bcdb91793de9,331474021
bcbcc03446c27cb1a64a6e708e7217ffffafac85a4515a43d8f721eee31b7621,433275015
667c97ee68b59d326bd3b3fe5265883fc504090759eb50dee380960cd1332698,487053001
27de66c8da618621d62967fedf371e5c453168d1bc3e3bf0d02fa16591081925,256513038
27f780edcf7ee71c567283188d640674c4cbd56b3a7e5c6dd6c3219fe410364d,268305001
1fae3e0134069f937b6edf6a2fd974fd2f70bcda4921a622f06cd4ce605702d5,485726004
b6c93fd4171c1d8911b8bd5e9096c13545d86aadf6219afcdb3b1b74363ce81d,307239004
ac15ddc02723bf1cee561a0b33971da3409dd36af3cbf60da056104d73f8532c,391598061
3494eb620dddf8f3cc73b9dce39a77af77bfea0a4aa2710d05c8892dd401f4d4,401729001
9031d0ebad30a945d8ca88b3f328b7ca0a640ebe6b06b2c8631174ff3abbf1bf,309864011
8f7b7af86b505394c9a38fea8b351105bb7b3af1ebf0638c125be5c38da77281,479294002
ea4bc67e5a8ba90d21f6e1799956855365dc3624cf714e153c95f97ed9775735,445419001
dcd228b71fd37234fecf5de9c3e1b6af5a56422e8d3af94ec63301f7c972bf34,324375010
683b6c55b98f9b43fa1c15ee6b9a5efc425a540f758038b1d3ba656fba7f73b1,359909015
c5f1eecfbf2e08e718f62bc568d1279c2c2d0efe8c61fde2ccb0bfd058160953,446224036
76060586e98d484392fd67078f52b305faa3d68d068dae1f87c7d12c4b7233dd,467302028
0d4219b36bb43f6f054e35e27900765f683c6581def81be08abf03b619356975,360950008
2d592eb90c8c0bbe6c9f8929a0a2a609bc064e37a1531276545130e8c76e4093,400296012
556bfa2274ece4dbf627b917fbdb594d567f815e41b2b92d540e3d6d3a4d90cd,249136022
a61cc9d8f06f6ac47311cb830660604c4f4108149208ead56d6393592c7b1307,219075021
ae3b77e91c11dd012640663e50753efeec9268be0ca94463b59e6b253a8dad77,471077001
3496783cfad081b2da526002a865d3300326f4ca61c6c632329652f9b5fdfb36,466599008
9c0dae2175f3af111e99eb454f740f4d68bc04bba8efa7d8872fb1c19e7fc358,291338017
562a4b552bf12910f02f5c4152a0deb44150868b5d34ed720d9078ac728ae564,372860002
6b1362479117e5ed6136b4026d366bd4ab83d844b90256abe0123db55b554867,352811025
8f75cd6dee07e77ddded787739b24064f6a032c26955290e0f6bbeb70a8ab895,288575010
8b8d3f6530306a6fdb5000b5409e075b2b9ffd20d65ac6b202a922acdcb9fb2c,293433061
02dfdd37534b6a7cea2d88737eed4cfa3fcb7cb953d185562ce55f2878fb6642,453272054
77c57c0b4f425dd004e8fad542c71cbd71f2f9ca57819afdfbb341d9d826178c,451704003
3db8a8ac2ceaa8e995a2f20e32ffa2092983f07e7fc2eab931182eb68fdf9997,379780045
de4f54802993bbdf675401b94a7f884f7867d768201fb3ffb5fe80f362cbc394,423900053
abf14fbeaa9c9abd609cdcc3d9bb16c64d8a7b5c272bb22144f50255cece007d,468345033
395703d3d5ef11c61566633e8ba2fe8f40299d79c24ed0ee9b8af843869245a4,326885030
7ce143cd93364a6ee28903666ded65b85a63d23c580dab956cc09b0f71a750f7,257430030
c71756633125d79e7c05449d09ce37d4312e61799564307b3c5666bfadb7e23c,417427020
201f2e437a9a62e63865c4b910a58341fab5a34b153c88bf5b3a6a063bb999cf,470111002
2111d06006fa8c109fb598c9cee916c27e0039dedcc6543ba997327013203a2c,296375018
325959f1630047c2c8aab6cfac60654c693fc4225890413e08b41b8de9e1b8bf,233091003
f4144a352f5373d12ebb746b5d11c7c65923d3880d0b735a37c8bd0f373011ac,464927025
c75dc21079160826d616c1e80f4d51122558ce748bfa2c02ab704409e2028d51,266875019
2059ed143b796be969034224f167d60a783af1a288dcadfc8e099199c0a4a23f,254303058
2e3b4ba2992dc75cd51a8b247c011e8456899e05c909649b05e51fc88b2b3bda,482263002
08d5c6f7f8b3583393e8551cf5443132468a0b482c38e6b26996172a722426cb,487053001
24f79cb7f6462dc476a1760eeff6e7472def325bfeee8b2cfd4d7d81259dda3a,443696057
d54b955cbbfce16c1a685add2561ff73fadde0741eab112f280a990acaf47202,464695018
51ba8ecf9cc90b6c2758bff93dfa1a9e15fce6e8097917fa803c96bf30b89ee8,361467024
7819572f8690d829227131896941f597f508a8c48ca78c236817a9d4982a2c6f,486195003
78fb0e73a89e5681e963381151148aebfa3a2e4d32ca0725c63102eff9ef8a7c,433414039
cc6a8c90f6abcbbb60bb85776e52ac6d8dc7923ab83e7db26b22fc9b8e7f9754,288825022
2a8c30ab00010ec4959e0ff8484ae1fcc11590a9a33b526941840ac3365297ce,430137006
b0081a9681e632a3319192327855ee41a6a179916cbee0ec9bb934010c6e404e,485544033
c925a7a48959c281fa5e106dfa2e9477094130585db9f9276aac1c629b86e78b,456834012
66b81834a1fa949a1232f2807e5b7d75e90df52fbe97a728bbe14357cbe2227a,181448106
28ea7d68a202b3137978a1d137fea00c5c21a6202bcc446b36b0fc75262feefb,487800004
580d4c738b6d48f113a4c38e8c76639d4b3dd21d2633a25b25d34b2eea4469ab,379780040
b8542b463594608d5f8b8cbc4deda680d5517a0a718bd2710fdd95e0862b80fd,478566026
6b671cc90bca9737fcabc47ca0ba16748b4263c0bd135ebb1cadbdb1aeef29ae,475791038
ba208c51fed8e4caf4ddcc32b1585507eaceb3a7f6483600f4c0a1bd4dc0474a,386399009
0e2680a609f861f7ed2991d2fd653f4194bcf00413f362f672dfd83a9cbd02e4,485748004
2452f252d9ddded26c848008d7af7cf9b92af4ea5c6284a0c5d9cd2567325e74,400319005
22efc6ac443da6baf10c2d2c8e3409c0a1253e86d4e215026ee9dcdb6f980050,464277017
e3cdf21de66f3fc05ca7344bcd506baa7e4019a306845673f96b435dafcc7e0c,228257002
62279524d06adbf1f381e0539755152239b48a8114ff4b138f0188acb22daf76,462128015
1331ed9a7f002458738c0a70bb1f65d858aea8e82208929d8fe4f6f794ac1cfa,256151014
a4714776e4465bc2dad6012862655da96d2a3862d0503bba27e62722cbf0ca0a,378124009
c4d9e2bb75898444d3011029f70ba9e621edcd968fd7cb4fe2230b3ecf21c758,477163015
4373132f1c79f1d2a2002ccdee42e9716f81a5e20d581fa8d314823d26e0502b,416387002
e6a2f13f6cb63512dba42e5695ab5dc2a66e3d592ddf7c9949b5aa485a93c700,448509024
e616c61980490fad74a2c441bec66c1442c2e7c570c995a7d588f14c3aa419b6,451209006
1e5d176b5194f19ee702c2aabf548167927a58900863de4b2404927d6b175b72,254303057
beb7d9794849b414651f5fcf87f20ecbac206c417b2ecfe9d83e3adef879270c,481912021
ff587037565e8fff549b0a07c073f615162d6edf4f4d99507608a2ad19cfd657,304778009
fc8a992c81f51edd0545d248329f717d9036159d4f0aaa60536e3bde6a783b87,447694015
250d9853f665288698017d2040a37ed1300f3120ff497f2ee86d8046b36ff800,456163050
38793a501529797e7bf6dce2a0fbe0070bd50f33e8bc7f93cea784bc8668dbff,487052009
e0809691229287fc97fbb3ef20780c811d95389635c73935f7c8e9f3c0710183,361531003
b3aab6b768f431b3bf07f1f9d15221a630cec07c3cf166e5ae6f3a2bd9f39cc1,481912028
a90b62ec6dfb77140976d001d25ff4c2d03f710f71898ec103813ad6086be3c5,452851035
76576ebd0e33de9f89ae13fdda6d9e5cf652d73fa2e02b7d15ee59c0f628f7fa,448262039
49a609b421cf59ad6addc1c0eef19b6c217928f875988da7ec57bbdd2ccc2c1c,482207013
dc8d43e3763f508bde6d21ab70764ae9243e8b13da8e5a8864d7ddf342bf7846,427114014
e56c4a16b38193ab1722e5310e34e83275bdaf122534f25d6e3855faf6bb5e1a,421387025
db7d7200454d79a382f2a37d0bfca260db95faf525513f0a13c3c19f6ccd782c,464541002
c34f78460d49080e8bd78a392dab27ce4a9f4ea85d481ae7ce8a9d348afcb804,484205010
7b7968bd5671173791e12c07fb832993de190232b99ad2db3ec171f694168456,483290015
f7eca8921e428e5d68e83176b2f16c26c3ce892b9e3059f5f9ef16dabbc2054b,474471003
3b7633ad133947fa163bcf32b33c0ad06df38d744ec2eca0861b55a9ae2682a2,260736032
b85ddbf7516f62ce8820dac784c9f4aff7dded657e048316b7b87a4dd4ec1f8a,333323020
44cf723ca74daf80bb44bf3e30f0fc51e4eb30aea592480746278b208a0d171c,469039028
2e0fa216db3c1136de030feaf9a92e36b13305409ffb70347a73d9d327ed19c4,361467033
ce8164fa665d9f208fa65678970b520d234eb95f6d980426ebe1d88a69436c34,417088007
f5225ca1af09989b127acb7ceadadce114dde00a7bf9c7f20405bd4db5afef6a,182909001
0b374e930ae43981049da81dd63ede048d12d7ee33f4a81dfb48ab8a3bce6e19,472447001
b41777eeb9dd8d31078b103490c00e4e49a8eed7137f293b15a9528d0680fa24,294076018
4790114ec45cfcb274a8707762843ecc0995c0c5d4d95e1bdbced377a7110eea,361467033
9b9c77924435d7eba2e597f2ac0247bdf47daad7ce1b3eeca9fcfdc6950a88dc,368038011
b9143d6f04f93509e1a127b30dee2ca7fc3091aa84159bab7e821d5f084e862c,485549002
369b668f118bd663534eca8d5047cd3c21d1124a0cc9a4ae03aa911459c557d1,433414035
3b1fc002e4b0276fe242cb8b1063b505cea7d27ccdce70a3c65d7a434064e4dc,354246011
58f32ae6a7c910cd3398a42e94adfb35171c585d948acb63907eedac4a29c42d,326885022
0797477749637f48012c9cf542b8c649da3895f8895c968c81bd932b1a41bed7,297078008
27c522f1679ae799b540885fd2963721dbf2f7195601528566372c889d421453,395864063
c7666abf5a4c947df020896949553248cc923f3f5da7bf2c5304881a8cbfb90c,194270045
0e166197a64e692941a31e99e520ae380df5cfe77e347b6d09241521adf6db09,488015046
2a468db5f93078b0c6bf6f52bea8b5252d236b7e0930ecc69e2444446fac7653,187949030
1b78852fbbb8d3808a8394c0d0559db36d451287d828a8420678cb627ee9d555,297791001
79862833983638ee1908065dbcabc02d16001bcbc58c545b98a8788503538b1a,379780045
3653a764b57913c1f40b5f248d9e1fc617c0f526d214c8892802bdf5d63b1481,164912039
1a6d5d0adde736e0b7c1f55ba1ee33b09fa8cb316e2a747177adc1852bb1000e,378447056
bc5c4b231bb952b39425eb20a4ab4447c443577759f46a160b77a3daa1faffeb,203595048
0a16a3c8c96d17ca6c6d2c53dc06166140ce97b864dde60328d169e38d6fd453,439285005
64c9ee3fe1a069dbbd1a6455fbb1ad38964f4fee242bcf379456cd6881fc1c42,481912016
41a17ae74879eec2525c672d514aaace66231aa3d710e7cc3c1b079c14ce637d,485554003
2368effea52464dc50dca47f85db896b43615b74fc0beddc02e602fe3461b779,464566007
38afc73cfdcc362508798674af7d9d5b21346d70db2ed30c4d80339dd235bd22,373506001
a36f66edf979545c3bb3130daea1ad39f7b2613d696f9dc443ced7a9c347d336,384654009
2faa60e404750a85d38ee171d16ff634f90e29cc00606bf2c21acad79561028c,234187001
cef4d20198f1a7199294482e1b581e74d6fbba11448f829af48d20b75511c9a9,220094011
10d6277f4cabe3af27e48269c2e6e17c71bf3842889a107523b09d7df7f069a0,215337038
71127833a5a44995a311092b1660ebaa3e4a91c8453a4b976df98f367f9d5b02,477893020
00775aa01fc803ef7c6868f11b807ff1ad1f727d22b82d35b9299d8e7edf9a53,446847001
fb6132cbd94be104e9b0c7bb4e94bb64fe9434d8a962e4d79c1c1973faa5d0f5,301227002
2f9d932a7edc47b44196e4501383f0f80ec6c3383978a5056a95f684f9b945cc,485673034
0835de8beab9b92aef894ac75d006f8936f6412faaccfb5e8f9bf6f5b4b169d9,398814001
b54ead02fe833951b080d0c6f488e4a401117b2b15f3535a5400cc1403d41940,311059024
74dde08c240a3b60d2c39deaee1efaa7990f3edc93db81a5c6dbc4f602acc31e,485546029
d381ae059383941bc2b602f8dbe52fff2edd73c5ea5824632754dbce37c4ee52,405887034
e2e470a49bbede5f330d2c618894bd3a39f666dff812b70b63b1853b83ddedcf,375917001
1de6b6db7329e202c28eb1be0237bc28a78d43ea25c59d5dfd7c0ae7eec43493,326885002
be2131f7932ab8a4eeb1ff03d3f57b7b7b6e13e213d229b96fa18b67690447f8,487800052
991175d8d6971200847f9a36e99687f62d9735282196de44a4a140483c3a6a14,333323030
aeaffee3efd257baf2c10ca48909c604afb61f16f23b1acb8f6f555f1a742b17,428291007
7fa0d8257898ec3a9fd626302daa5d890d769720c6fe41487d673d0dfa3cc438,463117010
6dbfe5429fa75cc9e414bfde723df568f42dd3cb6a00f87dc19d2a7ddcb423fa,342034014
d5e96fafad75af8dcecc7b246298c6ad1a8b679310f0395ecd5e535de8b22222,488549001
7b78bc2ebb9d3d1e9b96acf62a2b0859eff4300224ff87fb884251f85be590ec,423900028
804fbdbdc405a87929cc04fd49febdd599904cbd36d9f159c03d6c9e65758e8f,312878005
310b20a2fd091a9d342836e2c05d93956085696d0c17367fbcf4056a9791f0aa,458239022
8b8d3f6530306a6fdb5000b5409e075b2b9ffd20d65ac6b202a922acdcb9fb2c,288859013
cb916a6fcfea4e9fcc206fcba5be75a568af3ef613f786e6a14566084a950220,324963036
a10ff14f0c839a7e7e417efef4d8f6eaa5284f9c4568cc06b318ddf4fb57d5e0,395658033
d141d4106a57a358083f41637d2eecf21beb41dd21200d40147449ed52dc18d4,485746011
750be542e63f6fdba5cd4050f3153856bd9a563432ca256e1294198a484332af,453239021
cad8df306a9d4dcd12aa68a21e4dd34f92d992e866ba842e803f1334c359c1d5,488068001
01e203557086b6fd6a8a94685cee50d97c290cbc370e4d3f42e645a3d3fe50c5,379780043
4c1242232e422031856e291a9863c6fa6d4f06d23bb2d609dfc5ba8d81d3287e,403844008
da8e08779f1e47a06813bec5fce6a486142a416202566246ac4e2bdc3a6881a4,233091020
ef7c5452013aa29a369eabf9e38e517a67bb818454c69e614bf9801370d16966,462435021
f7abb0e7e1b08c07b51e3989dcb496caec7d189797274c49d0d09c552bd5bfad,287645029
250bf17631adb7e1365ad4a3121b8c364981f1eb52b6fbe522e31c723a3c20b7,247072022
b8308ffe70cd8ae642a093cb9d14f8bdd7317a084090f380d8d186dd15a2df67,278038031
9575d3f9c06ea8ac787d351ee79764569b7d8e22f68043154377078c1e2fb981,370594023
d00c6ca5a49933f725a6d3baf048b9a5e4194878a413a40f81a54bfad49577fd,386399009
ce8164fa665d9f208fa65678970b520d234eb95f6d980426ebe1d88a69436c34,201219003
87af1c093e64d51750485b33a1da4800c1efa0996ad5f6463acb7a1927ef9338,408647007
f0fd2fddc29b738fce76dda29bfc1bb0a23ebbf5dcf5befe8fde14912199a1d9,453585016
f8dc31a8f0193621e4c24a9960d4c560b6c56d6b2722164fbbdb968577c1ba5b,304946034
060e2fa2c569470ee7ab899da63363a3c58b6fc5ee66bbd11735d08242843519,283236014
cf4e06e4f8138d448c6a6edb7830143ccfe56cb4f06ba3f5892d600281f1a5f5,352811027
25291e9e4edc2cd5560652367d841429ce0760212f2eca8493fbbd0c43c85d3b,380609008
cd1335d7c4143c880af686ad97e726ae77a4fe2df11af3828ba1b4edd4abcfbd,213691080
2189159f4fa3671c304187f333b106e863be7b2b961135a8276d980d8902ec5a,310091025
c6d9a165e5118f8af47b35e71957fa85461947e00dad872ad2eca41a73e4e64b,387444006
f8a0735c18d736eb4ec7d6e854910b683036453b2217fb85d5b0ca814c8cdbb3,423900031
e0b25b5e694525ae1b4f94a0c066116fa72640a33ab60135d95296d8fa69544b,394292002
5e44dce7de4d1659adc6a23c4bba9c6f77acb6b0f43f94d24d32ee6cacccc722,481111011
20d93be8dd0aefc96000faf2785f638b35d80e7bd64ce083ec59182f88f8380f,451720003
359e2c86a27ca12e83283391c1542df366e815a1a2dd1f6408b94d925d8fb87c,398814001
653329fda35210251a47f6af6ad98abb78d76755b318acc45c65799619dcd263,368603035
d2148c51fc1094b6d9755356c704f531b6681b4c82bb246a1d44b3792b51e9cb,369796024
2c20c0fa9118bbe1002dceab88a20ee6066c5f6b861e605f8410b5fb6d550791,464695004
69991018d17feef2cd9d63fbd13afa8c7e9589353e34e082a1b249638b8867d2,456834013
9f556f9825dae1a635255060c676e7f226bc90ea9d037d6c2709c5eefc418ae0,237032003
ddcced5ee9ea0f23e578965bc1cca1f31027ca58e52b8a32d373b7c0cf2b651d,354246019
980f6b2cf3ade964babededbd09e3b7dbec7444ed7a42a8dcf33463c6b669bde,395127030
fdaa5eaa5aed73f199c3ed726db65e521451eaa2e9ad63dbefc77ce38ce453a4,485689031
c1af9949ef6f1b8db526af1c236b096d07d039979bbee6f6060f180803a7649e,485554009
d2697573effbf7042eedaaed12a57e373918d67f16c86ef52773ff251ee6ee75,386859027
15356b4b730f601663e9100555372658b43917b4666f0122ef80dbe90a907aa9,331474025
c0739efe4b9e80ffd353b9b9f6a9d7086eedb746ebd37c102d94f7db9b0e4800,386399006
5477c4f13268d538ceab0008b7570b527713fcb40dd65a3e261f3fd264c4bdde,418662007
7555b9de845fff9e444e0703ec4836f2b1f234b17be86aca0be9cdf55b20c9bf,445901009
8b90efbc011c495ff2fa02ab68290e8fdb1331139ce24a74e19dc050cc387f2c,194270044
e56c4a16b38193ab1722e5310e34e83275bdaf122534f25d6e3855faf6bb5e1a,345830028
39e162b4488b5708f0bca213634d157cef880a42281be72cfe18755daecc3194,342034003
8b926d6616515c925a1b43a8fbf461092dc8071a5307377bfb3478dd8f3f7a6a,443696026
fdfd5feb08a003b42d854ff2653de83755819f1e2b9fa50595ee4d56a16ac61c,443860033
8ae9d71def79733e82215bd70c0598fb4a80bade091c8f68c987cd2e1b174f9c,466987024
c50368f1cb9b792e845b392cfbeb2b4f61b950a753ec17261ec6ab7258cf5f37,309434014
bb6c0a67780e0dc2870fbbb65e1f30e7c4c0093ba7399b6ab6a2dada7045f69a,413911013
130e45dc0c2d72666bf2d1db1ff84ee374cef191e473fa52e5f74f814bf05499,452898030
b04c1355b77af631f3622262ff23bb5298ba9c571911bd2ae9aea2b2aef52c85,471714036
a50011f78705883f4cf0c0a3beb2968b42e680a720f8260aa948d58c72471d2d,454544015
61a8ca08f174bae460ca761f23e40397a7f51f1e80fef2c7f394e2eb17ce1025,464297027
ce3c66ab5354be6df60ed603b0c846f7a410831906a9c9046acc8b7fd6c647a3,301213013
9c5cebb245b8ea45518e8cb187ecec048e002df3f012ca1ea3be50e3eb9e30d3,487910001
075c5c4bf36bbcec3ae10d2e6017ad0bf194690d63ef8c4fabe53a74e4630ba1,479372001
632f6568963a239b3b3a7384acc6e5cccf4c392d1689632f9f4a821f92f019ee,395658050
2d9f7d95b29a1f6b2832dca4c20d6c27bb424eae9b2c24642ddcdf70cc96327e,393750002
24c3298ebb67c74d145ceffadb4deb22df6fd60d03e7ffae35fc24c8afffb531,215303005
6f94d9976ebdb7fd468edf26b229e062bee4eecf1fbc181134ac7d2af82127fb,485546006
7176fcccdf1d270b81dd340fffaf360d2b3847d946b5f4f5c76e8e26777305ce,449263004
1ffa107b2a9bf81db993afaaaf6dec1d94bcb52d8b1e1e3b824dee9d30e0eed8,464297030
003f9ad3bf263be16ef8b274e4f2fd8b93d950c64178eb5f4569209ce3ae4e0c,129085027
6fdaa4232d1b32d20b013c73a56aad3792ea0264ab248f0b83ec9b3833d22f7a,443078008
0e4d986c7b54788b33e9f5959f240bc86d5a9bf4bf087d948457016bc8567184,378135030
852a1c79f32a4cf0102bce10eb6a024464a925dbd55d3cdfd5774bde880fd5da,433774009
9a9962dee230401d60116e09614058779b3ac46771a2b4275da1f0a632f71839,477834005
411f1cd00e9ca41afb64f9a4bf5bd74403219325c96f7c6f7742f3fe95f746dd,449123028
f0d00e090fdf79488bfc10deeec9ccd2f6cbdb7740e8e8c3fb9c1ac72880001e,478426002
75e802280dee6afb6744137b576956b0b1134803c3187ad57d61488d8a8decf0,473954014
bebf1e817c21cdc3446453daa269d50ffb89864f168d41e04b1cf77eada7f260,450056005
35320a7507c625540f505ffa569d8acc5817865967a88040ea4e8945ab27c17e,413707001
e848799e93e1b09bb2b6d1be3d0687e7f0ba35693540fd9e6d41a3bf73e52ce8,467302099
48187ea2d37c200c9d61ef838b9c510554a7baaf72cc37210305cdbca4a3d4a3,450780008
f23060389958b89d8a0ecf71c9d5470a448eaa9f75fb3cf8dffb183424ff076a,466595003
e061f12fd03dcf9f6b193b8e712347f7214cb2cd3ef969b70114b6e2416d90cd,480812001
303f1f2cfb3a43944bd620d2301d6d533ac87882285dad7f1ecafc7852ca287d,306847008
3382a93794e793c0b6a2bb52a0a7f086328359fd5d27538e86aef2427c2f4960,458543004
2f8c620014fe00a94e8c4578238b0230d9590afe156a8ddd2dc47b54f25f799c,325087018
78dc4a57c4558ad8761e48e8d1cad23826c795a7c27b722029e687d9d81924f2,362997012
21d9cbdbd00bc2507d6951b736cc46fde76c124828454e05e7d19831900368de,485683018
107b26eba2bdd09cab14f057f23e5103bbd5cfe75353280b19a08ada83b90691,294008056
bf52e334aaf3b6886186ca4b133ac16a983efa7ea3196f587d60a7bd0f662215,485748001
bc8caa27d314b337f0bab9d8f29ccf5d685083864f277651bd559e5d51245923,190021003
f9bbadf14e0bfc69ba9c06a330e6d4b154e44800a2d6fb6641c0fa227c0f376a,387348019
af02909c182d0567df5f6a69abb872ed24e4b6ccaf18305ed9d1b00840b278cb,454804010
d5ea2b9aa148b8f3165b23411006702c37b403d9baf22a26e98cdb615976eef4,430157005
30e08356785ef830015e174853a36f5c5d28b6ec6d95e000b886b13060184ab5,428291007
6c1380081fdb477aca06bc9f69d2fea3a86e6ff3e21c2d31457e62605a1eb746,462086004
b487a213ac77925c21eea064cdcaf32a0b595bb306af577f8b57d5e7f991ec90,454128021
26b2f0f6a70746a7258385a45f66cd9191a5a8bfef297dfe4e5406583d48623d,399061040
b393c5ca4dee483426485e9c5a6992f4624fa83456f00447adc009ddad07c36c,440811010
b4ad5428775c31d07c3eb01c45a9edaa5cc4bf6419446f28f4f597e5e44aed9d,478566027
75ba575bd07fddafbbf7c5bb9a2e05f162c5f49604afff861a49c7a18ec129ed,483290004
67107e94894c43fc8ffc2282646c536118873c9a40899026bb7fcbfd0208d860,289597012
031087414c01a0524b5c9d121b98ef5a93f240db16392302bda5bb1e5e7bfb4d,464566006
168b272e2f23bda60855d0ec03ace2b0fb4a2367cb4c033eedb78668df072b4b,462162014
cdb80ed2adf943e32a768f261336372e40320120604c1bbcab2fe4f4536b221a,466595001
7fdd2726e1106b0fa9703edcfbbadbffc9a695f3398a65d2adb737d56dc264f4,312058003
ca497ed612c5edd647c6a9c765247b7296caed898801e4c68f8854c017b9f994,485544033
b8a73e54a0d7e1a49fa1c20e64596e096aef25c987374c39c08534ee787ee4ca,427114020
c65f67680e99454d34b38192e7da5ea0913e2abc121c22a676392b8bb596f56e,377277035
4c207523ba03ad78d2b1843202cf64850009efc9dfe06e9105ca7532ea79e15e,234622003
8f3e05d4a2dd8f43da5f7f7da7f0f6068510181811412e5ba95b2aeaeb609430,485539029
b2178f2fdcc4a75ca0f54b2a0a25ad81e8f0e66edd27aea54093c72e528f441c,433414010
8faf6911d9dd099fe3241703056f3d59857b2effb5df3bacc88223a4c98a3a8b,395730040
9a93bc01faf448d92f8203c8db41be1b92d9c6325379a4c05b37967b9c9397a7,350911009
4638fe42bcad6d99daf8b473cfd8f81739c2ca406a0f48e73f25f06fae667844,423900029
652f6a14e37be5903c468bab7c8f9ce32684c3d1a16526a48e9a10dbb3c464bf,153115039
5cd3533bc3b51d4c2da1ebed2c61984cdf9a8a66ed4182707dd357dc46788a3b,301656013
a593b8543da5f3916ee2e2f59e5aad7ce5a00b2fae51cf5b5a2098060575f7d9,407354008
26f702d38d528c751bbb2d4247673ab9e6bd8592e06401783f9df06109035ed7,408104016
b5b97ca0bd66bf54d13fdda22c77e3779e2334216b12f16672e37df6a945c48c,451380012
a5376d3fbd2aeb4d50d023403c1efd56df706856dc660cc20ec76b9571f48cce,391032009
f42ed4d2c475e10eb749d6e0e640ef191124469713a97f4d8f1bbcac25c30655,268450035
75e802280dee6afb6744137b576956b0b1134803c3187ad57d61488d8a8decf0,405636013
b71f9acb1a2d7b1fa268b0720a36c753476893c78e75ae8daf7524e0814c68f7,481696001
cb592533c1cf5b96e69cf925b9b47e6d1b0c412c3a2484399c058b7604eeb60a,411413017
89a451582c074219546d7f7bf19ec1ca8aefff861b0b29dbe633f541aef5ffc3,458428046
319e47a53dc0e4d83196d6a78832390183eba17887dc971bb229166f8f9f1407,452511002
68de30dd5399496650cb1aa76d79c78e107ce8fbcae110cada49a4d39e89f6a0,359043006
c21b3e756564a64e53393191da5029100925c39b41d8e70ab9cb6bf1dc3ffb53,356289065
91840774e4e1f5cbb4bb7d1fbbe3848c097e6e6b77ca2e65b5cc689abba013ae,453272047
41252234287b22cf86443428a7bee9ab74cf24411be46971ea45343d4fbbedcd,456032021
d98b2182233e665260f7e7ba8e59b20c6779c6a017a3293b3f9eb78be92002cf,474471006
41518ec19b237ed55f0083c65dc0925984915c556d8e0c5684f56cbb29deac6f,324502019
5d283ee12f425a311f7293ebb18ff4007de16e98f3529c743b04c73a790fbdef,291338033
85ec477fd6d00a1c8f72003f2b8cfe7c78afa9a4ecb069fc393798a7e5410dda,399256030
d86f320c1a0b0a0ec43f446e819b9d9ea6a3d77928b63ee866b7c2fe466a38ba,322322012
acd07a0393fda2fe2e0652b6ae104d73a3d6958f64dc06791cbb282ffa6a5f36,244267029
c27e51b6c55bd6ebc9f2a32aed9b3746274856410fd2f13c0859b2bd8f0df93d,373506025
ff71cd9148b0ca54e76b588b7222ab11d22531b1ece4fb02eb372825b9dbf650,436853004
73e9dd0dc45184153948052a5524c9b4533dab0c962bdbde79ca6005f5a597f6,327821034
e8bb292a0de12c299ab80d301ae4c86dc57048a9202fc2f3af101120c8170fe9,461327001
9b83a1a380c480b91943349f698813adda5832ebd1a71b8ce4ad7d345ae4df84,487052017
d47f68048ae08fca5032ec544067747883e258f1415548f820a7f5c4efe86ae2,458239022
30a8432423bc211118c143118a9c25cc57378c5c3174b8777fd429f1d66dcced,426609029
19a79c2c4cba2ef769e9ccadae34fccd0f8c39225b8f0a031dbc467117522653,456834013
0a832dd1c3cca2eec29e2bebadf169d14b0e38717fcb6826f6ffe941824bda7c,457322003
72ec26067316ff375a0fff88aafc4e642e86b746b84111592a95675d38ec53b9,395730035
7da18464b7aafa29c2804b4ca3b5a254ae29f4b151c20e87cfcaae678fb0be76,233091020
108735dab0b21239d38932cd401222cf799bedd2156111df74b61e48935f1a6b,479227018
00357b192b81fc83261a45be87f5f3d59112db7d117513c1e908e6a7021edc35,485688003
6d4b7f218ab9ab8b95eade0cb3677d1a86653f4725c12d15ac347e4ea00bcefc,283236026
e4bd0e3fd5013f1a9fbff3edf98f32f13adf5cbc42af3319be66668f34d2ee92,466006005
dfe3abd4541ccd062ef0dc94992ad53150276fa43c828caaedabe4fd736f7dc8,416511021
598efe0d6ef10a947b0dba19ba033e56e796c2740cfcf6eeecc14f540c4b0172,310091033
985546771eba6c048bc7e26289376e5f8b30b3e172ba4a8c763ece66f088f23c,318035023
1ebc9a3ec1e6237a4c8c1d2f0ba26247bca02b494c7307e1015d285c507575e6,420264003
e19b541c5a298055a20bbed35b5386f42be3bfa3a87627ccf2b7630710a9f4d5,453491005
127a71ae8218806c48ca92f06d513a68dab941007e494970231c38988731473e,311059032
ea63ffe3e294f0439905ef62ed11178b9dcf7f32c8d8686b2b7b513b30eb79b4,368300022
b6e5492d8970a71c1a5df94c85ff4c638ac8750c73732fc7834b7e58e1733a13,458083007
9cd382cfc5189ee0ca084eac190b652476d4a588977c288e98f0edb82de0001d,301668005
f47bfd6c7440cbf428b4968bc32eceaf5ebd24168378e3995d7864c067c39974,459756011
71453ce3cba3e936b34ca8c96715a518996b8c85827ff837774847c0064e0486,448262042
355835035e5e02c318aca242a5021f59577a0c8ae8a3f3bd483040a3797bde7c,487262004
9786020ae30674dc8fdd019d50b27d55a87f33636956c1d014d0404f5ef3e04b,356438017
5eb1c60f8e2185116602a6edb43a719efbcdd2a0033af8f6c5c5101c10ffe56a,449570035
6e8fd178e51a6367deb8f66a329eff759c02489b4e717109a02fa8766ec11b22,307239004
ce5ee4bd5b406174766aaef25675e25d94d4daf55255b7563f6a87d4cebd654e,145872053
a42455aa8578ac584ed8482111cab3c9b31d64bdcb4f72564dafe2c8840e2224,331474033
2bf062383352c0fd00eb2630c7bd2abaf66079f420bb110869c9e6ce7b94c358,375585024
6b948ac65f979ff444dfadec42118375d3ebebda38f898419473978c3c6d1818,255396018
059ffeefd40496e6368067b774f00be4eecaa30209247b893f65f9d221545f50,336125003
b184db1e93d09e0ee1f09ea366c54e8977edc9e0889248a28a5ba4efdc180608,350135017
2d0e43e7766092066c4e1673f06cf269403586a3bdf0d5c24e7a3e31dd96cac0,388573002
1ec421a0802ff0a0dde23fd9d0520f0a75ca2fa25c05534f3e94ad7953626ee5,430157002
c633a3de47498ce7ad70241792b398553ec003fd5eb20c5caa31f896a3145d01,476315026
2ec0d8f8f89d1447b3c8419b4ab78d3e830b46c916ad20482c44831b5920ef84,408104002
bf50d9175ad7fdd004f6952ba1c7a009277af54d024d9cce668574aaa04c16e4,485549019
256b4ec65a8d1ac771b606b12cca7d7927e7353a40cc67e0c9e8e4eadf07898a,466948031
8936c9bece85a761125d534061afeca9aa1127ce38e21520f2c18d0dce2deda0,304786006
b52eb8796b5c35c93d0e4038653d00a30f8a1379ad50ac87b3042946e16ef98f,487206014
401995bcae78f49e36c878d5a1c4bd4ade2e823a14c8db63871ad9ae0186ee85,482660013
aa351a94e8ed02511058fd1ad3310dc32d8684389c98226d3cd8117b54dbd958,451774001
3178f5687f0866b70db02aed5d880616612397d4b02ca6f92ccdc611ab790bfe,351182003
43f60413adf7ec7a3d54c56128454e38b4d80c81b9e982b0da4117b8817fc7c5,399087030
3b24cc86bc79f5b7514773081277efb081d2ffa6b4ad3efd78665abb651c4e92,341782018
4104330b2b0b496b5b2fe94ccbb3e627c799e419bd25090db93a843aea492f65,405586006
e335c321c8033d392eaa431970b2e9fc5c478e337ddd8d20399173fb56a33a2a,474471022
17e0b38c17ad8577c50ecf5a72382c2631922c113e667006713b772e96f76273,396135046
27b0763722698f51075049e64ba98f2cf85119943586c81eeb24cbaab38d6ed4,176550020
b608aa54c4c02a948b39cc0fb599d36df51d9df15d96f5dc233bd5f2903c133f,319906001
dec5932d7a3344c79b9f2cc736b2427b98a8130faf3997bd50ad2b94134e27d9,479227020
78e4453cc602647969d0b7705c78653db9a3d0ddc8c3714b89c49f6d034d100e,433275022
d1bf114b52e93ac07752f9a7610602f9f550d473ab6191a4b10a501a2c6ac972,220094015
6816804af3187c6fd1d6b6ea69f622619529ea562b57daa290b2800f46729b3b,427114016
364aa00d4411b9b662a8c657979fe5b76f9529cd312e2fc77b9aa591ae0cb3fe,484644004
298db51c42c7e9324fd7f87eb129e849ca03176abada1b74e95cd142ffd310d4,411758001
1e38c9a1b7cfbd093bf2719b0ff3406f57474e36dae8e471ec2a4af66675756a,453453009
308accbfdcdf27d444a182bdefbd71a20e9140126f471a3afb497ac152dd53fa,478992012
434519cf6cfe5964288503bc6edb830ec605ff8a0e591e2af78430fb9bb89c5b,438333016
e4bd0e3fd5013f1a9fbff3edf98f32f13adf5cbc42af3319be66668f34d2ee92,485241014
464d89157f26f5bb5bba4e5226140024dd38926ca58266c206316fa1ec7a2510,480812007
92d690f5b6cce90857c6e70b809aa2ee558ddfd9fa0544b017df7aa56aaedfa0,335991001
0ddd39d8db852946dc5a668ca18b0d7918dcb754446b859a11fc3a812e6990ce,405586008
07d21b9c8923f14fdeb20788eca5e92ba59ed12870d1959dfc0fa39086e970dd,452516005
8443f3e5765d20fba4889e8db86cb0619ec2da48a4263f3d62d7e82986f0b7c4,183815013
29942a929401d41f19e5d7cf53656fe97c4bc851b9aad55bfc4b5d1a472fc974,398089014
6c404e4f5b14220e5f0e5ca87c41756360f342548b1a18bb3fcd02716a57b4d4,220094015
b1dbe944892c6867b07dadda27d16219988b7335784d4be4f6f9da89c0f7fa8b,351933051
af2814d7e557295fd1891bbdf524003a55f8dd7f772ba12634fc14f24e3c4c12,475791004
58f32ae6a7c910cd3398a42e94adfb35171c585d948acb63907eedac4a29c42d,446224012
f6c8176fdc9ed0036bf3c95fbfff3201d3371c9633ca20bf81d424842ec54f1b,485673055
dc6f55240d0a82b1d2c4ab55f857cadbc577cb4137978a3cd4b0529f52c2a9c2,408104022
89ae9974f6d56702292a968ddcbc262b8f7765d158e688efa9fcddcffba67f0b,345830028
0a6cd9801e29189ec2eac8770dcdebecc6c57341a543542cc8e966db2678bc72,411565002
dab01860a2d59d0aa927d235c087deab402da6d28eaa4cb350dfbc18e2208b87,457466002
4730b8f4a5cb008320150f499947a597668dfe041e68aa8296677b734d7131c6,400246010
4e239a52f04443a2cfe7d95946a3c9bc4cbd7b5355866c789df29af88f7df8b4,485539027
00775aa01fc803ef7c6868f11b807ff1ad1f727d22b82d35b9299d8e7edf9a53,427114021
c4de04caf943d275434fa7659ae04ec2802ed5e1beb084130505df2e50944a97,484766006
ba72cbb42f1bba149d769150342227bb9e1f71945b3ff1c7bb7ab1d16bd1966b,453585008
0ce659f336d8a5451a1887d5c98a66f57a5ec0e5eba704ad30dd564f4245319a,447694018
63e1fec37effc8c155356701d326c795acfd5e8bc170ada3d99810868bb1b85a,215589001
34a02b9dcf71f6431c40d5fbafbfa52a131eb24d6f9eb5330c74f5603dee3b1b,156224001
09bca14258b7e9b9ee968adffe54d45c1e370e8ed79a228cb36d37a9718cefa7,469658017
f4b0e755bdaf973964928c3373564163fa25d35fb61157b94d3e554fa4a2eb5c,485542032
896302f7b2ecbd7980e5cb4a1a0060b826c88b76c81c022645986ba6d0669546,421387048
a7d3047c50c5565a99eed08e428a71ea6c066432f975836b1c6df784d37d4f05,406724023
028392e55850a43b1862ba06509fba9032792f97e356c5a03cacb9981e266996,351484014
0a35ebf9cba6bd36d58f92d07385eff588687cbe009f28bce628dd6558744ddf,395658040
96a0dead3caa334387c3abc388b41c1bfae0ecf1b35e124900ad764822d2d44a,448515031
1733ea2358334547289c634ca59de6eac95ff92efbffcbae17291beca55fbe16,348442015
31715d25d03a3b190c2847bd7981aaf6cf7a67a31e76c9a8ab371f36e0fb676c,487206007
9ce4500481255c7f47b38922fa0f0219fa6e47cc1f9effa009fbe7b507a6abff,364297018
ca47a72708f117eeb186dc65cf8114633d8436717636e47e9008a21dc4a85dc2,118458028
c511b6e59857cf2f0930e4ee9acde8fe1e02f54b59936b0295538f4cae5fe373,349301010
6e1696fad2acba9e5804246dd6a7ec6ec629ab3fe4c74a8aefa98fc56bf2230d,464454004
aa75cecfeb3f35ee8e2312dbba63f7f7ab57fa30ee1b9802a1d5d9836d975118,318914012
402409e6a57c5745cc0ab521232613442fe0aa79d8e33b09ffa661cf5a150862,387348029
84ec85a1b1204e1eeee9a34ee1fa0300ce6d34bc3b41aac8b3e022348096f26f,186372042
f7db0598ba2b2d270330ce1008e4b053e7ef66d2c768e6aa4b79d1ff7c88d0c9,488012035
198d979aee43ea32556508139f3333e878df2879d969e71ffa46708937415930,436570033
906b93e0cf2f733db09b85a03d398dd1bed7ad1083faeb8d212a7ebe79abad47,483283031
ed959a3d517c4c57d965f79c795d709bd486166be59a2eb50e288115ea63439d,347983043
2da18a9026baf2c56283d93e89c656e01fa3c12e34f198801fbd5dee3ac26066,482221006
5cf35e25f6a27893725539a887c141bf8c602e7085034ba106a837556f77802b,250099001
3b94d46ba697b7e4228c3e0489e4d40c63d5290b656b87be339f3ad96b27759f,403448007
5ece42d7dff546d19312d392bf21898abefd5d725b6aefa5e0023a09003b1772,153115043
0e24cf88ea281a236bc6961c3ecffd440cecbb49b3ba4d80744abb3d4a678cc4,476366004
acf151f12b4339b754da1f4737e49697507d4da3af8145ea598769c5fed2fe3b,407040001
b79688f62247f99e4eb9f47be4af91250728e8dc0abdfb086ec08f141ed356e0,478004012
12eb40797d5784aa3e33788f056434341444fb20890e49df52c8e8459dbb2c23,466948030
976e1fec88daf10bf388443027302422f76811514de23f87926cc6bdeb9fc168,485542031
600cb07f316a91aed5d3a2c229f4c8a70455bbd4829492c678fc2d7dbc5b5510,390512011
c31e0daa2f0a15361ca106923b053601bea5fe66a66f2f1361b13bd504b0f594,373493010
0677cf7eee496ab731e9ea2177098872167ccef3b4b27b05034588c1057fea0c,361531002
f738344526a6bbd608b450a3d6c12fd5e32ceb8e8ca8d00875ca44ad3c80a44b,487932023
28f992484f710290b3bc1f17719d0905e24d0aa6159afb6eff4f686eba4d1adb,485551009
f123f17aedb1f6e9beff8c16abd4be6900028651268e56945449bbc1d2416b02,483737003
a42455aa8578ac584ed8482111cab3c9b31d64bdcb4f72564dafe2c8840e2224,488546003
97a1322d2ec089ecf0e3563a9dec4cee7321c102f45473f42a38d0b1249d8d87,453585007
f33e9bd32d9e1daeb6150db743dc899154ab19bbf995a24147796a2fd1088129,417687003
95ce9fd4e1e6ede202057611330477953160b9f6c096072c6d715ec9d1dac0f9,485546029
751257ecc0bd525ee3787a1124753578e5ef6090587c085a7225405ba9d070dd,466599001
266eee974e444be57074353a3e7ad92fec35c8f62f7ab956c97894a7e200eb31,474471003
89dd3a48247bd0101f016f8fe9a64bb54b07869865295079e8c96f9e293c5510,486633001
60e182def926304fc1e1241e707a1737f7b8a23945ee8019d98be0a4bfe55b2f,449897042
79aae9ccb40553967a36ac8f75d53f5005fce3dda119c9ba536e8e79355f67b7,322017038
92016221818099133d6bef0739cbd52bf237add010019461245d444d38a4735b,337777015
df9dbd5ecf7e35d74ac458512f103e7d9d2dfcbda9e2f8a3296a6cd5deb9f5ff,485544020
09cfac7236d4f661fb1ae7b69a04570d7706395ce8db582b729440f70adcabcb,212766045
c767464acf13536b460c699f2156c2c982d32a1e8b557fce5832e07d2d13e859,176209035
195d813d47ae0f8d1b5e20eb076a26ea14f9fb4fa0dd7674103cb73fdd98205b,327821003
ab4b3335bdb02355170a7a0e2f47734a3eb04bd8f7a60345cea1d96a15ca8a73,224314018
3613bdf059302cea57e49d6da0fddc8dd7666abcc847dc071d6e9d5f9c40146f,485098001
ba76ed918d77410d75842895d5bc8772503d76409ddbdc16b643d97f78976a50,342434003
24be251a3691748addce7f7bafc51d7c6ca384eb7869217bd5b90a96ef990dfc,225286014
b8a1524271f4c9554567ffeffbffb8d74a4e8e9f4bdc9a014246ec501d6acaf2,425639007
a4083994357d91387d82016a9cb66fdfdcbe3ee0a7b841473774862a85b4a7c3,465619011
393b4532e627a55ff31f9ffc5fc92418c49c0f53ada49c4e60b867fb61c303b4,413911001
c8bca7142113327912567ab1c0104b9acca54c49d490518f05e736eca58dda97,464848009
60f598fe259e3356f29e2ed1728b19beb0f4a4a12bce1ed179c946a39eb253a2,310091038
9d3b627cdf50102eeb9b3a7ab7e081e5f1c941383df66d5d13b035fb25568db4,429313002
bcdc7d7138f081a04b54057df87b1a7ff051141e5c12345752691ec5856b7da8,483290003
f538ee8bc120f8206298c7599b891d73100e9e412be1b454a133a2adf74b9538,150959011
bdb0530eea5bdc232c5f3f1a90045ca87b620ff1c35a01606bbff172b2938d26,439285002
16a75cac789583da61213abdb58900ed44aafcd60b0b51747f790315f3c9d89b,294008042
797875070fde396100256a47150874a12b868a9a6593753577aacb0baad2674e,217207046
75f8030b268c94805dee9c947b4bff190ff86811c449b1c8e3e7f376616e3684,342034003
ae4f90bce5497e18b999757bcfe4d180068a8ac969d82fc7d487ef7187eeb711,474123001
6250ea2d30b873234778c0e64de9bbf4cbf0dc26cda0844b4429787cf85383fa,456163069
325381f441531e98bc63e842e979c0cf854459a758ae8839940d9d8f7f5a18fa,482031026
930d321b77f04edfc83d6aaa9d83fcb1589713d4404b097a0979ed3d8c62c509,234187030
61420aaff555c6698279ea277e50e454d68dc774d9b5878b89d8a6ed8f9e3dfc,448509026
522470f0b7d695f283805c34d9f813877e5b188fbf6fb6079b623eef4ce3f1f0,485673055
d4c99f362eb8f76702d6c5d3f25b265fd8158ebfefee49e516eb006580064f27,472064008
9df6c10c3b47e62f04a55df09070a80757ddb19f164678ed2a2daf8f1211cecc,469562061
99222f799d0af21588bee95f44c14c219de3b0e933dbdc0fd56d884e7dd566d4,472755002
48c4884673153dbd7f512730369e0b9f36ca99c0cc198ce48cb3a05a4bc12d47,466948011
db90495812c7f068f45984f6db8729677deb4c6f3f8e03aeee4214dda403e802,189654001
17461ea289e3bcdb2c3b02ce0b9eab0dfa43797095a4322eb7c5ed0ebcbeb4af,174057038
34278fb4258e4dbe98272bd2367e285ae97abdca51701a9174a05c098bd27c42,480516001
4b2b6d34bb3b4e54aad2e44424cee2096e556cb15cdec6363b15b20192ba4279,396135007
ac4d07dd187dcf8757e930c021af38f001c4af59ecc7d7d3e192d5ec4efa1a62,474915001
1ba81f80da0316deafc86db01a7c9602e762e1f777177252b7438ff07c37c9fb,451704003
de1770cde37d24a3d3ea1fa29f598d2ce7319eaf2f2fada238156de5de58c13b,449555006
c5f507954a7869dc4f6198946f49f981a8376dc94ec5a4d913449077302a68a7,432984001
35916753d758db1956ecc7600bf0ac360c37d597996e84afc03be4d45bf4e511,282832012
dd0ec554163078011bd206e22890a734f007cd850b72528272259e5463f4ad28,212629036
fc1c3f0303ade68cb6a42d8da3ef6ec4ae68cbce5872ab67222cdfee3f9cabed,331474022
8ef8c01df8bcc1056188d30ced464928bb685844013aef9c8c0f49c895d841da,464908040
436e259758cdded2a44e4f6b3abfc91f41f7d27d7cfaed0102f45b63419e4464,483082001
d14496820a91c7b6fe82c3193c25284c600d58984e7b9b0071f76458df0b6e2c,351914028
65532862d18dc6f2589a38bae792f937c9cfa56c6f801cc1350f13e7cbc6f5bb,458064001
2ac56ba5cbe279c99811dcf0d78a6f1f8d9e499584a4f183b8f3ab61da9dafe0,436570026
1ec798d70ab36bb7d78ace9523a28870809bf466f23972cb26a7ee89e32133c0,417427039
8b87fc8c99325ca2e82a8922ea673633cba40ed82ef797346eb1b404296734c8,408104024
968e0c81e7c1a780e1534722758dd38810df579ce8f2761d040440be6f8360a2,456163002
f2dfeed4fd9841c941f8e520dccbb45953b0a00451085631e504797f7fa9cdd5,466948018
59e56df3d00b7d293e56d4710fd614fb690d64e5ee4e2054e175295cc2532b87,477893022
7de6f55a46813d68d15075a443b402c7537314ba0dddb486fe3a43798d303b0a,377277024
9f615aaeb3b092e671232a52ceb47a7b75e0ab72bfe137479c28e80aa27789a8,458924011
3fd266020dd9496060e98d50f90793553aba42317108668b0eab493a86c3d56e,174057035
4e2d8ec3560bf52709785bf3d3c52f4b8fb936bd5546eb945ea48f084799bf24,472064005
4e41f1d4058071224f2fc8c9490b050f5a82cea683be2b369a34ecb6ae425b27,410624005
ef1958bd225c45b3dfb114c8557f4e8f89042d0a838f3d1a35899295e2dc99fd,300024037
3cb6249a03550c6c31e64d2dbb356f254b6a68ae2444d56c87a7f7e39b3e7581,449897013
7987d935faf9ec03e04e73ca8cb3e93be1f02dc876e79a4c0914519bf39712d6,377277024
9ce537801af3253f3d12c3e7dd81e3821029230b0fb7c45f6a17a49f393ff286,354246002
b66c51f9f3ddaf5585b74a4cac8342a7dd24ba92c219926d1bde62e001a3549d,312878010
2d889ab42b82d6bec9085cf41fd10b519438e9427f2148f1b717f0110cb28358,477515007
725f2e5204a52ae3573a60b08c9f66173c7dc923740ad5388875eda91259225d,463536001
8d9b7e03debd166a35a0d7d82bcd034a385db5a98b4fc80aa3bd8ebd9da1e1a5,399223034
6226ca49bd9d21c5889e1a5c79d0ec208500545f6125cc6f8dc05b9dab78b20a,377239007
93f7f4274ca47ed3c93016dc116b2bc5a570fb6c55d944264a486799372d7ef9,390469004
204848ec786d946e977e2bb4852e7068b40cab06a6a60641c1be12240fdc1d19,342434002
95ea53861d2dee555ca8be17cd7e1c49e583a1c64c30fa56b4b99acf2352bcb8,405636013
2576daa9c43171f36bb30e2ab44c0d94a3121524ad2a25b44471c3fe9ecb8acb,373506001
f7e5953d52c5c015ecd4662e437fbe97d47d4db541d06b28b9adb6c4b4fec6d7,384263013
760cbfb54baf17464623b0e73a890ae7b7f674189c43759cd05ac477c8352e7a,452851030
25f4ae496510b4fbc391d83c3cf1a93b28b749f37854e420b53f37bb3f9fc84c,331474030
8391a42d3e9198f10bd7d2d675ff08455d6751b351bc42d9023933276172c57d,485542017
f714be37b3b7069f6d8ee6f6d2bb9d3e095b725f00c65b784900b844a89b4d1b,241412037
00565e0aa059c5dd9681ebb78ad54f931ff180fdf49fb72bc19be5ed61924307,449099024
c798db007a181458897519d729f14f16bff7fb6fadada037a8d0d2b3813b7495,448515027
e36d429f4137ee074ac85b913e973138bdce878440536d957762d14964421d6d,392168018
4a22cba71cff2007986d2ab439883b6f354c285ac27fe2280dee0883387dcce1,443696011
cf4503c7cf2db0db58c9ba8a82128fafb180bff273a75e23c6bb8a94f76c9215,237347040
2e728c21a2cb8606c10077250d06842a2c4c6418a33b62300c76718865888914,443696032
8436fa9e66133bdc995a04b74c5fad925aa58ed8b1cf2ced002c037fa0229f4a,342034019
5e0ec4b3c1a36dc803217bad7d50181663416827e28530697941e2bb96ff6850,445419008
99b237964f3180764ce624c98617983b286745ca1a091744d5f44c24c6c2bc84,278038035
995b93a7a055d490e0cc228055f1a331890ac9a69b84cb397b4c80854a4fb471,344956011
c6e673c994e46c4b02bd58ddaab8cde17081aa2a22d23a7e41b7af2dadb83033,474461035
85515ac949d51386f5273d3e72262a14f6949b7bf5fab9f5ddeae6dd2d1d2b21,466948014
e86ebf4e9d8c958b109655ed1bd6499a3f4f104ba7f607c35d4728451bdf1ed1,488012014
4e929ac5d14ac45990d7c96503083ecf8350e9b3ed0d0d23ecda2e6ccf8fc9e1,387348022
c1ecd565338fffa9b85cb1b839f2b99c2cbb4fc7d09300ab0cf299ccbf7433d9,252298013
149efc6b140b55a0e166782e0b86f643e2f0d80040d349c33875bafb935e182f,398947002
5d1a9536120c72e03c9fdfb23ce1a064cea97124917be0341e9a74a3d1f4d94f,433774009
c622482fd9145cfd1aee5faa78f90d02d0105b7418a1bc4939259b3545ad4d6a,307239001
7dd0bec8c2310e9378ec5b670c80f97697aa2e901a24307a192523f3d7ada5a4,442786003
c3876d4f1f9f7dfdd60baf4ecbeb1e5ba740278cdf2886219d1d6bdbadf5c165,189616009
432160b10f37980f5a2ca13c43067245bdf3917e77dfbf33cebbfc6d136a59e7,477107010
fa77f854b26ad8df8885019ca65022d449a46af702383a8247463b0edaaf98a0,283236023
b659e6fd752e074ca81808328f9a0926416ff0740f522e55ec2cba683bdc37d2,426013024
eb17900713020ae2258af3859b695062c4a41ed0b749c53b9164901f1e0b4279,449570048
ae3f2ccf16e832abc0a6571ead4343105f9fe24d0322ec141742e637cf5ea0b9,451290008
9c0963f589785b06b8ff35b1718de6b8396563635b525de81d7b4de0619dc569,349301032
5dc3647138333ad6cbb8ed50c8722b5f3ac0e421f9f69c83a838a4a7762c7b1f,423900049
05f35811e2c938b8d3a68e0d1ac0e645495a1fcd080df56168bf978da998120c,455014022
b641ca0b78d669820c180e1941166717a889cc70bc4357e0caf6d8b49882c3b0,331474039
9a96a1bb70997c5524dcab489ba3a6b3783075bccf27bf2a53088d720c9af0ea,470636041
73ef3941bdaec2f1cc8f68d36c44e538f1cc42f8c6681e1f14b2940f488de09c,456163053
ad510b43c51764feffdad4732b2a8e2b77f8d2b24143df6469c23a584fc87cb8,390512010
8d75f2a8580315973c1dcbeec6300a922d21437dd3dbb3ebd24a99ef312122a4,399223024
410457f02035de566794d27577d36d45a83f9a65462c7553184773ecbba281c8,260736032
7a1d79a88179f4e25d896a05cc86fc51b8a5d922a1f9a881430d7e016f6b9f6d,308158014
e99c9c7e1fae5ddcaa322f91de329d85a354a472385b38bcff851fda53705b78,302334001
b87f48529e9aa599aa36aa1134fb0384a5d4d53fd5bc76e6f980d5954616536b,341242013
189a8cf56fdf6ed1b2e4e9983e259cc4c9c9e60b600bb79dc2bd0f6c34dce0f9,345830025
abe8eea9db091a97741c38145c63b55f2ddaa5ee36fbb90160211e0cde7d829a,345815002
cf282cb09ea06818e6e603eb01e2d08a4239012b78974ff5d2f897b4321a30bc,487050024
c096037fe9bd82c2704b8bbd9d3e82a8961ecaea9240c69e6ea22f4fbbfc767a,439793010
2b7fe884cfc7bb2bbef73939dd1eeff42add09cd57277f3e7308feebdd118f6c,269342023
28fbcd9612164b8b5baf91c024e1f49230eb6abc7df01296adc34970069c4ed7,448509027
2d7e0c9b0d5d40d7d07821bd6ac2357c79cc5f124464c4088875b1a062c1326b,315509001
921aee7c356146805b30c5211f13c1be1de16cbb09d1504558daf44fb1b6dae0,448262045
e888d0c034ba465d7eacc5b0aca13f0e55f0d83cd374a079ec72c3c74afb0e84,453453010
e21f99b783e45fe1d2fe609ee8c87abdff2f27fe984453a5e5fdb30891191910,158340001
27c49d5c21b34cefa6a7cff55154dcd2e1bccbd59632a3088fd005499fddfd26,292453013
948c70b62ca803a2133b2ba00c86591c175f63215813a42ef6c9bc73db0dd4f1,402065043
f378599d8d9832fd8fdfe161207e251762056157e1399bc595cb27159ca764d2,390512001
8f60b391c9061c3b89c2e54bc1a1d651b8564135f330f1f28ca567e511c500ad,465655006
8e2a5b7c5fe515524f544d8d3fd7fafa83d296cf4e9e9eb40db74f3ff8c0bb16,442957006
cad63974997dc487d8283cfd5ca1bf4c0d779d80bc66f350d87ed8363ba94db7,413965009
4975d739e72a2af4b29a01193d8dd426cc2f4f5269a14df2801eb7b34b482631,375248022
0fa69953e58a4b84ad466f4e10052324f811f3f0ee9174021b0910b9e1385e4e,305775022
897924b26f8b57f6ca2b2ac2e112d9178f34878f72749f9a3268e30773d5da30,265069020
7b085b935180053e1aab487d25b572e19e3be1b751cb652458a3064765685da5,470111002
f8d6bbf0727692455a4f18b43a3a48f53ced9d58eb86e5bc87e64897395a2b0e,319906008
5d22eb0fc0d75e0347f1a9a866ffce1bbcb21bf32d7ada1ab3905b59f147a1f1,433414035
bd9795d7f08dd7b0ceb91670501fa8ce0e5da16b9e8d1394c2629fed79f6156e,485688007
565283d655aa6cfda281823433c06459918ea51e74969ee7024f15401fd8eb95,402361006
b8d7cc22df7c20b09a830fec6f384aaf9b7b48ca69096cb074a2e8450d6211f3,457892005
dc7fc7addb152eac2a723189316ef2e344a2c68a9be31f6ced70033a982ad33d,466381010
2476408df94254a41368ee0bebc030f107c26afcfb43570c87beaaefe0ea2791,471566006
f61c75f8e0d43458ddec3d7590bfe9c93f037b76c196d9ebefbc9f8fad166a68,377277001
7dd898b358468e2789d71da07dfa9e12d8a672c3ce16bded623f38982d6277ea,403844001
98fa06f2dded905aaa51197242493bbdbbbf9c329ee66d1a14eb9edd74d2fa2e,461414008
5c03164fd43af634dc4be6a6b802f7d4848eb11849dbf9913a84e331fad298e9,487750036
e14794b302c59af3eed5473a1069ef00094284855a3f9cc4c0f9e7a97aa1f4cd,366859023
9b1dd3eaa0630043a2ac4d3655cc75dce3c4342e1ceec381f565920cde600c52,387843034
f881cfb571c1948d48931025ffdad9749159c49642ec6d6533bc2cb566812caa,469658020
187f04e33bdceee20bb18d6427cc5524f929ab3dbebc0afc8b522b343583db9a,399256003
b36c0ddc30e922d715a14159738c786216921a64cffc7fa8a5784ee3efb64acb,351484042
9d7f652b29cc28cb47e47a9c83b3eeeb9829a5ebcc923c773467553f1de13c7e,451229049
ec6880845b46a4dd32e2ae5b54f957cf402b676ad31b271e70f1fb9e33ceba24,446224035
1d6bcaff835e6ae7a556dfd1edd5ee65987fc283ddeda06b66458e5c6fe4bbb4,237222001
ff7516353efba19506a7f043d115a6ef494ed6662b16fc1f359556c7b6d5b375,488016002
41854ff8335543e3cc18a5a0c9a3a832971272bae2c1192234e760e1e76b7575,437668014
aeeb6459627c4f73715f1e4a48141c9a659086b073c8781d57b9626f8fe88949,486782002
e485b33ff933f1ae965419caa16596bd70115c4be0e417c64d06460d9d867637,484760002
08806f5a332f72086ff97a1ad05008957797b83f5033b99728312b9cfaa34b8e,384851001
914175a164476886994c68d472ff593ded8220139501b286a4e743af7045259d,477515007
5837f0a24c40d3fefce1aa207d101ea8350da7b49f33e3b34d20bb1fb8d642db,288575010
64dea8d8e7b273d4d9cb4d4083c41dfa810f4a747403731124389f7e6570dbba,474471021
e1255b90c2f7e04d5394632c696c1df8ea8cfea23899e6be1041832a30d9438e,474471002
90d5ac650b8c6be5360bca656ac3f185e1e5ae274340bdf54d170ed851c0a09e,417427037
d8030f88405be385d4ab1dba4554e5b484283a5d37bc6d74c587e1ee957e406b,216081011
f836f44eeb671cc8064486bbc8c3f77f5fc265f8a61117c15301037c93a77e03,304778008
a07e30fbe0c3667124e06475c772665eed577eb141f373cf53096bb95ae7e799,357751003
01790b391ba5fdd55012cfe6eaf4d27766c2c53e65a67d916cb2a3f2752398c4,481912041
9d615e3c14607a7e548070bf61c0f5f9213be0ec150e500d80b84ab7e6cd82e0,349301024
603aee0d9fbe5b38b26a6336e04931b422b39403a9b45e69fcfcf9b1263b2684,423900012
19f14653883109fe44e32ab5a966235f2e9b6b8b41c220241fbacd628f746d5e,442915007
35bd2fdd68c5f5674bdee055914a92a53e3bc776e841bab304a4a4792e0fbc2c,482160001
fa4911e2ed565645acf853dba4311bfe85f91541998d7ac440570113ef46d762,416511021
82fba55341032fc961967794b08745ea2f5bb7cae5b46d085a04f9ba43502a6c,485688005
f7936da18908539b3c2ade48dc590e63bac9ec823074c8632398e87b65b2d17c,480121009
f6bbb349cc28b8bc8d0e7394a499ae2137f5d87275115c1dd86ddae9b2a2ea87,392168001
f5b4fbd436e4e27a03a6c4bf6eeac2a1fbebc06d84456f06df0d5a11b4389785,400456001
e9fbf35cfc685b59a466667383283117cc058394708578325325f0d550558e62,449263028
211b362d4e1ce40c740ea46933ebb4ea969540012f8d42502a0fca60bcd38e20,301687013
e50b9e7b655f659167a76a18e5897f4f265f81a69802f709907a20ca6f3d5688,237347039
2e15c7ba8daf3c8f2b215fcf79267f7c292eebece8440e80ef969af8d8e53bd7,356438017
2fb76c758594c8afae095ac7b5834625433c65d6399b6e0b3a94a0c39e217717,451290015
3190ac8188360814eac1aafe8f516a7f0be88da4c709725294210b4775379a63,366686020
80e136f572bcaeca225b65a12ec6b59824f87be00f15a87fa3b0ecef02fbc759,449570035
936a46e32f3fbb24bf9dca3b91074f60faaeebf8bb317036cb68721bdb117572,300908004
29591838c3b69fe92b0abe75d5b32540d4894734729041e6ac8d4fc44c7db50e,467174006
c30b5709986d002741197c1261baed627c26c2724b81eefbd8472c8ffb6b4a0e,400246010
5a322a7e47a0569a01aacae3251949d5a6e0f0f6ce7c57979cf8b7ab66cf7e7d,213691080
26b0399e9c2a5ed361e23c9a1b6da33695930c6c4b87d9916785d26550831189,456163090
ed871363a016486fa5406568411506f8e2e04c1a1f3f3ebbd0120c1469e374f5,453585009
0d4219b36bb43f6f054e35e27900765f683c6581def81be08abf03b619356975,453065002
41970c19490f445b2fb6dbbf348dc2d2977eec5eb01dd610fc7e34b1bf10db82,305584002
0e24cf88ea281a236bc6961c3ecffd440cecbb49b3ba4d80744abb3d4a678cc4,315987005
47c74f26e936c6b5cd8a856b23e1f9313c583c621df62acba1a4e93b98497cc9,218829015
e34e4b2bdc169de226ac2719846dbd4cf2efab38086ba3d9c2643e8e8cd6fb45,482211002
947420be59237eaebfa3dc973963b82e52055ffbbfa3ca2722c11e90f726debd,436577002
87f2d457754c3755fbaa7be11aa7e3847924515c0a0df9c1fd19e6463818fb3c,447264008
6b92147f01593c2e4ddd21577d3ef55d34bf0ec05c218bcbabf0acddd491e2b4,174057026
b2d106a92fa23a634fc627355eb30a5acbf380c620aa4fc5fa327eec42145167,475973007
1df2703500dcd17265a1b6d2b0713c29b327dd413bb0380823d8ad8c6a47a0eb,342345025
91f76232b2fb07e0ba94c6e2d0f9c50d5d96640073ddf4d61c732fd47667b90e,386399011
ba40de4e2018d310220fc8640939c313662911ca77b22150360f9d7589566aa5,379360022
e2a91c1f074910a88623e678f5d183f9b5826dadabcb72c084d9ad47954360bd,451243006
d86541b26011c4d608341e5e9685295cd4129dc922369ad53a89d907d2d7efa8,395127006
a912ef62c31a7780aa0c12f9a1d86c7e44a3d536122bfa593083d1460a8b0dda,472341002
89c98e7d5bde445a04d98298308a7d53dfa130a36c1c17408be29fe75fbbb19a,410624005
cead72613f961179c916ed10a51096ebd1c27d5e3af87dad7b6c0ad4a1c01959,449570053
2632738f92b9701a4e51813540663019982c9e751c04c09017045bb61bea5d63,365439052
6b8807500116ea32a18ae7ba1eb3a423826ca167b257b39808ebc1f878c89e3e,457292010
b30fc18ae91c8eb77ba6eacdfcbd346afbe57a90fe96b481b8e2825ff1bf80b4,218354001
7d1ace44162b9f76097e2498cbf8307fd84e7efcdb7ae46f9db0404a9bcf5a51,481529006
273b86f5333a2ede293be2ca98265b27dc69646e4767ad613b5e8534cfd4a93e,470789016
babbf804efcc6ed6092b4ae503dca4bb2815eccac7fd3d4fa449a4e029bbd38e,357751001
1431ed3c50298a9dc022595e08f183eca9572adde2562677933f0a78ab40b202,452898024
4fb39537b14dd2fbaebb0b1b195f90453864028005106ad58d167a61d179bbba,240670058
e8746ed6db301d99e2ed798a8c9a100ac0cbbe47336f5a08a1d9354716cd96ce,479167002
d5498fa4852a046cbfd79af658010af8c038ab916101dc783c2f8f71e69b5685,301213013
92fcbf0fb18cf10f1ab3ec843b34dcb0cb023b186055ee43a6b39160ec29184d,469039034
12c010202671e05653943827a5c5322aa79dda0397577e5a7ba89b585673acf1,392168020
80304c75e1ae0c9e476c2986585aae47cbed7ca469fa75e9bfdfafde57ab52c8,333323038
ec7212ddc344b90fb91738c8d40bf427975477e745f6279d6590b91e85cfd3f3,315509020
29b0cc8c4fc7a83a853720cc5e6ba3eee0515c4395a3a5ec3c3e6d06ad909147,428291007
e879549e4896a5890de441db8a5f834d93b0c1052dd1d1e0ce017658f4f861eb,392938002
a28e611557eaa864f4c1aa2997a642ab18ab156951e5068f76376f5a56e852ef,482207009
1c64a938e13b6dc590c71ff2afee38688f08ea2ec281403c3f0cee35a392cf7d,485542011
696a68a095531b00cf94290824f2e426774388ce268e5c9b4ec221871dd8c6f5,464454004
591ff18c3ce2e156eb61421f9cce3d92ad26f61c7a4f12b797ff2ec8643dbba3,433252004
e75d788b011cf51c9cf2cdf22e73bb2457821bf7440c04ee749eb44eeefad10f,485542016
93c089e7140ae70114ef9b88847d361a3763a781b6a9ff973ac63fd30b5943b1,481754002
a450d9af567b6eee83a39442b7cbd3716ed5395680f1ec18ba1ce9ed490f951a,264713028
5fc85f801dae1ab0bf9199a10f8ad60202136492c2e2be3f03c97a9afcc68690,217727003
c98646570dccb7c139321a7307718188671ac4ca8e729befad0cf98610628217,481754007
a242d814e457ec864e6947ab04ffd6da61a1c72568f984022ff1596f15e7a6d0,421387029
d4311be3fa08b06416bb05a9180706be0bdb18a78fd66ac26023421411bb7951,477507006
713ba71ade48641f592d24c91525836750fff607b78894accd9b8fa3bfa7032f,466917003
57500b9a1ed5ef5b27292e0f221d9a269589dd4a72c368d5f928452df8b799a7,487206011
b1a1b7faa2e4cc9ab6e60caa4078f699d5ce4adb46fad8a5c2b1b2602d8ef3c9,393772011
bd9149a2c555afa64973ee7d823ddc3f37380e61f231f48cd6e7012d99809b2a,467738002
c3cee66237496595e82213baa4aae8a246f50f066b714d7058286d4d3fe5efd3,458393011
5bc2e4556f8981f07af05bfabc08697ba8864b95e11191c4efcd3a72fa3c0d82,203595048
68b61e0dedf7eb726bffbf36d94c5b17a644f8c3288733ba55bacb99b7137a32,304946034
cfdd0819433a9801eef4ed41200807a6ce193720f3b6a19292ac3bcfb5dcdc40,384263008
dd05022c23eb3c3d0583638882e5a68b48017b68b635d9574ffe73143a27261b,347983039
2bf036d2ee7bc40b8f1fe06f370b0e12bc452ac8a8bf0879faaea8f23d2e59bf,461327007
540bce64a7bdbbe2f09359eeab5f7cc8a5572a0939b6fa9bb2ec559e16b50454,454128029
83bd9faf39be6f65c1978c380adaecea33fb2e67dc92e677d80677dc3b9419bb,423900029
f4a74c4f0b2a8e3109b378f1b03ed2b08486e22cd62558ee8d89e49863c956a9,276242021
072986c67cd22d9680516a1c7730f4b77e1e6b763983d89420f1b1a443f0b51b,337777015
96fba0d653b549003d3e74fca5c188a155d6f161e8c3d31b574de6aeb2879bf0,278811002
a8f71a05f8704427c83f919fb32c0e6a8306d26c3c00300e2e34d723db641307,471456001
c5e0a5a3a474db4259b03181539c9ce8fcdcd02b9400131fc9ac21781d964db9,458924006
7df092153febb9a416cfa46d271be36d2732da21ecc280b8b4abec3cc33f1897,432566001
64ee147449a8c72038d6b0e8d0cffb6b30bc4528c273cbc420b191f10eda5cdf,326885030
4254928194a9aca275db5dbba6d7195453a28f7abb04d9c12573036855e63a28,456163031
12a2239a34bb0e883c25d2f2f53084176bb8c62fae25284579f8b86be3b63ecc,487724001
66f10402d9ab1c76f7e9daf8bc2d5110706a0d8d151d318d51fb35b459ca685e,203027047
beaf7e7fe9b0484442f355875606fa1058323d71a7348d2d90f6b99abb8c9d59,179123040
319e47a53dc0e4d83196d6a78832390183eba17887dc971bb229166f8f9f1407,453831022
62fd995f5ebded8f4664ae3a4eb69e60d5fdf200fa623cd5be4b6a809623f04c,449263028
082e419fbe0912e7f1993ac4b224f1e233f8fd9745d8be9bb6c6e8cdaeb78111,375248020
46b651c01c1f485dd8034bf94c5e82de395fedfa8d7c0637299b62626ed9427f,403479008
6aef0e62b91c5b2d0d4ddcbaa058b532b7b9311d762c705a3832877483d2e4fd,181448102
3377710158bb2ad13f380e6d9f685e8daa8945c43f55d6d3d292c56d3d700768,286536007
bc719e09bab15ce1baa902003afd95f8ef1bf4f008dbc8ff2ae01f5e09e03924,456032018
353daec62862550c6dc5edd3b9d3a6661bc8a2f13cfbb9c486e6d6c003f5b2b0,433414020
1770915696af61b41ad3081e9abced4d2b1c55102130e31ea5e96b6fd6adb204,265071034
440dca1db766705f6fa26d62c0a227ccca8eba730e56b42dedc4d42bf5d991b2,126589011
a74dd841d804b2b9c9d4b91ccc7cd9efff95df4bd3ac9b522d1fb2c06229a94c,425978003
03a5702d7cb6348c937e600e495e020885a44463eb869c7a6fb40e6bd187afa5,416157028
94cee0f70da39f7e7a9164e40c4448d2118c87289a3fe8365bc14e406cf64de2,406979005
796b845e88078018759b050bc723d05d513d805b2c56948166a589a95e607432,217727002
9eb1875fc1f22051484a94d21177f8f9ed1cb6f6eb5028f972351e052ea74352,443860020
5b610dc41ac64c81d2752003ee9f3132288ed6be2f8401fec5592afc64993b88,399087001
ad9fd781b0dfa92a67faa44d4f0af1664b57978c9fcc06b193ced5b82aeadd59,260736033
0cb78e4b2c514e71c66d43d855de9aa7d5d397d3771739834c75c9385eb4487b,445400025
0685074108707fa3279842aadaac1ac1894913f08880959253bd6117fd71e2ac,413911015
cd9c45e786a3538b66bb63433f31c9f64ad5e547322e4833c8a0adf140896d02,437129005
61f40597d3aaf27c2ceb6192022ed20c4b2601324f027af8cd3e2559bd702514,225286014
8d7e3d5ac96d0108fd5f76a04148345a3edbfbc19d7446f7d433824d10fd8de1,483064002
27a2881000a3cfcd3ecee835a1e76f655d302af498c753108ddfe606d2db91f2,478992008
a3a6056bb92d107434d1a7e4232a9837715445f833b188c4161008356b6a427d,456163070
c5c8a5c7a52dee858d8e80fb31417b91078b26b506486819c853d8d8c58c6878,480581028
810cf2dd8cbd81c7bf98458f8463db671abbce951ff650f2957278503c4975fe,413911012
3b6dcd31f31e592201097f73d2b6b95d2a04d6c2a0688e2f923c3a5878c65c0c,409730006
d2acf121898c567e171e80bd34ee3609b1b87926d9947dd4bf5081c2cc3c2658,316441001
2da6866c461336c6f6d14e443629e394065e325ff5ccf91447575d292d59195f,417088003
d4bd4746f213d806922473ba3d39d4104ce2b607e0ce9c652687fcb400be7524,481110019
f7f5352bf3189f55ac03f04d1f2354ebce90661450ff4d8705b5a703408b9ea7,189691033
d716f8564d4a3892a43211b65247da86f32363d436f452ae304078b0fcb5bc82,446224016
36e0b675cefb81a0820d8709e20a9ad8bc21dce8aa13e3848009c8045219a9a6,443262012
6d9e8f16df5397cf1a69efc29e4fd901438ec5622d7e3e09c3fa35d4fa14c847,389479007
1a2903b533cc1afb022e12a585af1d01fe179805afaacb16a02a634767166ce5,445400029
9a43f682548ab02961c1c4cf4579ad92c03f66d21661bea6eafb6a56ce5c9e82,482818007
d708f552889191a85574ad571cf726777c780d01e6a3c332c89f919dee2a7e92,244267028
eb26b9d3807fc1173593cb98d2e887e929e3192980a840e367e8a3f86eb541c2,318914007
b5156a97f1500fd4a5ba3f4362db3890e10b1f7aa9cff52b3347a24f1bb02716,449897042
a51b8bdc60e66148e9db1dcf7f7d6c84dd533a680eb7e30643188ae6d03c86a2,396135041
8dd07af840105b9acd8511cf96aceb85c4554ab83b0bd9831b4e61be6ef3e28b,449570010
0a6823e56068de75095ee51f65644286090239acad0c41a539f5a5174a18b0e7,351098028
535087e63554b2d405a8e489da42ebb659cfb8f15ce89930131360824018e88d,480076005
74a653f9f2ac160f8ea2eedc85efa22014136f7fd335c6e0278b6af1057d7994,429313031
cdf8d54950288dcef1e4ab5244c0da0dc1ae6f61e6580178744e4350de1c9c19,448262029
9cb3e1facef9a5a75ce6c445cab9b125b731ff2e2cfc64354c8be0ea176ce696,395658038
21f8d5f86e972577f3ffc92e1cc66951d441fa13f18b88164c7edc9f448f9b8c,480581024
38b27c6ff6d52c664c1fb0ca5de1d57c81316dc2214e380f3d9fea2a6db61349,291333018
e5d6076373d69c2c72fea6fcc7d2a371604371318e9af6a2f992e41f7b73467e,416175024
38a616d2903e6d8317eb25787c2a8abb2a7aabf64f65f132b824c6c333b67768,485678037
bd5c67a842867be07cb07b5ce98699007cf73e78bdbcc383fe4fbcee275237ba,294008050
e34edb1745d207e6646f5806a2fc05f7cfcd0daec49a0a29b820d292bc7ee377,469682004
188a49c96fbc2c6ce6f11930b4ece124ef06c5fd3cf06dd679dd42bed71a2131,318951023
7c501c7b0465c76cd8b27f76c1fcc4b51b3dbdf0a5ce16b46d374877bd2bbac8,189616006
ba51771bbb41591cf0a6f71946b56cb3c6b0a49df516848f312e0bd737dc6a1d,189616016
2d785053d807ffeb5157c6a7f4b547748c2faf5acd7a34cd76ee70645090fdbc,472064005
6af4c243423a1841c370acd07fb386b81eed3ba099a668e677eba75971fe5f1d,457292012
e55fa4315f723b0c5210aa07490af98b857a10c8e2de87517e8fe0be119d1ab5,253448059
f61c75f8e0d43458ddec3d7590bfe9c93f037b76c196d9ebefbc9f8fad166a68,265069020
e895dc1d07c4f499e19f04109aff7e23d0c869b8928f6728d9297027660389c8,244267004
40dec0785d64545577583e79cc86e8ac608161bdce921dc05e5922852619f0d4,485973014
47f68caca2ae926f59d161f05377cfe6bb2fe64611eac20507b4a7c30684915b,402065039
486f5389c05f8b4f5b43cb5d0c8aee6d5bedc0cca038452f1843eda1f4e2512a,358483006
19136f8b98f1ad3ca260eb4a91d1d0d08a53b842b841e3f0065bcaa3440947eb,382127035
8f119119a6349a89861925af995fedbab9bf4e97d8e6d3b608017bac4c478819,341909034
aa329c0267a1754745f7ef64f95c657c5c79cfcf3045a662ffce4bb1761aa8b9,428071011
520d078e87553196a945573b073680c3a3718e8800ca356520235c49321871b3,485748002
676eb9ad562c2af13d2d7abf895d8c245d4f4ca8acc3cd8e0c8892867f9d500a,176754003
30b62709afceb71608c99c84b72eb8d2b3779ac845e1b8510df563d609ad24a9,453239045
a184947e33e0331650c6f200712eb07da2dc30937a15379bef5e02901605c2d7,487800004
d5607c290658ffdac8c6ad81c3c7b3a110c692c5279342286255b17f00454197,480812004
3cd3041b9b20ddd586e475add6712088c94537de8311b3c2395a7d7c284aa782,485591004
eea3194915a8681d43015daad395d2d5860e2545b31c125ff283724512b72e90,308154005
b1c3c84d9dd46b5c99b34a0a191cec3e077354a8434e58dbe5d8d3b3e3c7f4e6,474123003
e8f90e9faf1234c8cc458553dcfc1e4fd68545c7c217e69e8bfeab8a8d5e1be5,237347060
260de395f367962f10095eda4d5a7327cc96ce54661307a93af7a9518edcd60f,318951019
56e4f6d8be3d6a2b6e0e1986716f194446f1d271c148d19c0ecd5796c3d98174,484398068
0ea4715e4cb9cc608b6263b9c24174793a1de3969cae8b29f95a41b1cf94b289,464695004
ae6f9772d2cf4c916bb851e70ce18cf819ced405a04c77dc6e44785ba3538a05,146721001
086503d0772fb8a7f2113b7c274635b7b1f5f49b45c3eb2653c0e7159a9a8e40,351771044
63c49850f32b91e5ea50c092a4681d43c82efdbcabe844bc1fa7c229b01ebb8b,378447004
8854293103d4ef9b8c6ae48083924aa58915d8dd1703f202e88bce39d2673cff,300908002
d86541b26011c4d608341e5e9685295cd4129dc922369ad53a89d907d2d7efa8,469658019
e64f0d966ab70c1a472712d4f741294a2d5cd65bfd46906092bbc531ebc88af5,421941007
1bdd19c7640df940aa0a5856ba8d0d6e3d2280b838c4ba960f5f436ca305d477,351462009
4b77dd935b987d23ebbfb117dd676537859017a1ece6950f8279915a5288627d,188183010
dcd9a54155ef35bb80799f9745b18e422a8080424502244031b5df6eddddffe9,485546024
eb291bc414ee6dbf622a9f98267ae7a01d31d3d1be2d0a52f35bf31b0759d42e,341242015
69b11bbecd838b2dea34188000c8fb81833d160d45c1d9e6f01e4bd4d208409c,458543003
1454c1f3b49ef36ad460bd9704f975c3cda5a2c938dee3c262a1e9b16b4b2edd,393772011
066a09310c10ff9f58bb92ccdeec4500922ffa2825e3bc0617533be7297aae95,189616015
16eb109b578974a762c2035a7e4c41bce1d2b9f56a6ef3b27f274fd3e1f1d883,145872053
cc2a4e9face597d312008c4d1a770d28d366f9fdc0511c74bc889eb8eee82184,351098028
8f5f0de88d79702e6b61c843a7cbfe34dea141c48ef57dc73ace8a2d960f6afc,442915013
db91aafe55cb412cb0d39e1a6d88f018853db5ad4311e298ba1a5232dc818e4e,347983043
dbf47f5fde94e317d1aea19ce47790fe8162dff72faceec4884e8b7a62580b88,408884003
48a48cea875f1c36f6b0db84b9755906f51c209d365d9e513606d062ff7a075c,395658049
0d49a6a79ca06dcd56088a5cd6b7c2d6e2745ad7d7d501a961950420bf2de624,186262013
1d894cec2c52ea8d9123eafc5a99be6d84554b546cf7d1ceb22329dec0760d04,316553026
11bdf4b99efd713ca53995f35c6f178106e33872e76a64e69103a9164c5c9b28,469658019
1f9de1d2f9113082364aa6e726d11f757633fac56cea351d1f9d69df8cef7d2e,432566001
d7fba2c2f032967b57093fb8f2cd9c99e9d07d9723ed1d58e042abd675997d32,390512018
05d39dc56b9b926ea01fc81a1a54ce4d31611a863443014ca8564e4da162dad2,482258008
442e111606a0895f8ad554af7d5cbcb66aacecf9bcdf8ad760deb234ccab6329,482031032
3e534145316260f3414b4f6b16e0432af4203191133e2c367d907f79ffc0e949,375585001
f9941f214d6d9b6973c6a5989b0fae48b462b655163994222238fad34e1ea466,406724024
3b05b30a1285f2c9099fb07c7daaec54124af3a0dfd0c7e47211cedeeb18091b,487054013
4dea44d3852f53bf890e6bf5a8703b994aa0ce8c621ed00591eafe9da978de01,395730035
2ff8ee1365c13b0c2d08e743a2a8ea60631bf2ee999c20c5a67a3f63982ef10c,355307053
c70f220f42287bcb17eab95f1e9c06154aab25c59ee33141654ed5301a2863ad,343973011
b6230ca977fe196d6920d1c78050ef341be0b0caa27d30eca954a9904896aff4,432984003
ddd18c3c7b650a7d2cbc934a4e435fcad59afd1fa2326876d39bcdb0dbe0e0f1,453453021
1a9d9153b520f1b22d99364a5754799a84d7aab3428c7c947562b9bdb0d96b8d,453445030
aa4f575e051e331e94cef4e823bc78b055c7586758565ca22c537ea5b596acee,337991001
1781d2dd5a08e6c7f8bc3da71d3db698e59c8fa82e86600a4a138b6fc0169587,408569010
1fa930b39dd101682cc6e3532ece9ae6fc382152f7b3414c2722c5daecc24aef,312829011
03a2c2aca9ef6826d9ccb5361713ea002eb1e92826ae92ad834999ab2c612ed3,377277002
e0aa63a11bdfb966536fdce6e0774c51dfbc9e796ba442d3eedcc9070f445be0,450604007
dd7973ce495b2b2bb2b57b8808e8a531aa141885069ee8ced75f8bdb3f94bc53,473507004
538bbc52fde2e8d9b0ac39f4d00fe4ec60605add24d0eb21b0b79fea983e000d,451294002
3de5c921ec4f49bf20bd234abe7c5ccfc9cd0f03521ec62e49de04826179e688,386859007
fb1d688ccf071d97025153a2bb1e00d352789e95b8b1720fbca0690babf09a54,416157019
b9e83deeb828d178dedbc6edec3622d6e7e2851738364163fec489611a522cf3,443860021
1f4bfb313bf69c2ebcee95e4b226af85d9857da736e799fbf254f68601c8c86f,487932029
0650eda21cf16849eecf9773903eefe47a80e9b46ab0ade58330a99f6cee7051,446224002
bf103759206b00d7a60c5c097615506378a2f98fd87360fd6d01543ade85723f,464679013
2c0d86995861b59aa887b9f09080162de140abfbadadeb26071825733b023a2b,452851029
d432431265ada39372a9bebcfde3f860fdf79b59656d3bf1a1cd8f65f38edbeb,406979005
c1431b4a6d852965f7563c238dc1c226b11321cb66b3fe3445e9d84a237ba9d6,338400003
5b2219d6a24f39422809b31f37ec92c0efa0e1a3a06693798a43d454c83e892b,443860040
485acfb09f6314d7a5773a1b539d316a860a725eecd63f5566cae254bf604bd6,459428009
78f45cad7113e57465f4665e79c26d610ac6910f0ad2ec67a9d1150d5b4e3689,186262013
1fa7eef8d1d17457f7804222cf590a41c812365acf0ea48d779d35565ef6fc74,456032025
3f2f963cfb37eb5388c0f1ff2b7c8bd03ab9fc772cad57dcc8716f77eaee2225,386859026
934e9175d23b7e7f478992961d92a7802219305b2ac342d03b967dd68952a083,315497016
a29881074b32741658c64bf52b0e82daf2e766aeadd815b2b5cef36d831b6c8f,364409039
fb47381d1f934243b7551778db5a5af344814455100048a3749ad22772a4b781,352811033
1a15b91bf50d7e0cb587e450916f8bd667ca8a2b4dff398c1a1d242cff3b1c65,481147001
fe4065ba4a9132736b6a41f7353346d64d32f0c04173cded1ca246aaf5919a44,475233019
09836a89f95ae8bcf5a85f0a514fc06b42b4ce3c08e33cf40d84438e892b45fc,455925002
6720678c3f5d398e660cad12575f51c4a3a5f7be9605806aea57b4a92590683a,408884003
2a388a48f923bd840f986891e17e82da279e21e567b30460d722a7c45c5fdb98,214844004
2505036f9e1f23ef9f21b022c6579abfd4346fa5e647e5b23f2598343aecd9d4,476583002
b40bd3bd2164b6bd4f9af623d5b8b8cddac5dd4d1633fa7a87cec0d9ccebcdaf,452851035
427b7941e10dcc8905a881bfc39991708c8273086bb1ee0e91e9440a8bc1e205,487050029
e288e7568df8532e3bb3558165071cea188a8d7ec28e4fc9393a8b2b4c7c7973,387843035
4d5ff405129ed1ee37324fca8b6281abd6c3053ac625b8195bbdf5af22c159fd,487750016
1f686c0109127cdfc3b011a9bcaabc3f04359ac65250a368afdc9217974d8513,387348025
52a074a726a06aa70ab1c368829b9b33141cd73cb77a519874435f8728c4a722,462435021
8c4c398a671bae6d9d3a02ca9ff5e66a6c12b5537bbda5f64f68f6096f5bc554,305931001
3e899eb53d88cfa3ffce80967eac5ebd805f858e9b972bb68cb227d0f45388dc,395127036
6872e9a9a739dbfa954f751923c53a47077aa4131b1c3bbfefbfae3bed98a4b3,405636042
ee13f76812cf26e657e4793f367f9bdce0a8ae4324cdda17b73fbbd9f71ef479,464297022
df3945e0eee1490615cf4f633ca78e702d7949659141787570f7840379a093aa,422106037
e4b128b869adc188b1a00d545de935310331ca1f904133a41f7770d6572e9ffd,449570034
7eccaf2c64ceb09e2696aef8ffb8647a219d51395b180cb78aa6be496931e4ec,486782002
d9d454cdb97947444303c78975c9655a7b362cf253be819d82212839316d7440,111565001
6a5d26e385112f1b6669b7256caecef35a0eaf2e5634d03bdf8855da13162c52,453445037
b35406c64ed42246549845406d65da75e3a711270b8258f4803e41e2a0b981a1,366686025
8e0d871f0de5e3d02f9a8553d548daf1c889f77818db69d11293df420bbc0a38,194270045
56dddef3f3c852b3f70325a94f80b319144687a9e9631e64289aaecc84fbde88,449570061
7a893173f5693f75c288377fb5893ff7be3e97258935dc7e976066e1cb0e3f52,262277009
b43b853cee49dffc65dfb2f7fbb54e8b96cdb8610634fc2bc7eea87cda8a6874,449263043
3953398846634b772c8c671d9ee43fdbb75c72cc2cedff3c46dbce04cea20fa2,449570055
353daec62862550c6dc5edd3b9d3a6661bc8a2f13cfbb9c486e6d6c003f5b2b0,427159007
f29d8e3f365ad5a869b3941f6d67ff70bef133046123fe3cd47cc09bd8202c80,440811001
cfaebb883709231664f1ce0b84e2b1925760eb9f145f9c1db0c210b6afeb8794,411413014
958d011aa8c546d754c8bbd0257092c65242f5e90336305e8021b13dd552b232,348330049
c55012760d11517708580281de03e0d552b1ba6f2af37e5feb79ece4cfeb49e3,484398056
adbf1f2d4635e6d7bb2d233fc275d568dfbfa628b72c5681d4eb2ef8722fb09b,390531007
d4b77646b65c0e8c93f4ab05a399467df71734cbd5fd37df7ea3eadf1ba51bad,445419003
ddcced5ee9ea0f23e578965bc1cca1f31027ca58e52b8a32d373b7c0cf2b651d,233672016
da32f9b434ce3e4ce2cc7c6f6cb6c5f0f720f1dff09462f33e0d9e87c44919cf,470789013
a56102b525c714613b7c441969a35db0a47367b6c600f5a7f0f22f033b63ece7,309434006
a04818867512aa78879e6fb4903cdfeab31804e316d0dcd6e6a2437ef358b1e3,470636039
50410159163c74aaf6367a9238b37f5b49a5a15665ec328c6ec4e01948ef3ca5,456163010
e030bf5ab32d380ea95ae99c6ec7bc569ea1405d36d141d5b1afb9b203d930cd,350911008
7cdd7f797b7b5b3bf0098e8d63fef1121e56eb320e9d421768ae07f30860debd,456163084
7ec2a45a65dd2e7c6eb4e282ebb935e2d78e9fa2a443ee87195e712c72d3f8fa,485691003
f8b33e6574d95387c83005ddd8d03666515c91089438369361cf225e557b6c5d,403994003
7ec2a45a65dd2e7c6eb4e282ebb935e2d78e9fa2a443ee87195e712c72d3f8fa,485542022
e5b1c0437ecc81fb052345e6517efd413c334fb70aff793cdf513a96255771cc,399061012
e9d63ac426d0ae60622418c75faf0ecb855fec07bb912531d724325722023137,451380011
926c62050c33032e7004410a374531093f0d676e84809cd2c0d521e78e37f9db,395730018
c5cb5ab251dc1690dd3b211d9c083b0740e63591f6bcd99551d1e1e5bbfc7917,108775051
46083197ac27203f70ea301305e998383a03497fc1f23cc351cb34572baf56c3,485553021
1987cd1d9f8050e04a30ebe1e8e978716897e79c4ddc92532886b63cad199ec1,288575010
03e0137c07011e066076e19887840fda73e675ee2b096e19ff5c95dcda116b8d,445400024
61a8ca08f174bae460ca761f23e40397a7f51f1e80fef2c7f394e2eb17ce1025,220094016
afc606b9581108f28b1dc617e94577ab86b0b1a1a7bcb16525f19b5fd7a263ea,316657008
7ae1e6d7f835378846c1e46a22e99e6d39339646543267e560d025e9c5327483,456163050
49e11310f8ab406127fb4794c900c1e592a62b04f11ccbef93ab1b24b44d67b9,485546002
185ac8c058850c221d809c201cb4caf57d580f08436aafc08858d0f9501dc465,318066014
1fa7eef8d1d17457f7804222cf590a41c812365acf0ea48d779d35565ef6fc74,375849026
000aa7f0dc06cd7174389e76c9e132a67860c5f65f970699daccc14425ac31a8,394292006
8b17febdd9e8b5a9eda04699fcc9e496b8eb3e201cd0b5684250dd736f40e20f,471456002
3e7f3f91ea04b05074d0bac04d66745702a992d191cd3fde5b3e4894aaf71ed3,394798002
e7be13831b2486934b151c664563028aacfeffddfc50896f42a8edca51cef2d0,255396033
3644502c3554e67f5a34eb261db7dc62251dd8a818346620b2e097932fd8e06c,477515013
26868df9b0cefd1b6f4ae8914a69a3fb1e5c5e7f51d9ea39aa55e0f4edaea1fa,293244001
e0ace9c195ab35c38e18e13300dc5336e1d5131731232728afb57ecd347ffc84,407354008
8bfb8b22018734f8b6f4b70b868c1f7fe848171063a7ef8da946eec65f8e6f85,485688010
8b7837802baf45af76cd2ad4d9308dc4c9237cd6a1e5ee3ef2bc6a505a4b1c0f,376172002
d11c706fc727dbb7acfbb90331a4d135b4b55ccdf93b1746105b186d409fe257,347983042
81754df2337f64962e08e77a23552f1130559a590f8052f0f550a96c8a98ad9b,400319005
3a7842b614ba54701a6882e9d34ee879a8cd6ef63c3bf13592adf88a563038fe,457039006
ed225becaa4cb21f010240882dd1061e3d3305af3b234c5435e8028f90622892,445400029
ba3f599d9a58fbf555b61678ee86fa89e00b412ce38817cc2d3511e6dfd00fe6,255396010
2a44d12aa77e37402beb326b8b49133b15fc13737403760be90cf6e176f958b1,300024064
e87f8ddad0804e8820ec5e018d272d041815c61abfadc9c8bcd442484dc07395,292453011
d85f332b6b67ee39771f8d64010d1cb260611f8ed735a6058ca932867088ddae,344905001
69e94779233d0569406ec79f1f5fa13ca14b44345f789cd03f4619f18b367c0c,395127043
cf84b99c68cc0501ff53073048b747ddd2adee50ae152c43ebf7419aa31375f4,456834015
c348de3b37106f2c59ea932ced8b4516497168f78e434225128f1ffa3d880db0,468591005
4e7444ab1a0e29c7b3b32f5b4c28371b0d87d3fe56a79da18352072dcfbf1c2a,300024063
7415fb5d4bac073608f41a7fd35d1b6d59c0b41e9d604ce79d47b1c2eb75c032,481093015
c00dcee75b9ed5027c101509c107234ba722622a34b1ac81491ee54aecb3a874,408045009
3251fc3085a7dbaa07326a3f4333b1833fe104dd4ce17db232f12ef94ccf48c9,423900053
04a7a3ce32912ab3973248e5f9a9d9738af0aecbca2c9044aa6922758f1cb284,370868013
02db2191fac57aa4e474e76fa817d21c1a1f24b841c2480079fe2280e695ab92,485542022
2c75d52af6b56625479d2374e3194fe732721e989edff1753be09837106ed776,445358009
d3d27414a76585e059b8fb3a283b08cae772d00d5315114c7a86e395f29fe658,237347069
9bbc1fcce9329bab6a72e86e9804fd2b464979da0af8351c3b3079c077f5867f,372628017
169def5d1922f3c66c6a8817c428d5d6366536493d72283383bd241dd2a21048,488012025
5d9a9c56fa324d60a5c6408de4a5fe546c3db66cf2a7dace610965bbb2c1faf3,331474033
50e8457cd0e48b0f9f3cf5d316b72f24946f87a7c0d2264d0d78f3ceab37e14f,467302053
15701c606e3ad767e96ce1579913777966cbbd5bef17b3eb4ddd106633cb6786,451720010
f025dd6a6963f10e5d9ecb1e012046db4256b42b622b3b2df56ef6094e528acb,432566004
cb86277759e90afb608c176df919cda85c5859beffff86eb983dd2ad086f48fe,345922011
31844a26930e1092868c05efc1c9cbce2ff34ce666a3de4256e16d7a6e954f32,288825024
6bbc121d238b794d81919200daabe00aed0a562e6ea2fff992f9c06b8f2e9f96,446224035
83958827bb3f196a9663fec72821cab4d59e73946d392d8ec04d35868a229977,416511001
533aae54b154069f871cef16348af38915ab5b0a00c722f371d5bd4a9c68531f,399036011
31137627ec2e33298320dcb579a04f55b654dab72a4c629eabd98d44b523a524,485539036
d715330f3aafa11828b0110c292584d6b4a91780d18031789a249bf4d39328bf,467191004
554849c9774298a349b744b34eccd6b5384bee3411e564709010d0d71a58a93d,422106014
2eb900285f08c3198d0ee89ef638f183639c26122e0e93a05752420f89062d05,463601019
51e11acfb8dc3637c49a29b5ecfbf9ecda8e8cde5cea7ee4ce5345cd32e133b3,381038026
e8edc35eb20ddf523aa37a1de179be7c13200515533a57c22e5614c5cd50dbfb,300024037
ebc50694c5e207ea8867c55cdc635a5a1d7468b31c42a3275a2f88a154ef4d21,485554010
131cd9eb33ed6986a0d3bba1bae39ccf96c6955bd524ece6d25b9b8bb188ecec,338400004
c5d349947c57e3f6da53ddbf65d4a23778663aa7d11ee07196891bb9bd77792d,386859051
6cb0c4e1f46cc783e6c4f6a2e856f444c39f7891a8617a34f88f615390a87706,457765005
8b353fa39804bdb0a274a35a84ca1bb4523465a0d26566351ef82f5a588ba371,254303055
4fcb3960e064ed04fff10f808a1f544de04ba9171e3520e9aa86a3e8dde20157,445400012
03baa12fc0378d5a8cc1a8e38527f0fd5bc8c8c04d96f9182107ce79a24f5033,217727002
3d990eb7455fa870ea057129f84bf12c33a5410f1896dae9a458839dc785d094,408104024
1da05afcb30fb940c774f1d075e48885a71b0da3708de029ad59e315fe651da8,436570019
faf57b4fa65100717a631dfdb9c27cab958ce2d878def68ca62affe152700744,399256018
2a3c5b17d75284b6d8a68d47e7c6e280b641629adb8d1d0843abe807e44a6765,483283029
4cb58ea9fd7cac60b3a78d93359dadd06faacaabd16f09f0e87c97a218f99afe,456032021
c19458bf634aaacf88e77325b783777910057d4e17b265c213c43dd00b5e2a12,366859020
e3471bdb02ab649ae2d300b29b89f53741ab4e4b4bdcd5fd43ab5e7018e2b3e5,189626001
6083ae235bc457ca5a788c914fba95dbd4e33f4c3ca60492a1f23a039d002c21,485548022
04d96379347f87599aabe5aed82623e9e8fe3a0bbc62b0208ab8594932ee0c77,451720011
3e0d0a5859ed197b7b22f53cad948cf5714e343de5ddd0c388f7baaba0f1485f,351098032
481c45ca26426fd53fe7167b5532fd0aab551622fb9632d7f03c012cdf94ce47,485673047
6d4e441fdafc76aa78e780ec23c579e7de163280b006ae39970f4a5a6048afb3,485241014
34d21a4d34ca35b1ea317d9784cb3df2dabe6443922b250e5b3f0fc5e350ca6d,327310002
75347db0150748a3ddf49ab9c8f0f1834ccd6babd2f1582fa9654f0894c292b8,336881001
561ce16316628ff75d1fda0316cfc13bf1f2a0f7ea0f24562857712dd7f53c9c,416157028
3a77a8cfbb68db5f6df3007282f5b54f1ef1572f0f12b73603368249059f5f0a,310091025
a9a63af3b6902c08e2b2a32ed55ed523e5958cb5ff5a18d05e23738f6154f9d1,212629031
6e7abcf41bb3e6ffe6fc68f35341b4a37fe2150123d359e64aba880780288cda,395658049
7a76d0ba92d9089b21097980136740d157c4bc0ebc63102ab8d43ce094296f7c,215337003
ff75e87b212b270f0245c463195b6cfe5647b3e72932723a613d2c614ea6fff3,400285011
386391ef3d37e5cb4b002a1cacb948d344f81b735ad1e058aa8b2caa0e279460,457412038
f6f5143272f457de9eec05ff4b758a376bd73df6970095822d3b85e0a5dc70d3,487206024
f6b90cb7d04956f4d39d3d2bc81c632e784feec40d7e62ed3c6b1e0e287bb057,399223032
72ec26067316ff375a0fff88aafc4e642e86b746b84111592a95675d38ec53b9,396690001
6b1abeb375767dff6786240220a337c72e3ac5d3b38d9ce3dbd883d142cf8d97,408104001
04902de6a42ca59a6a1875d072df3342c9993668ea9214b0ce186786a066b913,472064008
2e66e9a5ee397fb85645f4e49fbfc305d026900f0820038d6e5c3443a6ded31c,421387036
af7fbc648364ce9bda755bad61d94521e35f6ea567113e777d3187f25017377f,355569001
964724bd917bbb06dd51549c628ac145f12bb6dfd1423126290e44b5f6a24fd1,324963028
41831219534d26ac9eeffc161bdf2105a37bdcb9d716c544178d1f6741607fbc,471714009
2645aa6b8fd23439ed58eba390f8a9e0a73aad537d3ccd1a34fd7b9d0070a6fd,479227012
fca53f39ab9d3a68688232d3e7cf06602846c81fc4dc9350d7ddf94cd5d463a7,181448109
d43b1d2e3ae2f82a3205add27071dc9bf0e441e034ec72746631ab770a025f61,324963052
41c640487611e20ebc8c468a6c17b52c2ff80467930cd0be08e9679b2d36c597,186262007
8704210f623fc1d9710f530fb88f2a2aaf8c7919fc9d54e3483595cf2ecc279a,220094021
3fb2412c78cffa0ce00c3f3f66c2a8cc63c79d6efa37dce8661410c57bb868f0,396135058
e79b55e6e67d2e4e3c99ccfb4892470c9b30c39f9586a323fada1ffbef46f7ca,417427039
7f1e21168bb1397887754aebe78caf2c5d65941fe67e7d678321042a0a99a51f,318951022
3303bd032be7ab55eef98701978efcd5b4604983b9b7aff1ff3bd85ac79fc042,485689015
4b856d08089180e3d8118401e4d822ad69e7dc427a28a2b935a850e7a3e2d296,377277023
86219eb8d6b236b23e11e5b674444532ea5721b4e84b6be98a90fc7fa03b3a6b,485673002
65972c6474a9ba288a1e89a5df80f9ac0aa9c24405a6ebac92b401a72878f46f,369796007
fe3d106baf2773475356d5e2f054a1fd089d3f226aef135f048af43ebfc6cfad,429313016
8694d25d6a990693c4de40d45d8c6221e502c57776c678270bbfd831c8759bd6,355569001
931739f78dfc0cbcf4a95a86c8cf98088cca092fb4ae0584639fa7e22abfa780,456834011
18eefe968351fdd4f642efa9d61a4e22bbc1062090d4a26d2c8586003e988622,400342037
0f5c31fdd8d62147e4369912e486008684d8ce455c65b0a5c1515caa56183659,201219011
5af3cd5212fbd6cc57e17588533b81fb249444d399b9f39676dbf1168d80713f,487750041
d59788e3c6777c028164063ec194f8d752930629701d5b000bdefc59ad6077ac,188183018
32524427019d9c8f846544756595bb8ebc5601ec453c5d5ad7f92b37664ee378,477904002
3d55088d5864316ff2566a0b5a55cde1c38b2e5170686e72044c9b417745bbe4,454008003
d18896d1f40615aacf032ce3756d19d78abbd62e39fd1cb924e4214e0f2a774f,327144032
ce698d3c10ec286f4aa65cee781ed8a9926eeb3fae330a9dfa6774bcacf7e04b,189616032
979587755eabce4e2a4d03893c8f18d0bec5ce85bb2d3fa024d256d35b147f1f,412964023
b14cbae44874b0b7a0af59707794be1c14f2e05126cf97e674325adb79227101,449744019
d85f332b6b67ee39771f8d64010d1cb260611f8ed735a6058ca932867088ddae,293244002
8e45c50ba086efa328447d1cf7a45feabb3fca53487b39576fde0668d2f63370,184121021
57ced5273026aa21e8a188965c44649ecd801aba90cb669118f6862db7500619,487275020
1722d391631cbb45980f8ab518d32d6f1f30f169704ada35fe828f9c7ccb61b2,347200001
4d94608c0fe62bcf5c2753c6b81f7973f534e48c6a75c90b8a1f48e5cc002a5b,454804007
82a84749c1f060e39035ca2c8093addcdd59dd02b1bf7dc7da70aa7477cc42f5,488017024
241caf4000926efd1732ccabac33dab8f5dcac27088413d1f72576cfae1355bf,404383012
6f4c414dc0e6b0d9b626025e35981ad706b50d7c0e0687c1aa2e98276350aaf4,402065043
ec68a0d8ee4777a6ceebbb781ba8996b5f31f4405a1af6bc8d2af2427e153e1c,156231002
4bd656a82f475e3e45267838265f31ddcfb15d9f7a10b79f2da24796f440317f,416175023
02a3980b324bdf612503c6c21bd4cac821f57654dc9802bf636c6f6e2340c366,398829001
2130edaa9c14d6debe5340c765379f408ee19cbf277c55a9915b4a9ccd5c792f,291338026
7736838689e76d9d7e1592dc9d859ff320a55a396a0067ae05076a3b4c9831ac,465619013
7806492b10718714bc19cec55a10b41d54835a9e1872ea446584801223cc8652,456641002
89209febda0f0a877423aa637d0598064dbf754c2a9e6bd4a4da554145615cc1,378447030
be00dcf7bd858688b75ab9e11c05a3009c58b095872e7a94bd5f40bead6a5d92,458882003
7ea6905184884202526698d8ebc4fac947a5fdbb83fb516986c782f0c19ecf39,163734054
bc67cc8c6facec45695b222e8d3ef08cfa2cd2da2fdd2245a3dce4bff994561c,224314007
b2e12c6d64c1fa6b777ab54d818bfd0e6e8fa0e3fdc6ad1817b76933e96c55ea,241412037
381c017b6adcc6d9b7c3044fc1925969b565ad138de71ececbde8efba3b7615e,487750034
da876643d3f79cb5fda3ff7e32f5b320815af3c395b3b7f8c48b11424769214c,378447042
f0a6646aaeea58640011648894886d96b00cbf622e948f2cf57d41b6e7d59496,474123016
07f9e3f9980a7ec385534e9c111245aef5056d87d82d9cbcae3d977c6021e34d,395658050
f17121d1a3dd98d93583677bd5dcc92ccbf891bf08c534f83ccd9885a65b037f,411413004
fe998cc2596dc4503ff816cb660ae525b09004e1ccccd43ee5f31ff0c017c723,405636022
2017c101b77b83e02be5c71262eba96835f3ceeb9338e887d394c1fb574c34ce,407354004
f623e88df6ee080c182b422db1c40b18a91e7603c057435d10291b3f71883d29,370594007
736dbc57beddcad1693f2ef114e41b7c731cfb23932f650d90d89e15f5439644,308158009
47d4b5059c7cc85eb1968620581391d1ab3ac7179852fde9f770c8ba7b387583,405636021
e2389be533f541e43ed0eed77fc47a55d289435c022d47082b43d6ca06e8a955,387348017
35dfed7f892dff72cade84ba941639c10209ad56c48a906c4bf777d87224e0f6,451229042
d1c301aa1f0df969dd7a2677f5818fae892c6fc8faabb8948332adcd5581fcc2,464297027
e38e58ce0fee2ad446cd85039aff9e9e334300e7e4dbb46219c44c973441fe02,264713001
07c1a33c6a6acfd64020ef7a383dd3bd127a867da1e81300dd298841e0d672e8,312829007
faa6b3ea57391c912d34d49ef9dff7a9d65cf9e3935ac28f786ec511163e963f,485552003
1ae2f8ad0a67f2007c3564de11884ad7be4c065526507fdd574770a5d1e1481a,240840032
2106e9541613d75ead6e176830ed843299cf5e72cdcfc19af2435793a6fb5d3d,268305001
4190d5c962232ab00f47514384bd0fcd1fc69c8678d5163d3ab3479b1f51db6c,315497017
80c98f208d9d1d101d816366c02d40bc4f3c66b17621f0d89dc66a1b0c1e65cf,283236027
2261e9972908ed6d43940854662cf51b1611fd2cb0a1c2e5c06f4ee6aa42fe9f,408104001
dfd2315a5acd3c1dd7c19797f14232b6cc60572993eaf4c339c96e82e1cc97c4,321249007
cc6ca8f77d50bea20fe022132ddd50cff856748632376665626bde3f8780e850,462435035
050a5f2898704098dfda90546654997ed9170cb1f59cf4853edac92f7246d4b3,452516012
705e8015525c363c830fa30b3041d29800257696b043476be8e3db3a7507b2a8,153115019
7fc7996703f27da4929e4b367924544678c3cf224a9da84c9794d17267a345ab,420049003
2cd5feb8e3dd476c2068a2f3a41833d5972515e48c54468625bcb8ad38e13f87,433414040
548d75430d3811c3d83805d7d33f9e53423984179ccaf8e20b3019b02ab307bc,181448103
308446b138f1a8815c201ebfaa929c10e0e61f00e70e449811877ddde3569fba,484538006
4a87bd77a0228560efe32192604c1fbe5ef2186cded79171562370ba66308abd,309864013
9ed893dd8514e7cb42ec296d84e79e2760c3f981994f73e057ae8910d6451644,322017043
e81d428a5b2856a5cd337917dfbd6a75ff081e4abb796247f2b3da7d66f32280,472064015
ef3f9ad6004b91f5362e7af49970fff6b56b98aece09c03c0c8bf14e8a2e3f3e,479095015
cf0c1a9b5dfd856f94e1d9f2005216d0fa9c5d42e30fe8169a59de0565a5da92,485683023
3027d1d2577bbf47ae87565f0b61cccc8671fa8de10405d7918901672a6cdced,220094021
b53a5e3de9e7e48b44387a8986617a89fe255d92477c27a0747b041d69b7d96b,400342015
3606a2db40226aed9178ed6383c93dc31eb3fc47216bb4bda4e365f22c55f3eb,355325001
c44abe93e0d667dc8c953ae468704daadb6e81c5b23604fa77ea0e2dd31924ee,422106017
3a8d80ab7501cde4e75d4c4793d7aa5e2c59d1bc82ec1d56518db4ac04e3e06c,487722005
01790b391ba5fdd55012cfe6eaf4d27766c2c53e65a67d916cb2a3f2752398c4,304778010
6df44467669c39d988ff03c02b0856710f97c2ec6b0288befd9dfa944d4a5348,318914017
7a4fd37ee4f1b3a495eb34c121abbc95273602c0362f3daae0383420f999bc95,377277027
c5e0a5a3a474db4259b03181539c9ce8fcdcd02b9400131fc9ac21781d964db9,464454013
fa6849f6062af8ffe4e3551bbc1d34890815f3a46d6f14cf30b495f60af96241,386681014
6a5c32ebbcb896bc786c4ce6094f2702ec566ad9111899c3a4b8f50783f90018,372008001
1ebc9a3ec1e6237a4c8c1d2f0ba26247bca02b494c7307e1015d285c507575e6,260736032
6821db4ed5f8dd72247dc5153a1d0480414a049c8825787deefe6dde21f55009,241436006
7f7e900bba2186084fd0cb3c2f47efc972c8b3dd45b394d5167596455808d9ae,372576011
5eb00ae8c986d2446f5d8c32f78423dfa079c14f2a6c8e1a6ac8e671a61d854e,348870001
45dab347f8465e6ef58383c85764d3964fcfee0dc0f73ef92f5bdd433b1b6ae9,484398071
0e612e751ba18eb3cb7463199f6a071301c212c93b95080e1bb8c0dfc1befcc3,379360032
e486f6a36c15315b59965ce9515394540af898c559eb722feee4d0b53d46953a,377277001
3d6a376fc96d6e66a9e6bb7bb98864863ef812d28f995ee1acce7fa97d7365bf,160442042
1acad3ed3245e46d45ae5713c7548b2bd172341f8bdeb97a124c1e76bb6ef43e,458083005
e74060c6b8376c3b19635115dea06145e2017826293652b74c62378fac15124b,439285009
f28499cc741c8857b61b89e2706d50d021c132b9920fc2c6c9a664297f607629,362931028
57e3517b3782e6cb4ddb5297efaeb62fb9da0a15f1ed424a0724789df50bd0e6,252298016
85d7b4443f37c54fdc4f277d3d6a2155bf8c085181cdac835b1fc93161490c44,466381010
2d9d7f36a735ba788f5bc21c1ce212d2ce8ffb2c67f355b845f9a7a6a3c3d7b2,408647008
2d56099f3d1284c1aa23664185396f2a89715f22260f429f126bf32d8c18c210,307656027
703e59ee3f33ea7a9b43224444650e0fa28e0b0260ea1d9cc989eb9ac3d3f68c,253448059
9207959b2d5140b6aa0a9feab4d4565679372a653adb1e4f0c2fa545c91aa6f3,453453009
0f3a680f2e643b3e5947dc76532335de3d80a653ca6e96769e4bdf741bf283cf,212629047
53ffee6131df627a9c1731c7524d04e2f2e8fd6d96022047e0b41d0bafd4edfe,405636007
6def51a2f8c8344dcab6514ee905aaf582a2d1122251fb00951cb9b1f1aaa99e,350911002
b0e3cfe101447488a03ffc9bce513957e6bbd9ca526417ee84bb2c46d4769437,384263008
3acfbc0a932c1c1b0fab410283750015b43e302d185dc5ce0404970ba9aec738,304786005
914171530fd9d370461413932b9a2960c61c464d479b3052401a14119dfa0f16,419634001
636b1f07b204dd29a4538b7997884ee7271e52989d74e2b2eb056eae3cab1e7b,202017055
b4482f12fc74784420ed7ca5b6181caf38a704857ab95559bdbdbbcd7b9aae0c,485176008
29e56bf87de24446d789a6b70e7da6609afe942858ea631b70090e88a1169220,443860005
e086162828e914e023fcb0b15b624b7fb1019150d32cd38e93deabb691a1d32a,372008011
1fa7eef8d1d17457f7804222cf590a41c812365acf0ea48d779d35565ef6fc74,423900046
63149042f70f9b915886b8c67240c248abe27991e7b8426383c096e2eb47e248,472320003
71dc6c51586002b5322fa47ba6040e8c1847e1865920929f9963ce3cf11c3f7f,470789012
e4b140389801bf369aab7f07dba804fed342f6902c7ca834e4be1f01da15a461,391032007
d3f0e69e0d5776d8083daed0626722aa5fd498019de2c10ab0c31bf837e31a6f,456245004
2a4003804e40474ee90c1dc6c8cccb87fc764ea46d48f0df332c4e576cabc9d5,453272031
e0281aceb21b5de16cfe6ddd6f309e34c7af97fd167efbae8f9795b19d030db8,291338017
d4bd4746f213d806922473ba3d39d4104ce2b607e0ce9c652687fcb400be7524,485544013
162557002ce7ae8abe11e271048de5779ba6222cbe7b61ac4bbdb1b2356719a6,468013001
384c72890a0dfe7adeb7c51c0642627293d80ed00c283b2ab37a6c4c8cdd248a,466595003
1ae626a057d3ed8b1417c90d4cc341301b7d7ad0225e8d4f01711404addebcc6,327144031
fa0b81f1e854b1d01e31862e2c94801fe047df2b5abf4b7433a6b457d014eafb,458924016
0e51407981a13412b3abb20182aa82459a102cbb97226f993f538b20c8594712,470789001
0db01988a99f5f94bd558fadadb5ea786bc739b6ce86bfa21ffe050566bbc742,471641003
996aa3b851bb016ad60ae263d11a1cdbf7e71aae19765897a4cfe0379cb68516,394798004
096410ec3c85556cc31ecc847c50581191240f2bad7e4381e85dca6641001fd6,487262004
249f0ec07bef57d0d3f03a52c60649b2fa1595bea6c5669a4215b5505daa95a7,486329006
eee0609d3b4a2ee17d5f091e74931f6c183dfc143a877fb19877df685b06abbf,255396024
c13587008b533c950a245f2e8f5bb8023b2cd39fc270c7f166486359ba17013d,447664003
502fe596ce0fffec0a7a8331ab8fb9ab0a4b3914d7e0122fc998b6c8256dfefa,487051013
cf4e06e4f8138d448c6a6edb7830143ccfe56cb4f06ba3f5892d600281f1a5f5,400246014
5f8ac7de9994516c1034f9b944b85bf7a89b9b062b533b14164e766fc93949f5,123173001
d9c4e933b1217fb9040a51177d188dad79f70681f7c1fc8a06fd87cf1c377385,158340001
8fd3c57ca58bf108f0d9c63c4d12eb84ffb2b542fac4a69570014ebdad2081fc,448515026
a7e43f192871bfa6d2f77a23d58a9dc6d484b9dce93f93e9e61739831dd61922,401044029
cc5bf80a5219609c8ae918a7a531554882af2f9a771f865aa6cd9f247b7b2670,240670060
4aaca29fbf6c662fd0ffe8d8508278e86092f02ffce548c1a6513d37a7dc7545,366686025
846d0715cf157ee783da56a7f20e2f1c04457d84654f83041e58d406b024e496,287645002
e94cf8ab1128d9dc3f43c4cfbe8ecca11ccd371a0ded728ad2cb4e4d8b91c20f,485551004
88cbdcc74ca199acabc3d5e6d48b7ae7f3d389ba3bc46dbef5053279eec92818,386695004
9aec9c084c2b2f8501e89645f79acc3408141aeba05d2b94438c67dd8991419b,408649007
9179c58ed2635d6350d1db9ce3d63217bee5cff259f8d39975f69b1f396c8529,296476008
e2f9364e6c456e7fc663e1d5488e086fcd45122dddc9d408a65b6a5c20207926,212629050
1118c70a728a69465b235917ba79205267518afbd5fedede48e7ed64525f3e6e,292453028
a5604f952e3371456385bc4f690b82f748055d5e3b07d72ccb909eb48e902975,437668014
52d4274cce06636d645d74c45c47328f08820ca8ad24d2911a6dc60673dbbc14,399223059
edbd54b4f32c00e5765765d3550f089391a0ed5d1ee59495316ede286f569968,398074048
478bea7f221168ed96482852b042bf4708216aaa976626410b74c6029b188011,453272016
a1ac60b3876e3bb8ebb64dc0193a12d40b3e5d79abb12c00dd0ea053257ebaca,356289068
a375f3caec38ab0f9d2dcac08524b3791080d362a2d89fecaa91aa0c2d1aa5ef,356289005
0abb28759aa82f930e73dd99b2df835f2173768c95a9a9373df86a273fbf8868,398089010
a6ae404931ff061a1b1b78c27222bdf52573e5990c20ff17c1c1c62978f2f5c1,253448056
eecabf68c5641fac0d138c4b58503472fb48e6b8a6f72c122eefc4f0acc21ef9,449263028
4102ced6c457958c31d58ea05c710bb7a6725f48f5387d6da709f9ef378af9df,224314017
8f76161882f52bb05e56c949003781728536e5cfa5ab04a9d39a4597c881f327,244267017
b0c0f7f3d0bc70ce17dcf9930934e3892db9efdf3b02a9c878f5e8b83c381056,451290015
c39a443502fdff7ae15c5c40c21a17db5580951082f7132e52f99d600219006a,395730035
19dd3e154a0f3842f599219666a096b1e8a39d0874b3b1d8d9f4d75964243fd9,448509027
3c693dc28170fd84a95d9224b45955cdc6904477928e47b7937095e9d56233f2,471074004
b7383ac7f52f0ac146b78e361fda2443ce2ba4507cf674b7043f1ce8d70fc0eb,482031030
37789d8d0ef6b2275d1d40b6de7ff97a07f600da560d62d4c23df31d784373a3,485544005
6cb15aa994dfee5383701b8a8ee270f06f7addd356831e8f3c6a764e018ba753,110065011
92b5b2f5adec28c78322bf4bbbab7c6bbadac3f7f96674c07fa5d86579abdda8,475827011
807a683ea455da38399326c98b6ba2b5ed83f33d35411077a32d1af136d4ef2f,436853003
b1edebdde1570018cb25c5029cda77676093760ac86808a4b71c7684ca2f350b,156231001
5f005a655ba02a74e655909bb36e1502b28bc94d8523d634f9168f918b5a9102,365102023
381952f674529323e21ae9a59e92d4d4455129ae8f79a3b19868642d8b63c7f5,440144001
699565ae03d96757e2db13c83e3346d62de52827d737d31a36aa4271f5e6f698,430157007
2164c87af9c3cb88b2aada335bf8e3f79747322fe36ee9c62350ab3926e792d5,370594017
42b89a9751db93817e6b91af22528b30d3602127d3674eab3b29ce96b68a4a42,412707029
58247b49d2674d9a04435bebc41dbc7e8bf5c340fcf97d39801918a05b65b1b4,390469006
3d9a342f6787945f7ef2a74dac9b3b2855c9e2d36ed8ed45e9b668048c36dc26,300696001
e76a18c8d3c999db6766bbdcfc8f4b4dc3ac04ec8cd3b18cb53d294c5ee982a6,292453025
9dd2f0c71c166a048a5663e866f04e25d519bcb3dfdcdb376b4b7b4b9ad37d3f,289834016
b2c1e497a718c51ae4a245d5e9e2387a2079b3bd706fc46fd0e072f55607d5e1,464908002
4ac0369d230b023cd26e6d5d0e2dde394ced193ea072a88623ec00ded5a5f2ae,126589012
04083a781b947e4bdc2d6ae988b86aa46b301b2cfe5e1f2c570e34b016bec8dc,408104020
98c47f5c7b964469fd81878ae94e55e129e3d564e62519f851c5bfb48573ff58,327310015
4fc09dcde3a5662cfb6482eba467dbe584806c6e823a8310b66b3a47e0c78e44,450333001
e34edb1745d207e6646f5806a2fc05f7cfcd0daec49a0a29b820d292bc7ee377,129085027
8262b8812429f323e9ad0dd77a8b2b44d53d2f5707144e3b9f5cf8f1246e0d7d,453453014
d6f42d75d1769c7b250a976aebf702a24a84e121bb17bbc79a2ef78ef45ad52d,449570053
7e45417d81095d101900c77185e8fda551d54db70a0a351a5be30f70b9d04375,244267032
b10fd1c2c3f8049f465769387252c0e3ddb92e88aaecdc7eca96fb590ea58af3,487750039
e335c321c8033d392eaa431970b2e9fc5c478e337ddd8d20399173fb56a33a2a,413911015
4d99f0012a77cbdc194c1e9c50a5ebe3c8712699f189aa33120179b6f3eaa516,265071025
ebb73c7aeaebd43e5433b8f177c9ebc61bc2088a2f297c95194096b50a7115e9,453745026
45f98d6a9ec3363df0c1667667ef5828312ee9a005e7245b1cffef9af9871b57,348330042
fa57149a30b64323f735d6594591a1c390b8f5e8ff8590d50b81f970ae0b847f,468480035
e0447bc8bea75c77ce937c45b8c76c253dd9cdd0034cb45406b03af0c687e2c8,272591026
2b128ac86eb425948f7ca07b4411473080d77c8d62179ec750a27a28ce8d95ea,412707028
f9bd690546de21b59adfd6b0e75bb1b81ede13021ff11ceef130c3f807fffaff,350082034
7fcb6cc7a5bf8982f2bc4dbad82b18938b38a884bcdee11db647dcf6e5a8ad73,391598044
9161eeb74d1d3c097738b0c1a3172edc944bc842cfd5ed04d1fc0ee4a28e2dee,402065039
5e4f4cd7360ec95f83e673d8f28083ea75e425302a2671629f020f8486c3dcac,480582003
a1e07031e1a0bdd74354c1c060924ceb77639a68f26bd782cb19a6313a1d5d1e,454804012
acc1ff2e4a00d54413967c32c6fed934cf384ba6f32998b8d1aeab5025754436,378135022
f7baabe59d0640797f705bf8ed693fdda764d7bfaeb4262a523891602e63c4fe,408649007
cf7e49df642c70f56e946517191b783ba1799f05c98156112f094f736c5245d3,433275008
c71756633125d79e7c05449d09ce37d4312e61799564307b3c5666bfadb7e23c,478022003
b570be9fc08ddf2b3538dbbfc8298401f23032b64a5962318bea2c4a9d4b4eec,398074069
8987335eccfa76170edf88a991e211458001b7bc38851c5bb364d5499220bebe,293433046
11b1b1018558ce62c4e8b30106be9da823b9be3c55a6d634e516409ce63e527d,344956023
f12646519202c4be5ffac8e172c3a2020700abf7748f805b27f8b365c7a97c21,485689024
72ebf7a74f2d6639b5d59a5087381ab6f5a4e466f63a31d6e2b8a8ceca67e85b,327368019
688a9f4e2ad358994ee34b8f72a5d976ac8c7fa95f6d3347909a62e0f1fe003b,228257004
f43fc787596f73f4a34e16897212be980a487b93bc8b95143739c797459d2af8,287645022
6536422b7e79b50f2f597038aeea5857d48820b49c4c86104557115460e6b0a4,189691044
300f11a9722c13e5adb7963f6f8d9f6573183af1bab89b1ea368a45176c0d00b,487050021
127b18fbbc1a5d43514740aa6a4bdd57002e4b7f590067ac6b2a9daf82cad541,481781006
fa4911e2ed565645acf853dba4311bfe85f91541998d7ac440570113ef46d762,395730036
e4f4b761c43e2dd3f42ebb8116f9007309479822449286da069b53ea2cc8b368,453358001
4754098feb022add13c95c4e8fc3851fdaf9bdeb236b73fed2e3022e4105a0e9,485553004
fa56fe34331947f4daf0e31cfba8ea76304f40deb1c60532297b28eeb12f9c7b,408104016
e96cb1f2fc4c186a34eac28ddd95317ececa43c365bf256a4975668747a7dcdf,411758001
a6ce4023ba997ccee559681e9bd8ce06de65a6356980eaee63ba5adb51762e02,356289077
7415fb5d4bac073608f41a7fd35d1b6d59c0b41e9d604ce79d47b1c2eb75c032,473507004
4790114ec45cfcb274a8707762843ecc0995c0c5d4d95e1bdbced377a7110eea,213691001
130e45dc0c2d72666bf2d1db1ff84ee374cef191e473fa52e5f74f814bf05499,408649007
dfa8a8e32a7b20863159fdf36ad8b2141fe6e60b4d22e439f0ba8628cda5004c,482031026
df817617a285cb182976b96b9d64f64e7f7f8ffa5583bafc7650c4acc80681c6,377277023
071f285b750ac606d6c8b1d8bfa7e483759fa698c5795e8d6755a4568d15f62e,310091036
93c089e7140ae70114ef9b88847d361a3763a781b6a9ff973ac63fd30b5943b1,389479007
09e1f56b250e4a78b8c080f1eb78c80213e969ba0d5e43f57a2c9353c90c898a,477893023
1f0e38df1ed783574ec2d347c78c5ea1d67f840d6b6f526be994e49c59184469,484207003
968d70caecf8a45e9878ac3d58522e78fc12d5fc63a058f577442a4ac09d2176,474461045
64c061aecf63ac95941ad190acf668e251adf5ce9fa3f7ec8f8283b6e603c4ea,399136023
ad1e7511b7e334e40896608064086d4bfa3627e38529951fd30c3c4b22ae995a,413029008
89fe4946c36ca1f01f45cd2f0e343f233163123c9675b1e597a13b098ba36991,399136053
c95516ea4332f9cc7bc652e923b09a5a2e11e0ca6db6352919aeb6c738f950ab,475260003
b393c5ca4dee483426485e9c5a6992f4624fa83456f00447adc009ddad07c36c,349301028
6fa0ab85b689d122305447793b5c0c7ab8c00e840304a1f0f0d6d13bd31da68a,485746011
77c2516e097beb33bd1e3490e319fe0bb94aa878607d9ac51aa330e504b221b3,351484041
f2dfeed4fd9841c941f8e520dccbb45953b0a00451085631e504797f7fa9cdd5,468480031
efc01c0f2d75414684e95c83a90785226c85ddd21534eb0264df4c967a70e9d2,447694008
c3a5ff0383c0568fe117eb2d8d3932dbebecaed053032f61805c0a376b9da8a0,444325008
8cf4559a267f82187fa0888da18f06d3a029f787539a4e1ec91707204e4334f3,396135044
7406b04fa7af178cd82d08062678e5fccd0869e21a3647fc1bee65f981c21b65,365102037
8b939a1d66edf519a8cf8c96d4a341d89887f72af00222ad740780727019907d,318914012
57ada5a9ac752106220a98e20443d0b63dd411ab2034136a6c7d98ebcd7c8254,349301028
13a3d19d29b6f19ff13438a2fa801ebc7ec487e887807efe30c6bb6eeddcb18d,485539043
66e8d4caaef76d1d9d26273ae82361cec70788b0149b85ea72711f556f6c381f,278038027
23a220439c006777131faafa8ed2a243ae95eef5b6d86e796c11a8d8b5a33331,485673002
665296d5664cbe4d65c38b2668691c3c98cc8b94bf0c88a6efe98c936093032c,485689023
7875c83ebe40825ede92c2388c5dcf2b8c9a94539e4839c43a25718ee1f1eef2,449175003
c2408d311e31a6cdc07ef882640c48bdc61793dc9125261f3df8907ccd16dce1,476959002
bcad24731521f750b90e9c573e626db71d801391ea71b7bffcfb7701765898f6,416905001
36baa575d98cf40dac881edeee32515499d8acfe17995fb24453e45769bae8bc,484205009
b0cf5cf6181f9d02ce5e37c2fbbe72c3fec94387a7f5114d6a3661414f00c79e,457039007
55c324366288c57955db6978565a448763a3f2123562adcb112e37134633585a,464541002
2dbcf7dd7f83cee1c2c7b1619362b7ddc0c66e94620aad22b5df0212069cb63b,452818031
a58af06df746dbfba4a54b60fbc2127301ff446c6f9304735604e677fbd80755,366686001
1630b828134c2770f3a40820d256aa642b12b460922a8c70798efc80389800ce,453831022
b536917b70e3ea45dec80f33f875ea507aa994daf32428f8ca31ea8ac97db95e,485544013
559a66154b1c2b540c7f3eb18b32930ff874cd9b8bed4b8963bc49cd8d88921e,397688006
958db65d8c27321b7fa222166f8f86e049148431657672a1f1663843ce6f688f,476315040
564b6679443f09903546a996b7b052f33080cb9b815ccca50b6176159ec5fe04,411413014
8ac137752bbe914aa4ae6ad007a9a0c5b67a1ab2b2d474b64688ae48a4892173,317812001
5100536266d7eec8eb3eacaf1645bd09bff0ed16aed54a10f7e07fadc1f8b83c,368603035
6365829bb7ece1d10cc346c6ec77c8198c1fd07092d5c3f98dd8bc80ff97bcc5,365439052
1434530384fa25c892b5fff4837ff827887701f08670a8a7b0dba8ad42e5f414,324502001
10314d0b2b68b1fdf77573d4f7b0a1a2336d5f26dc7414a50971f523ff6a5a43,200761029
3c4ba60878db11cc4972a8621d4a78f64e7d388026911090d69c98e1f7bb6c5e,487932044
8853bd78482596a806ea6229eb90c366cf0e671569a2cbb7e09d29edffab75a8,416961021
244a45706b937878e2d00b53db14961bd10978744c9f28e2d09247eca43e6a69,463970030
d9d6db653171fd3993fe1a97ded058957b744b43db79180f0fa049e47dfe4943,395730016
4b7706d0ed175f50e088c4bcc0505f0ca3a0784d31348ba6f3fdde7ee58c4215,326885030
3d0d664ad3e7c6e1ffa59fcdd7e20228ce4d83e03e47ee60e9c2abe708d8b784,348870011
ef7d0d5b054bd6ca558b8486743dcae73485d5173bd8fc198bd88daeaf7398d7,477515014
9cd382cfc5189ee0ca084eac190b652476d4a588977c288e98f0edb82de0001d,471641003
e2bc72c8e496adc7fde1a3146de3d36c07d94bb1429e1adaa43210319a0de9a9,399061026
c71eb2ce82fd95a11af2c1e1dc3bf04ed54f8ff4531b6c433a172e0efbf93ddf,390531007
dec5932d7a3344c79b9f2cc736b2427b98a8130faf3997bd50ad2b94134e27d9,442915017
96491e59ca9bbbdec89fbebcccd661d41d40e8edcf2b4d45a948561f4f4db7a5,217207046
92a46e1ff1e7b0895f74a8778b33fcad1d6f54c10e3ee906e1f34564564e95b3,373506018
a72ae5ba660addec5eb0dc76ff101ff8110b8a19bbc58081c3855c5dcc9faa86,304778007
fb19e8c0df1e0e34d1c668590d397046c61f9a677f13e4c56a6b194592f4f401,186262007
e2cf37d402b49dcf975419f72d99e0d921e19a86fa756ab6dbe2efeb6557ed4b,451744006
a8f71a05f8704427c83f919fb32c0e6a8306d26c3c00300e2e34d723db641307,410424006
8214f5d2acc56aef0f1cc85abe06a6571d2a9256a744ba45d72df56d2732ab0c,395730045
486f5389c05f8b4f5b43cb5d0c8aee6d5bedc0cca038452f1843eda1f4e2512a,395864063
186b7ed55012bc9b546c3fa0205e1eefa8e4f22d0f11fbef47802ea38fa081aa,278563001
091ae6bb3f619ccfca972f191f59cacf1f0ef2165aa52f1b1c08b39e0ad4ba39,427159007
47c74f26e936c6b5cd8a856b23e1f9313c583c621df62acba1a4e93b98497cc9,463601014
db41d97dcbc5422793ad56854812bf5738cb7d01c1686dac9678658dec69fc18,478818005
ecdb53cb096d437df25d3305dfb90261240f44d8e124a705cad25af8ee7d9307,413707020
d49f306643bbc850ee046b125110f2f4b6cdf8a028ce74df55f7c01eaf5bb87f,292551001
98c5d8726206e9c04202d0baa1363e36bbcec40f652e65761c5ad370abc699ea,487050025
a2d22e9e105d0b957d37633eb9e4b8c44fc539a75c825131a75fcbeb2fa3b412,234622007
e1ae54fc0c35d7a34e7e55d7fa2506a81dbdb55f1ff4a5d7013f83ac0b9f94f1,398074046
cf41fd5d9aea4c94ed190350a97d3bb284a548757d5404915663f2f771a25ef1,487932037
312cb388d71d5cbe43589f883874a55957e0ceab83f047963696f4be26e2a418,467738002
9e1f12b389943900bfbafa2304f7f5ec04defce5a1c3aaf1e2acd136bd2e37d9,453272038
0bb90665088cc97cdbd402c25bd34ff6711fbd8a631072757309ff30b92eaa4f,464908040
c0c171020ff2e47dfbc1f802b150c71e65b71143aeca0e50458d5a190d19f4b4,417427040
ef3f47580eac3955314585f0cbc4e02749af46b2e40df2c02bde17fec76d21b9,418545036
ec9ff94d94e01d47b7a1b4ca635209336f9cf4228c553a2f544456e125ca8e98,485176004
9c32cfc4539d982bc7392cf4a33e3564555ad0d03bd1bea7848a44997e747d18,488015027
07eb4da9977e3dceee77be635ae1cc9de96ab09149dd705aa01038e2588db909,487052001
e0068657d418e06619e38e710814f82bc44004197093625c50403fce27fbe56b,310091039
def604bddd8501d8fba3352d12def626c8e8113ef605803835df21b7347c4451,243613004
25d811c56e49cd207e9c0fc10af44c667ebd7a8a7e224d2f05e05bc4abb4ba4c,481781006
bb13ca703b8bf48756fa081d27f7720f97707d661ccda0134d58341730f5e80b,485544024
b659e6fd752e074ca81808328f9a0926416ff0740f522e55ec2cba683bdc37d2,451271005
5d202bb9f8290b27081d1d3259af6f2982a3ff4c99060ca8a085286a40f0a5e0,468591005
3008bfe6431a2d0a6fd3810d40d59a76119c11d1f223e6bd2b45ec2ca4341b33,439285009
2bd018b1fd593c3b94a184ad3e178dcd5b2f99f0bfa9eca95fc2df9d6d8a6728,366859024
4ec00ecb38e4f883ad7f7fb03f42dc9f692e35b25d5b0ca747fe19e48b03c403,400456001
ffe6376eb6b854d842e5a7714ea758de127f086a60d67d5cf425ef20361acea1,244269019
0b15d0190ff13703bf127fbf87ba511a89b567e40190b94e16cf2a7bb0358e46,413707008
51ddb326e4c3890e198cb5bc5fef79b3ce00e9cfad229f3a839d72b9df34b3a5,316471003
061a3cf96ad12849f75b45a78edea8c5cfb7862eb5eb82d8bf58dfbf7f96a6e2,261526010
ae19b41a64f6e8706f489e759649120aa246f402d89a71a344f1e5b7d95a261c,477576021
0a2cebb41504d1d5426e060904c2eeff8734a97ae19ba35a93d16341e0e9e215,453272028
c8c17b8368cf91ac24abec6fde57bb5e419b73b958d9bc3f782d16f6c56119b0,337777001
add5e6c21543935d38c7002a67008007c90bc882e164dbeeae15cd7a52eb6ced,302334001
7a19f6ddc710ec2dfae25245f0fe8ee7dcfadbc0f601d8a8a99c14ab7312028a,483283020
ddd6463791d00cc300a6355c78f7ac68d282477a4b2cb99982e837060603853b,454128006
c356b892f634958c9c23de5c5db74dbed6ef80d1950deee05f027b802a99e06c,293510002
60bb07cb9fc3dd489481f811cb3a9ad700a989eb4829f9f5575b59dd9fd3edb3,342345026
8c58e11e3d3d9261b3432994c1a1e70c0d3c918f438d8e446f7f8e52d7b9a292,431570017
47060561355667f0348f5b109209d517a99d3e522db7d3d5c1711e675f5cdb9b,456163022
9274f7599c587e8b6c180d4b9167383231a29452288b980b41f1fe5ae80d4048,452616002
dc1bc4a5befaf954702e251ac8913adcb34bd197386eccd86b982330a867cd04,456163084
6a5474e680a02ddfc0defb39a1ad5004cd178b7b4f3af97699382c411e73990b,379360048
c1948894434130d5f4dbf0606747ae07189f7057f56a7d830fbf4fcc559f5fc9,474471001
e84d2a20b084d476f52031fe7bc86f7aa7cdb63c0764cbef7864b5b39e18e5a8,378447034
647a6b2d9420216d9af36ecdb958fde2454144e17be4d7d70f21641a8ce1359d,396135065
1518205fc7bf43d5b09bfbf3aec2a1b18a83903f381b74e8254fe8f56648dbc8,277738011
5e9e25cf269e64e30951569bedd677b12ef1ab698145d59cf49156c1ffd915e7,345830024
548957d886687784542f6989ce0e2f7078d225eec37684e7b1faada17e880d40,457765006
255c38a97cc80fe196cbc5723f231bc8150bc156f71852ed7864baca8dc30fed,466948008
7edb3edb58ed728240360a4fddd3464d2d0fc6597aefc62fe075913a64a262ad,305775025
728f0a191cc1bcc7e51588cfee034964b2c91849d1d2eeb4e85da8dcce4cf191,326885038
cc578416d64ce7a832da6617424558937d395826551f57724719b2ce14a51ccb,458925002
98825b33e9a24e5b3b0f34b9ef22a4d34f80647299bc8b15debd42b90ba7e212,373506026
dd2348884aff868c90d9200f17f89fa6c4e86d599425e17fb368c250fde151ba,465619005
e0ef1f0922c263fb189fe3fe54d6328b88eb5940e0f26ecb29d50bd398ae63b7,474123016
4909b1c0a0a701f6aaabfb4feed2fe193e77bd5baac784d674c7545ef2bedf6d,465655016
08cacb907ecb408cc456e3dd5444ed9cff78284d8d7b1d8f259b8a4bd008a5e7,487800052
bca456461c0f87361d310313a8282acabab16f27caf7c56652418f8366ad65e2,264984001
c8bca7142113327912567ab1c0104b9acca54c49d490518f05e736eca58dda97,362931025
8474aa696b9301c0773b8dcfc29fef0edcf048109fb8208ecd4cb05a8490a666,482660016
e20b9f97e49f6962f217aa9faf8ed568d54d8fd7b61e5d696379b9e2a63ba93f,186595001
577bc5bfb2a8d280292182def807f6359a477a20c434bf79aeb2421cf7166b9d,181448104
5daea8d2ea8eceb64ed8a29d92ab9c6e29af247dd35bec133fcf00292c431a3d,425683015
d9acdc0b30e33c617f7ff9b7a5a3c5a664ee40a5f0ea9fb8d1e16fe472e75db2,163734054
4ccc3de4a5f47591f8cb51be1ae1d99a50c97b38b9b4f62de896a412c1a1799c,479372001
7d8d8185401067eef750a5b06d44c52ceea3c4881b3e9952f6412a3087295bef,402065038
197f42c3b054a238c093dba1717f1a5ab41df19c72b17e6f5f6bd3411d4e537c,304576027
675f7ec9100012af282be34413e9ce6e52dc5f22930612e4a4d75c027c5fdbc0,485548002
5100536266d7eec8eb3eacaf1645bd09bff0ed16aed54a10f7e07fadc1f8b83c,194270002
bb42324b974ad601508eb7c49ab086fd4bcd2189b4a5e16a4e7dab9f1ebb8821,482130005
51796bb962194b043473757e0db202f7e3ca8d537764d7db05b5e4259aed77b2,442345026
07844c2a58fc152059c02c62f90cec8097c4902366968ad0cea957062252e758,380609023
7cdcc6da2139fcb283ef68f5e350ad8ad67af3b8a0e624680c0e1bf97a589857,470636062
ed9676d47fade542a36c457e78611ca26a84a74737ebc1cbdc8bf5e5e7cba1d7,396135044
e910338ddec9405984c763eaad9ff68f802352bf948f35e8ed17c0535db12490,482221006
0c6aefaf784c1f01eff6d9f6042964453d1cbeeb04306420924d83bd7edf96a7,459756009
47b6931ff26e61b2939fb6571c5f318a60606a2f52b2210e5dddd93f691eebc3,453445026
d29fe84243da306404f65491b7332de657dcb4d484e5c4a0410616333bef3af4,485240007
57b51086aa65cb28f07725413f5d783486f87a5832d6ae9508d9bccd20abe9dc,476315023
319923f8a6e9f6fed4dc52c40ca0687f2194dfe11dc61ac16cc5d873fda15396,349301029
8b8ec69c34888b598100f7755d6a99a0ddb55229895e177421ac6679e5c6b003,416175024
e8a0c4d70e0a13462158faa3701b5f7e27827e15f034b7d5351a6a140754f25b,372860001
def83fe211c52eb14ff3e54cf7410a83859d6b1767b9a667f47a18a46d0f0d02,212766046
ce8164fa665d9f208fa65678970b520d234eb95f6d980426ebe1d88a69436c34,351771044
c0572e59d0f640902f981db24bb9f31cead6b8958e9bf7bcd7a10e79b6342968,453028017
56b8414a7ab6e22efb7602b175b9b24c2cfac0b73de28cb3e788d531aa4c3148,404383012
e5dc6d532f4dae6c76c8284820146c279fd29ebd554609fcbaad32f4e9df89e8,473497002
7fb674126700d056435a4abf74abcfbe4f2c67a415e85e7c895b977b542d5bd9,453453026
e4c129d8ca8f0ce9b661fee22f30183f54e9acf2182578412dce236327b68f0f,394803004
61b945c102ed9679e2d0e2e8e925269802e8ed6711621f6174a75d682f54a367,472447001
aba3b9e532619ce3f4461a9ebe640594a52ba38a5038ab225c807a64b61214dd,464566006
ce9425066379a7eb2dcdad41e187389e5824a2d9b6c2fe61f71ee1e52dc82c87,477507011
61826b8d2ffdf48379a3ab0c82c82a8aa6cf9018e15a03d670d348c3c5c347c8,302334001
3f615267dd46725c7d2c53157984b45eefd0eced6941136ed798a9cb16e3bf62,420396005
1250b1b7174d407c721fb53d0d305bccae71ba01e6faaedbc0da90143202c1f9,266875001
d51c917be467b89d14199c4086f3dee8da002e3a91c0576ee5bdd6ad289b2b75,480581013
cdc6ae4cad4ad01eceda46ca3a18aa9b8682f909773571f14a411d73f5a80138,262277011
d79f1601d0cadc6fe6fcb2115ab76010cd37d8921086db2e2590b9b99e985b06,294008044
b9d10a9b9d937475b3fca9bf61c79b79bd8fe1a52ec5c99026955c4574364882,305584002
da62a6826c2f8b78cb013a8c2c1bf86efbd04aaa1f62735cddd68526eb9003ba,310365019
4d5ff405129ed1ee37324fca8b6281abd6c3053ac625b8195bbdf5af22c159fd,485691001
78e4453cc602647969d0b7705c78653db9a3d0ddc8c3714b89c49f6d034d100e,266873001
f289fe312cb3503c6203d3793bab5a25caf7276ca64e9ff83920e7d0844c0735,262277009
b9c13ef35ca54508e1af54125894976574c869a1ed462f4224007954a39d92e2,326885022
a27833798b9fe096c2c2708f84d6dd394701d59e615ef2979c2037951e100d2a,472320001
684682ab52a2135a489a11e7d8186b0145ae3e130e42c1945aed77f704860af2,315509020
8307f87e2894ab794bce9168c7a9cba1c6d9dfb868b9fbd4e1b6c30148d8d7b4,482660013
d62285d458d12526ed81f1277930375aa84e2ddf99fec9fc84242a47dde71d97,254940026
27aa6a0f00858ad118f55fe771b610064ce11e0cb6cc259da4195bf8292fb589,451380003
b884f57cc31cbe08e10b60f107fbdd1505ecb3e97155935344b9c26b9d9afad6,433275008
f295b6ae755d93ab900c3cf08547ac4bf4ef26f54e19c79d3a3df3aaca3c4999,189383001
bdcfd2eca0388b2ded9efd218069e8cef173ed487a138c148b90a8f4a7a10b43,237347017
5510e4da6f2c706adb25403c068b3fbbdaeb01cbb298132011fd00e7bed5f71d,257430036
e07bbc5c96cf57166c9255c7c16f3a3404383f277b0f3d27ad0fd1962771f176,321249007
0369837658384b56086c68cf1c5ed08ff1c672acd15ece56b78f69fa1a0f4e8c,464297033
6fd3da96b25a9b892b8eee401ff2379af70960eb5b7ca304b01333161b44b5f7,473954008
7f2ad0cbbf28316a4c145434d24aa2a0fe1cada82f4589b14d89ac4fe882c289,144993001
de9671f5fd8fde2c66561dad619d873e815bc0a494d070e26a96390cf837717e,345830029
4d14cba0f12360f96526da76d044a6c8c599b74a4a5954bb204aed01ca9b8f82,398074069
721fd8928f8e80f7c2b4cc56f191d219487d04658fb2ba6248e15883678e3cc9,485673033
764162b85170e30e1cc0b72adc70b3f601ef7130d128660d6eef718fb5c038fe,319906001
8a0c1c9a118896eef082b78b8f848806382973389d1f7fae76fa1c7ea0d84ac2,425217001
68780eed327d1ad376096ae790b8260c24f33bb7358b31b8d747d5af9cb4116f,479453001
cab6a221b35bd273bb74236f62de8d69ad7f5dff507adfffc84f195f44b92793,316441006
ecf3b51f0d9d31b7ce26f5145bb5d37b50bd8afd64215bdc8fe0f24ce0af2026,325542018
0a8b1ca2bc43008e00d86244890f4ae9509d2b9240ff37a5fa469623d1c82ded,440811026
2fe33ddef4211c557ee12610d8b163b296cef4c1bebac55c0d46a0e22f140f7e,218354020
c0c6e3a264b716cd9b4ae62bd87368bb126e075e8cb1df1aadece8e22c03e6c7,448262037
73b2d5607087f4ab7d8f57949c57ce60ac1d2635981856756eb6edb4ed6d27c1,457292010
556bfa2274ece4dbf627b917fbdb594d567f815e41b2b92d540e3d6d3a4d90cd,341909051
234b845627ce894918573949e1eaa237cfc237b6f5e61fbca15c40b6b76f152b,456032025
623ab458e3f628507248eab34903427748e4a4e9044d0a89576a34910229bc89,356289060
de453bc4230a89fd141c38492d17ac03cc80fe22805170a6cfc00a6794b136cb,413707014
dabd622f00a80b9f8da0f3e072dcc5498a7c33ff47381eb69a1522a9e43ac17e,235732026
c38d5a95c9d580d5241b59e5bf686d4792426af0cecc97e3b82b729717633f76,416905001
3b53d002e1fd2af5517757298396c0ef8d6a2cdb90c53c129ceb69c90f7c6f8f,451286002
075a707a538b6180f6f5aec300fe0213b767d5a88fad8b259a8b7f4bd5331312,485746011
355f8bc7fa1d0c4b3c98a5abb98a58c6c4ee4bc62eea9a2806aa74357fcaaae5,478992009
8829b6ae6b62e04551edcb38677dfbd10dfd8d53d77d6cf400ba27a0ad57cb38,449263003
c74f64c99ebdf2ab3f21018de76f8ec0853cb2c603fdc153a488d7bac5222ee5,411413002
48ca50d27feef8a9fc731037535f817e37af82031572137af8d43101d6f6dbd5,488012035
08b803b33953910b012dcd5589a432b8d9c241c118da360908be04deacd79471,361531002
ee20c0ef5feed3b7bde3c5890d7ae41bd773bf0d0baa46204f73ab30895d2d74,324963026
28a6c44947d7a5aaf9e3d3269a184da167f5ee4c35b69fb3f96e705edf2663f6,421387028
eef0e4b477dcc1ab37596b43069ea93df9cf470d0287dd31f94f79187fd52d68,278811006
7072413cffab7fd12d2fdc416db564b4fd8d4a6956ac30860aded425a1d3a360,326885051
9ae7e427f99ee86ca819760002d213eb6ac811cc1c80d4e10f107f0e9c4868eb,479227001
93f6c73f43e112465d73d183ab4d3f40803f135eb50ec853fe18a1c9cf30e19a,448262038
b9e428c5d0ee841aa98d025f2a3b40a2a76dbe1f07bee14cc2d6874e7b6f9315,458428037
2a6a1e858c5332ebd802dfb2f25912c7b74a62f3bc49ee43490206b31914dae7,377277024
82df6c3fccda5fb9516a7038881951b2418c0f4a73500dbeedc3dacb37c17af6,317812012
16ea9322bc28e0aebba309d65a2db560b6749cfe44e209e45f08a1c0f9635c22,392269014
756065a761b0091e5012ccbb41e05584691699648a9954a98c3f390e28b31ba5,375585024
480d390cb43bef9ab64a83d2f3dac7a6ec0057275d821b08771141911099f36c,456634016
0c704a9041aaed5e072cf7b6f5b32e98e3854b769f487c2d6b9b755b99cdd2ae,395730036
15f8b200ab123f25f1075c61ef18e8f19a3978d841984d221ca69fa8c50b7730,308158014
406346cfcbec426fcdb69f6dc9fa2bd944cef1c07100359a433be20a5232fd9f,327368019
a384db966cc60c7c1f85fb25de11a5adb012ada8ce21bd0cb0cfa69ec444ee45,463970031
98ee6c8c6312f6a0de43ec0bfec0f7a472aa5540a18ad31d60b60fef3013a56e,217207048
287acc214cc627f991f3e6f3ac02ab3e190a3cc2a3bdb562bd9be02ec6da2848,335896020
ee65f15327ad62a0e5e3e0d31f79ce0a01831cec737463adb6fd20ad0f07e652,318914017
68b5199db8cb3cea984a63b1f1e4b1ad24ab7f58166ed9d99c17fba5c125bb21,456163062
a3eae2588455284010f0d1e432523dc5af4d2bb51c88bc0d73a8e97490ab0f60,484767010
214b6df96947b1e365cf374b69b8fe64a9b881862a7bb636b3ff96ef5c0c4014,395619001
282076fb660a9984a9e3441fbf7ea4eb2d7bb90b529d03fa586e7cea2e48d313,355072004
65d26948aa84f0c68289d87b33571c14e353e2e8c39ff8974babdbe843a02992,453453014
47bf9765bdb23fd5bd78a50037724399f5500e0db892bb93cdb250d3ea9b0ded,474461035
2eea73a2d67ab3f9917d03d668f2426f222c12b561404f88d1946b34fce4ce80,217207048
4f42ee39588c599eec8a3deb08dc90aed86ad2ce94749f8668ff7a0a01869e89,395864068
82604dcae5749fcc1b46ab3c5eaa104ebe90057fc99b6664f3db81b4264a6d63,401729001
1bfd02e64899b7fd143032768c1c26293e764152691bcedde615b6c8ce73286e,423900048
0200775b1e95937f4711156d1eccaff5c8d7f7627ad6ac7aa941ed2ad28ab693,457292012
1a337d0980b46e983b1d7bd202aab0d458081946fc4ea30c232c2fdb694a7975,474461045
3d0ae70c9649ea3a2354fbaa7d4a1d9b9fe07eb8ae91ed4802c33425043c149a,487053002
1385e5f3a2d3dbd21237f91faf81254a6d96de31b07b0ba22ee7ac2c4eb675c8,466595026
246a2a7f165d53c5f0d30c1e9683da74e2c4d2798d502dddb06a7695b75e6867,355325003
1bca73c3e8a6059c715f388814f661ca66f1a72eeffd2e175d95a95e4bfa1839,458924013
48e368ee9f27c0817e9302348c930c49e97bb8c791bba1c300b35ade855a0f9a,378135033
868480cb6afc619b0c87fbd39bc5fb56b0b04c7a1b24650ebffb4d556aab803e,405636014
0a65bf5fca24d0db1a4572b1b054488a22c6b90617e82f293228e62f91bdb5f4,451380011
11eed34521514f9d3909b04ddae0663ddb004739ef83a39bbabf747a56ef3a40,293433047
c57c37d1c9876154d148b11b218a4587257df7aad099e579dd28763c5991d9b4,451720014
531437c6dca4e2c6f992a65e3263d44030b1e58dc078de0ec662ab56566f2729,433414010
cc65665457a3121b5aec080a006531453258664321273d9ded3c93af2afe3dde,333323043
045f7ea13a544cff39bcff4b296602f6beccc24d02f472f2dffc1fe1859252b1,488018002
bece2b6234bc9cb47570b492a3c906c30e2713ebc589b23db7a3cca61365c71b,442915007
b8aa2c8240e811208d5315236e104574077f81eba8eca947aa037a7dab311275,218354001
3031f6eee1fde42eba7e465aedb4c4fc7e460ec068d4def7c3d383ad79285c47,458393001
86eb504f08be24a6c6adb266ca8ab9106ecf563ee64d4a5137bae711fbcf7398,464695004
771af4656ec15c5301d5e963e973091a816a718351c6b95308b3ca0fd8e64b76,245348002
eb83b2d235432ef525ae497b60277d4acf723e874665b1389c0aa43bc61914ce,399136009
9e3ba3a92691f5c4988b6d9505115a4b04f822134f3e18158e800cb92e3c590c,428454002
a7ee12e6ff12182d06a26b924ab698e78e4ca4d46241fbc6fda21c35f698dedc,486182001
66421dcd7850566f714ac8e504da12e30617628f30b79c5f94fdeee7629b18b6,464848009
e6662a1ae027cf49422c488ce94fb2d98e6bbbfe4784ae82d3715a0e17f2bcec,465655016
bbd8d4400f8f9c11a74e7c26b6929458b5a8abec4c17d36e986f3c2655433c12,417773006
1c34373e52b8714011fac08c8bd519efce16c551afbc8b4df6b328b2395a82ad,309434014
102f28d2f1e22902abdf146d40a8c69cfdaebe365676d3780043b1408c115136,487050004
f9558e3bbead418277f191238eb7bcc48af7fb465704f27ed1a2c0e69a654036,301901001
a6bd78edb6c5825f931b5eb725d2cd68cc697d24e3b62b5b6d65c9f39fdd160b,395730043
ce638b4148af0c6002a183b26eea8ebbf9fedd158e542f8e88c7fc06077368b4,486329009
67e3a32859e122888e17de7835beaf49d9fa5a5cc220be125d522d4db2e01d0e,443000001
57d83a5986c8f05f4d2177981bf40cdc935df8ef59fa88d5833852adba3feb52,452898019
be45394e811e8c762fe7dc8abfe9aaa07b2c971f24a3c707c2752b05df878357,318035017
d5a20fc0e1a13427bead9ca912ab2214364d31a5bbff745eb94052ca7922fc6a,481110018
a9eaa1990dc2e52ccfe6c3ce51aedaa535bec22777f4117659c2f0f5d6bedd37,485973018
92b22b4b9b23927ac0054a91baeebf495da2b5b2184b17b5dc3a5a275d13dfc9,260736029
1d43c8f29e08df6bb671ffadec3154fa219ebb7402e515ef22cb9f156da2fdf0,445901009
78879aa2938a769d7dd7a7a1c65073aa8e772760757af3a7210565c9a110e259,364409038
07f0bbbfa712cfb08f256130e634a939350c94d7387f7c8f10eb5b82d288923f,327821026
0189d33679daba6a419a48794548addecadb2713a17b63f4057d8099b4c5fc7c,412043007
f6689b86bc34da8f5b3be8a0d8f0756a2ffa9500d9cc111df8d352d1387035a1,478298011
e4405ae9a88ab4723062cde4e9645355e59b983e9e711e11ed754726220f11ef,293433047
73f015a3d7a0cb2fc3d404084fed80b90b006101e293edb73a29fb78723f3740,485678055
025130c7af2cd95d60bf6b579581abe34c44ffbd6d892eb9da58d6c6f1607dca,449570053
d5480eb6e69180fe904ac415374f311a1c9297c81d45460261b9ed5eb53f9cbf,455925002
4d570dadb95ea61d70b644111f717346c541087f54e988bbe73712abc397e9cf,401044034
e1391894d7bbe6813d4d33b9c9ab8d500f6d9ce1d66b4252f20eb4fdb9dddef7,471714002
410e881cb581f4a2d496eb7786512019db754c06821fb33a39646c80595eb8d5,406724016
f1e1c5f2a69912930d888489540a809f3d1abe295055d7358b3a5044b58efbfc,485544020
db5d4baa7e295d8e63e63ab68747333290e661180940dbdb07047233233b8a33,485544020
178ecf1e856bd60403cb6e60abdf7579f659b10eafe65acac5ae85304169c0b1,254303055
cb23bf748585d10a51b2da15cb8ffdcd48d687da69f907ae30046695ad53c125,342345026
f5bb572a1c8deb1b386b2642a981830da5028b37289f0ac15991bc332c6e35e9,443696011
151ec849536ed49cd0dda70a8e7ee8c561cf85fe49f46ddd543ad6f1644c063d,487206015
75d601e7e7dab6b29750524ed44d8914aa6bde05b49b353f26481b7256d0c10c,445400008
9c3557308a27e6958c3a08e7845607868103ffce3a2c8af7255045253475e280,424470005
fc6b2919064d1b1e854e99331cfab56a373cfc9442826c5d2e284eb5aed248fd,483290003
3831b27d31b20556e1b6673f47d0412224b073e48d5f0812724e2015e2632398,356438017
deb3e97846f2e53ef3d8fd80be44df111281afec3ca2ebb6c54f46e4669bcb9a,293244002
10ae4b4e092550a242623ba11ab7577156eccba9920ba749cc0814bd34692466,315987004
76d55bccf2ffe28b38d9b2e3d976c86048520de1d067d9dd2a5d17c418437832,408647009
6b9b04bcfd08796fb5f7725d5660c1153b91b2703c36689ee9e4461a19494574,372860024
25d9cb66843154c1b4be51443c8f2341569f88ac46fa171c6d668e095894b122,453309011
a2bf03b50f4f47c9638f35c73ceca40419dc60d0f37b9f6d738d56b68db074cd,477163017
a8f802186084993787ceb8c32c1a6c0501deda594b930e303af22bda7798e568,439285001
7bd71325ba02b15679d0da5a32d04b3d78688e5971fc410d828165bea91bc75d,318035025
ac1725a30c68e571d6500c6e7f750acddac01cd76b09ea07e6e8148854935f99,487205007
13ac5a2c95ad967afd803adc4ac807d96085d0cf2ebfc9c7e47ed808a1cba3e1,401020005
e37fe75255c6c42d63c633dfb9b4fdc6213b9b41844793485b13f12881e118c2,126589007
3d475af1b6e47d2c257a96955a4304a219ac6ab3079b0c1d8fa9cce8d2c7b5bf,485549014
75d601e7e7dab6b29750524ed44d8914aa6bde05b49b353f26481b7256d0c10c,399087028
5127a4f5267e271d21d87d8a6940b6146ea5781a2823275f0ad1b8503d71a1d3,212766041
3d24dc2ead1430500228ceffdf5cbf45ff50f60a01255c1747d2d52941324a8e,403448007
acd1377b2a07238cad189259b7c79eb9d6899b75da33e112136f2bfb662f2e8f,394803004
0e2680a609f861f7ed2991d2fd653f4194bcf00413f362f672dfd83a9cbd02e4,443860013
db62f00b67981c865a714f054c1077d3f3cd6e54aab7fcd5b96f580fc622c338,411569001
9622920408ab0db261ed2e2a6db0dd7ae1aa87871d8ce20995b1712873b01cce,476122001
ed46486647d9c6bf3513abdc671e08f8cb7b202bc8337bc4364c0377c6cb24d0,413911001
de4ef6527d313148d487b0e4d3796336a7ba06f6423ffabf6927ba1385094ac7,436570025
900d42bfb9daa11a80291d421d3f28e4e294c0731f59da4c064e4019fcbd0cd2,487262004
1f6fb6bb8bf13ed472cc73c71e8b165019cf295fb61e33a112fac359934427cf,300024063
a97fbf5d5b75d25e2574bea611c6667414ae8650f42d2e83f1163d0ca4d4047a,482031029
6c93490f5ea3f3e572ba60ba67e0ecde04809911a926e81de239e186ea68a4a6,373493008
dc5779ccbdfbc8de5d16102f7ab7d15f11585a75e45434ef231194303ce6956f,241412038
77cc630a752cbb92132d717b916aa4f3c842fcf2b3cd6abed318503653fe727d,316441011
61bd1124965fc56feebb4a65f6039865eb16ba5bde3a6c859f35ac6f73d9a9d8,485673024
abe77232245ef9ff49526f18e514f0e871225f6b0def4a27d7c5deb48ff1743b,111565001
da5e6d9fb5ae7549788991ae5c724ca789aa6881f76ea14b009af9f97d0a397f,317055012
ac591ac6ed5dc15a3fe944102396bb911d0a5a7de11e0db3e13da16c1321310e,475827018
2654f59b9aae53f0af626939ac7b93746be6eaa71d9c1e51ed87b7cff4aaca7c,395127012
f42bd512e0df4c50f93c45c960eec7dca5475dcf310e3e57727796f86bcf5f93,224521007
ee49b0bcb2aab22d53e464877e367c9b157f5c60201da581efa9af9c3f064f0c,446367002
2486280e8f22fa58a7486104ff03d6726e1a4fedb7a848a596686486e8ddecab,368038002
e884eb1825e07c022e86f1641c774f15e8336988b930acc7786d1505d370586d,457412049
983fb36c00a9884671ef9b5ebb273745e935a640350122cb6cf8ddbba8d0f377,393447010
66cab2018834550d693b5ca911e0bb8db540fc134e951efb98b625027415c662,366686025
29e123da60139d82dc55cac4f6a4dc3bd711be7af4b1364e0a93077ffa06cd03,228257005
ce584f5354330dd64dd28c64e4291d9bcb2ab9d68a0302c9981d4c380cef75a3,487800027
5c04719cb6c4a257d89c651f580e8d3840d5c8f9edd4b0817e1278b11c2c7e67,448509027
e5dc6d532f4dae6c76c8284820146c279fd29ebd554609fcbaad32f4e9df89e8,462435017
e96cf9967b98172f0111090498f8a897d49e7f045f250243312686c3fa03d658,472064022
5a922de9f7d847874654e5e2df7466b5a80a81156ede4dced2999ebf12aad4a5,401020005
ba01d1394cd1ac7d8abecc7ac96f5e3f9ff79219b10815025ae2f7d79c56ecd3,335037005
b6dfee7ab3a2071f3ba1a9748c183ca20ec02cfae1b2a05d56eefbc7b67642ab,485688020
ccbe788f30f4b96f09ebd7101e9bef78a1f32f7824a8f543d0466c2bc589fe49,240670060
45e68ba76bfff7c5ebb79e1a8b3032c231a5cd831a48883c2889eec76fe45c09,445419008
e7c6b6482fcab5c7638006c8f18dfe4fd965e918d0c13536e994de5b2926ee48,319906009
6d1f7df8c997c442cd8c3862369826bae206b3a32366a1eb12a162e39ec6febb,485689017
7b19e7d788647c4e3208f22d9f44210fef01a38514403f6999bc72d1b5ebb810,485683007
1bbb145f7bc420dc64d5e7dba3e15529c654f13bc46189681073b7783c4ab29e,244853036
568b35523036d47c190b7b900b32a79a74293a7e6945b4923e81d7652c1b9d41,268450035
3680e94361709c0d64118634e50f1035fffa8f045357db4d2cd41927b0522a43,406724017
98430b293ef1cbfa8adbd7c6e218b7cbb4a5581440a1537309344ab58be23039,484398071
3236832157ccbff301d1c6db0be2225fd7780c1c21cf622fe0f7c90f6e978d29,217727003
53c2685a64ae65cb4b6c3bdb9320cf88b5f66c059dd724623bc3ffb9807b069f,397807002
5bb3cca15f8695a7187c936078800ebeaf9a7ec8305edd667292f25acfbb9902,451720011
e9a2c0659c969c10b0a473d2369217b06ce5b75f0d33a7f494b06672ce95c66a,449570067
2934e7bd1071894afbf3578cfc98359f02512d028e57301aef21b070daf30e63,472243006
aaf25712c61371a5b21a82aad64a76f8d14223b770dbdf0033ecb6877800b4c9,316657010
a232b5db66acd66a061efc8fcb09bf5adfb00b2eae4deef58fc044a048a3bcf9,477576021
f30ba98af9f32b0b15d8a27bdbbf03dede347968b8f5bb4d0267970ac53031c8,368038004
21fc76d2afc894ec6fee7afbcce77f5c82f4697a067fb3e2693e3d4aec3c8f8e,425683015
9767e12dde6125704b044f6f24d780146191324b897083e2bbbff08e958e95c3,451720010
c3ef98838d51391aa8349a442becd0de414204f2f0083e85065e284fd4d40f69,404864030
aa4fb4c668657ba3f057726ddcc900b6c52173fddb6c2008b9b46e0ff3585c5c,484205009
20c83671ec38bb3c61e14cd95b0cebabe20a2e8356ba829287721541353a3578,486329006
3c9a9f0136af5d86579c35c831b3c08ef9cfdb1143e081056f5547557bc16eeb,453453028
34ad00a368cdbf6fa576e1a5d6c1617f0b1f2bfe75546c2250db408d26fdaf58,478992008
17969e4ed3083d23ac31a19f040852341fe29ea03c12462eae2c53a35af3f9b2,482216001
04f4e99383e71a1f72cd6d7c87ef771631e0dfd2998217de0273266cbc081f8c,469137017
c7ab3699bdb435e95614b6e9867db35c298bc9c7d862a8a7ea686edfe556e8b2,470636041
9e70c804ca4f300999e76ff3e1a9d0d3f248031b81203827d7fe4b4b1df01c9a,479095014
b3666c7747eb7584baf5c0e4fbe2e50894c8df26901b1455911c786deedbeb9f,398814002
056c0958373cabfa056b41d894b57633418ffb8406bba98d71fb049eb2b6f059,262277011
97498f18f46f9d986d5eb4f6ce500d6f39052adb58b36f002aea5f4ba2a26c66,469137011
b9377172b8e8a4f6468b2221e6ee289d6a96ebc707c9c24638abca31b061d851,469039019
4bc9cd91c9c068d5df9a0b96d8e92f63bf73c3fd796af98c3a20a06a41c960b6,477163013
9b745bf60391f9e7ee12b69708ab6c8f7032069559dd38a0521f2b4f78c6974d,349301014
612937083b0e99233410c035e8793cc1d0ed448d498a22652d7f0585c8c02054,480581011
08c2ce979fad01b579c5a648c37d0bdf1164c1ba2c29a7dd901d99f563407b84,326885016
9e41fc385e4495e7407f4829f579e53d4813beba2c8412e1fdde83f5371b65ed,316471020
c7b0abd7cbd81345bb84f111c3da592fd244fa4ae57b81da82237990cef657e0,241412037
dcd1cb2370efe76964f5ce906fe1456dd1cc755a08ec25fd22f3d86e1b75fbbe,111593001
9f57de6b653e69f1093a939746321fceb65ae8c8d2d8072601ba61cf9c55753f,469658022
03023b630d51f53fcfebbbb0182e20a51de1b0463a85e9b5eef540ceefa95434,467191004
cae81558619939aca69d0336d60db0450767fe66adbc6e9eaf29c6122a7a26a5,468480031
0b1d39b2749277587d89ff405faf81762459617a6d13a023b8bed8b487628e01,200761022
cab6cf40a39ff4c11b8edb6d2cf744f30b54dfa7fefe287c94127c4162726860,480576008
7b77d349cf9bde7ed08f361c36994d23d2886aa6f922a64d6951fd039d4f13c1,443860027
8427d135e1d906ae4d24f080ce5d09217fb00f6f34e04a82edaa07218f394675,331474027
2c8bf09700c2997b2131bc8bd71312ac1cadfaefbc500a15aa41e365ead194a6,454008003
5c0f32efc70ee8a1efdb636d14815c17dc72d627d7fb84f55c7d49abe174def2,448509015
7ac9331b35544275cecd4ba85f888fed5547bba83a3ff6c8fc55ea9db8068774,399087019
773799f68a156ec3e442d69405545660f0663491a73085bd7bf1216d59d39b48,301213014
5b55b8597c423c5c811bf23a44513665d385a5506e0e9f1c0d321526b407c776,405636030
f8449011deb338750b75c4dfa8b2df1ec4eaea94394e9f6b7d04c0952d0ac0ef,411974005
c6e673c994e46c4b02bd58ddaab8cde17081aa2a22d23a7e41b7af2dadb83033,204892029
4d03afc377d0b6b153edddf297be75543f973e0471cba53c4a8ef24be4897eeb,344956021
c7a3dfd2761da9b3439108a9c9a104c98a321034e4beb8f226922333af1d9152,455014013
2e75a1f55c588676036f4ad739ebc4ac4d6fdef6defedc479e0da1338f593029,449123052
cac189d267790ff9740d0e7ffd1bd006c8c3f370f5940a51cb7559035191601e,470789013
e3ee412bcfbc1ecbddd84f0d10d7edc9b2ef792e81870f7c5303890845c78359,478549005
133e8f5b5bc290d063b1cce066d6769e8a1f744d430ba1f8ee05547dd0d98adc,458393012
56e07d89b2c76d306b5eb20a6ee57c3d3a429f520f14512786dc28ba30fc3302,452851033
fbde2228ad7d148c91af0e10b5761449df8793b8cf7833817dda08017394d535,462435016
2a6a1e858c5332ebd802dfb2f25912c7b74a62f3bc49ee43490206b31914dae7,464695018
3091a8d3c75e0993dfe683c8316c3f23dbdeb1c7801988d6170d57049240dd70,453272029
5bc3355a0edacad798bed8a6275ba9e1a94832609d628f86a7ff886bbbf0d2bc,433414034
d3a6baa0ce7758d55147a051a07bef4493bf4586cf2b5af9f29fa21f5e4815b2,179950017
5c7f825e317f8a57f0af28ec2bd69e56c27e7211cfc819dae0c035871684c359,468695015
0d26c0847f00a56c0db50b2fd432af9a0a223753efa8b2fb584a6fa7c5cdb7a8,268305001
2753f5fa6242b3f103da39982e4e68cd1267c77db5e385eaf67d6177c96d18a3,403490012
470d2f61d7ebd33facebe6bb79cbb832a41b28f4583b0e35c6068ea9d6e511cd,401902008
eeb119bb134c6294a931a2a06ab8d1394631d59bb9c74d05fe075417af064228,203595058
a7a0b5edb39c479bbb842b1e696743c351ab3186e999516426d10d88a5f8ed27,179393001
2dc64918ce8a145003191e336f4316b203669c8854dfbfcf00e629e48439565f,447201005
6b6ad25b2ab73bf641122408e3173ddf091df3acfed325a5450614d0bc43ad6c,373506026
